patient_id,name,age,gender,height_cm,weight_kg,blood_group,phone_no,abha_id,district,region_village,registered_date
P00001,Senthil Murugan,52,M,166.0,68.3,AB+,+917013999315,13389083863794,Chennai,Royapuram,2026-07-14
P00002,Selvam Naidu,66,M,165.3,57.9,B+,+918055176955,11615594078161,Chennai,Royapuram,2026-06-28
P00003,Divya Krishnan,49,F,145.2,68.2,B-,+919020709497,31647525534192,Chennai,Royapuram,2026-07-16
P00004,Senthil Gounder,19,M,169.0,75.0,O-,+917040742311,05641395376724,Chennai,Royapuram,2026-07-30
P00005,Kumar Velu,38,M,175.3,63.7,O-,+918028566572,87101226916697,Chennai,Royapuram,2026-07-28
P00006,Meena Shanmugam,61,F,170.6,53.7,O+,+919024972279,46270482814893,Chennai,Royapuram,2026-06-01
P00007,Arun Rajan,30,M,168.4,91.0,AB-,+917025014631,54303911718227,Chennai,Royapuram,2026-07-29
P00008,Dinesh Shanmugam,26,M,163.5,89.2,B-,+919063551839,57871331509839,Chennai,Royapuram,2026-06-28
P00009,Selvam Murugan,66,M,165.6,69.2,B-,+919099788677,73829973763116,Chennai,Royapuram,2026-06-03
P00010,Lakshmi Pillai,40,F,147.0,64.2,A+,+919855540424,13338726247317,Chennai,Royapuram,2026-07-17
P00011,Praveen Nair,95,M,174.5,81.3,AB+,+919874606833,36026064746872,Chennai,Royapuram,2026-07-30
P00012,Senthil Krishnan,1,M,158.9,95.2,O-,+917016729990,97882081219136,Chennai,Royapuram,2026-07-08
P00013,Ashok Perumal,59,M,161.3,62.0,O-,+919037415205,53462475107991,Chennai,Royapuram,2026-06-06
P00014,Bala Murugan,35,M,155.8,61.7,B-,+919048250360,27849808412411,Chennai,Royapuram,2026-06-09
P00015,Saravanan Perumal,34,M,175.8,63.4,AB-,+919016818112,16400524278680,Chennai,Royapuram,2026-07-11
P00016,Vignesh Shanmugam,26,M,179.8,76.3,A+,+919088183110,82620450533158,Chennai,Royapuram,2026-07-28
P00017,Anitha Sundaram,67,F,152.8,65.9,A+,+918054585178,63421607337543,Chennai,Royapuram,2026-06-11
P00018,Saravanan Murugan,32,M,170.2,66.2,O+,+919096098221,86850142940196,Chennai,Royapuram,2026-06-22
P00019,Sowmya Chettiar,35,F,148.1,46.7,O+,+917068526649,08835615951484,Chennai,Royapuram,2026-06-25
P00020,Kavya Chettiar,24,F,149.3,74.5,AB+,+919833357554,99468044369957,Chennai,Royapuram,2026-07-06
P00021,Anitha Murugan,26,F,157.0,32.5,O+,+919022534217,34332003791769,Chennai,Royapuram,2026-07-21
P00022,Praveen Iyer,44,M,163.4,53.4,A+,+917067062156,32870831727889,Chennai,Royapuram,2026-06-26
P00023,Vidya Shanmugam,74,F,149.8,43.5,AB-,+918073709724,74348734714345,Chennai,Royapuram,2026-07-03
P00024,Revathi Velu,19,F,157.6,54.9,B+,+918018620650,66587603669096,Chennai,Royapuram,2026-06-10
P00025,Vidya Shanmugam,54,F,155.3,58.5,B-,+919839450273,46706562729806,Chennai,Royapuram,2026-07-24
P00026,Elango Nair,2,M,172.3,71.4,A+,+919060882459,53755646417080,Chennai,Royapuram,2026-07-26
P00027,Revathi Chettiar,39,F,158.0,61.3,A+,+918042016960,27193745299124,Chennai,Royapuram,2026-06-02
P00028,Naveen Velu,36,M,148.8,51.9,B-,+917089470029,31491905865185,Chennai,Royapuram,2026-07-07
P00029,Elango Iyer,57,M,152.9,89.1,AB+,+918080027662,49877694531473,Chennai,Royapuram,2026-07-11
P00030,Priya Balasubramaniam,66,F,144.2,50.4,O-,+918075437844,35454948083136,Chennai,Royapuram,2026-06-22
P00031,Priya Murugan,25,F,153.0,39.3,O+,+918064277800,34957885685574,Chennai,Royapuram,2026-06-29
P00032,Kalaivani Pillai,42,F,155.0,64.1,B+,+918039042654,74989413435240,Chennai,Royapuram,2026-06-13
P00033,Gopal Pillai,30,M,186.4,47.5,A+,+919073001391,77520471167190,Chennai,Royapuram,2026-06-09
P00034,Suresh Gounder,28,M,171.1,77.4,A-,+919891378577,99386774964990,Chennai,Royapuram,2026-06-20
P00035,Praveen Nair,49,M,163.2,69.3,A-,+918010359129,67974034471349,Chennai,Royapuram,2026-06-11
P00036,Vignesh Naidu,63,M,156.1,71.8,B+,+917018004482,24994717464887,Chennai,Royapuram,2026-07-12
P00037,Priya Murugan,42,F,156.1,48.4,B-,+917046173157,90278742967175,Chennai,Royapuram,2026-06-17
P00038,Anitha Rajan,44,F,149.0,73.5,AB+,+919848683937,68071545168087,Chennai,Royapuram,2026-07-25
P00039,Lakshmi Chettiar,58,F,158.2,47.9,O+,+918048658617,77109324808613,Chennai,Royapuram,2026-06-29
P00040,Vignesh Balasubramaniam,23,M,161.1,66.4,O+,+919065766169,77378263982146,Chennai,Royapuram,2026-07-24
P00041,Sowmya Balasubramaniam,57,F,151.2,62.2,B+,+919882287061,75588675339636,Chennai,Royapuram,2026-06-20
P00042,Naveen Velu,24,M,161.2,77.4,B+,+919814968688,28951718702621,Chennai,Royapuram,2026-07-29
P00043,Kalaivani Shanmugam,40,F,148.8,49.4,AB+,+919094127561,78091343161172,Chennai,Royapuram,2026-06-06
P00044,Lakshmi Reddy,25,F,157.0,55.9,O-,+919067805802,23869222196937,Chennai,Royapuram,2026-07-21
P00045,Elango Reddy,40,M,176.3,47.8,B+,+917069287967,59464743671369,Chennai,Royapuram,2026-07-28
P00046,Priya Velu,44,F,132.6,41.0,O+,+917085957706,09743953394210,Chennai,Royapuram,2026-06-19
P00047,Nithya Rajan,39,F,153.0,53.8,AB+,+918036950221,28588424745171,Chennai,Royapuram,2026-07-29
P00048,Naveen Shanmugam,45,M,165.1,56.4,O-,+917062958901,04817549651370,Chennai,Royapuram,2026-07-14
P00049,Nithya Sundaram,48,F,152.1,78.6,A-,+918016086345,04711382675869,Chennai,Royapuram,2026-07-29
P00050,Gopal Sundaram,50,M,173.8,53.5,O+,+917059731689,37735158506431,Chennai,Royapuram,2026-07-24
P00051,Kalaivani Gounder,48,F,158.0,37.6,B+,+918019208698,83933529042284,Chennai,Royapuram,2026-06-04
P00052,Arun Subramaniam,1,M,177.4,80.3,B-,+919012118101,24026811775891,Chennai,Royapuram,2026-06-09
P00053,Malar Reddy,1,F,154.5,78.2,AB-,+917018163847,76617711592124,Chennai,Royapuram,2026-07-26
P00054,Sangeetha Perumal,46,F,147.1,69.0,AB+,+917025356396,83673657661565,Chennai,Royapuram,2026-06-19
P00055,Divya Murugan,30,F,158.3,62.0,AB+,+917060015814,28098851656049,Chennai,Royapuram,2026-07-24
P00056,Kavya Balasubramaniam,34,F,148.7,70.7,B-,+917056991504,85149368998094,Chennai,Royapuram,2026-06-14
P00057,Ramesh Iyer,49,M,176.3,61.0,AB+,+917029042093,01836675254599,Chennai,Royapuram,2026-06-01
P00058,Prakash Krishnan,53,M,168.5,60.3,A-,+919069473616,67976438156149,Chennai,Royapuram,2026-07-19
P00059,Priya Chettiar,22,F,153.8,64.4,O+,+918028419343,44510762268388,Chennai,Royapuram,2026-06-04
P00060,Vidya Raman,89,F,169.3,68.4,AB-,+917052018286,96966416052975,Chennai,Royapuram,2026-06-03
P00061,Naveen Reddy,30,M,166.5,53.8,O-,+918054703713,21818835523124,Chennai,Royapuram,2026-06-06
P00062,Suresh Nair,45,M,167.1,71.1,AB-,+919885663295,97995527177449,Chennai,Royapuram,2026-07-19
P00063,Muthu Murugan,33,M,167.5,61.8,A-,+919872104107,98079359782071,Chennai,Royapuram,2026-06-24
P00064,Anitha Krishnan,39,F,158.3,57.4,B-,+919868978194,88925546659051,Chennai,Royapuram,2026-07-12
P00065,Yamuna Iyer,60,F,161.7,53.9,O-,+917088213973,25462914865281,Chennai,Royapuram,2026-07-13
P00066,Anitha Chettiar,66,F,153.5,57.9,O-,+919835770506,32214188805929,Chennai,Royapuram,2026-06-20
P00067,Anitha Natarajan,44,F,159.2,52.1,A+,+919858895439,37947383473597,Chennai,Royapuram,2026-07-28
P00068,Malar Sundaram,14,F,156.7,37.3,B+,+918091156554,24075818141247,Chennai,Royapuram,2026-07-03
P00069,Bala Raman,41,M,161.9,83.7,AB+,+917063211150,85361530515220,Chennai,Royapuram,2026-07-27
P00070,Kavya Balasubramaniam,20,F,162.9,51.3,AB-,+917020633503,04328986143410,Chennai,Royapuram,2026-07-24
P00071,Gopal Shanmugam,9,M,171.9,59.4,A+,+918029270557,46095396218518,Chennai,Royapuram,2026-07-28
P00072,Naveen Subramaniam,40,M,158.0,73.6,O+,+917057928328,15319520585277,Chennai,Royapuram,2026-07-11
P00073,Dinesh Krishnan,40,M,162.3,67.2,B-,+917052358553,48687403450541,Chennai,Royapuram,2026-06-19
P00074,Radha Rajan,18,F,147.5,62.7,B+,+919876776459,58416169284511,Chennai,Royapuram,2026-06-29
P00075,Sangeetha Subramaniam,29,F,149.2,47.9,AB-,+917057319709,96401658202970,Chennai,Royapuram,2026-07-15
P00076,Bala Velu,26,M,177.7,73.5,A+,+918070387584,55719285654310,Chennai,Royapuram,2026-06-24
P00077,Elango Chettiar,20,M,165.0,56.3,O+,+919836867482,12172715518844,Chennai,Royapuram,2026-06-17
P00078,Ramesh Subramaniam,32,M,160.6,38.3,B-,+917036975128,23705895782911,Chennai,Royapuram,2026-07-11
P00079,Sowmya Murugan,15,F,162.6,45.8,B+,+919096213226,17785289226801,Chennai,Royapuram,2026-06-27
P00080,Praveen Subramaniam,40,M,163.4,71.7,O+,+917043635675,38424981829922,Chennai,Royapuram,2026-07-30
P00081,Sowmya Naidu,50,F,146.4,59.3,B-,+919892961108,07844736471027,Chennai,Royapuram,2026-06-03
P00082,Kavya Rajan,34,F,149.6,58.8,O-,+919063514837,25881537147321,Chennai,Royapuram,2026-07-09
P00083,Ramesh Rajan,33,M,172.6,58.2,O-,+918031386576,78774701687339,Chennai,Royapuram,2026-07-26
P00084,Padma Reddy,28,F,161.2,60.9,A+,+917067838146,24565060983584,Chennai,Royapuram,2026-07-09
P00085,Prakash Pillai,23,M,170.7,43.7,B+,+917062868861,55852398680002,Chennai,Royapuram,2026-07-10
P00086,Yamuna Perumal,27,F,158.2,44.3,B+,+919092284610,52694958887947,Chennai,Royapuram,2026-06-10
P00087,Arun Balasubramaniam,19,M,173.8,80.8,O+,+918016892773,97289623091307,Chennai,Royapuram,2026-07-21
P00088,Vidya Perumal,34,F,147.8,64.0,AB-,+917028533117,83857865278585,Chennai,Royapuram,2026-06-14
P00089,Nithya Reddy,28,F,151.7,58.3,B-,+919852552488,75844198665240,Chennai,Royapuram,2026-06-15
P00090,Sangeetha Naidu,60,F,158.1,56.7,AB-,+918037121108,84842199330833,Chennai,Royapuram,2026-07-30
P00091,Arun Shanmugam,51,M,169.2,47.1,B+,+919897629787,77345401938026,Chennai,Royapuram,2026-06-09
P00092,Naveen Balasubramaniam,42,M,167.0,63.7,B+,+919015028625,04991547887287,Chennai,Royapuram,2026-07-24
P00093,Anitha Raman,41,F,158.7,64.9,O-,+919086206305,32966851612275,Chennai,Royapuram,2026-06-17
P00094,Saravanan Rajan,55,M,172.9,65.5,O+,+917045105069,53017426841459,Chennai,Royapuram,2026-06-29
P00095,Bala Sundaram,39,M,169.2,76.4,AB-,+918043214247,91878519108839,Chennai,Royapuram,2026-07-09
P00096,Manoj Chettiar,62,M,173.0,85.2,AB-,+917078501420,70728679087406,Chennai,Royapuram,2026-06-29
P00097,Divya Shanmugam,50,F,142.9,54.8,A+,+917073360324,04622656766182,Chennai,Royapuram,2026-06-23
P00098,Malar Iyer,35,F,173.5,83.6,B-,+917013051483,47868633752431,Chennai,Royapuram,2026-06-26
P00099,Praveen Chettiar,44,M,157.2,67.5,A-,+917089717834,07903067383028,Chennai,Royapuram,2026-06-02
P00100,Kalaivani Rajan,1,F,156.8,84.6,B-,+919029228089,83644089268705,Chennai,Royapuram,2026-07-07
P00101,Anitha Shanmugam,41,F,148.2,52.1,AB-,+918040245233,42708668826343,Chennai,Royapuram,2026-06-25
P00102,Uma Murugan,43,F,144.1,36.4,B-,+917046032304,69901398373540,Chennai,Royapuram,2026-07-25
P00103,Praveen Chettiar,80,M,157.1,100.0,AB+,+918084098828,54678544587717,Chennai,Royapuram,2026-07-01
P00104,Lakshmi Gounder,85,F,161.6,52.1,B+,+917045000508,89964235369378,Chennai,Royapuram,2026-06-27
P00105,Sangeetha Nair,36,F,169.8,74.8,O-,+918028784915,87280801006231,Chennai,Royapuram,2026-07-02
P00106,Karthik Balasubramaniam,32,M,174.5,65.8,AB-,+917010887495,88600848408621,Chennai,Royapuram,2026-06-24
P00107,Saravanan Velu,24,M,164.1,58.3,A-,+919064496076,79334101666870,Chennai,Royapuram,2026-06-23
P00108,Ashok Rajan,28,M,164.0,60.2,A-,+917040838737,39740148902503,Chennai,Royapuram,2026-07-25
P00109,Kumar Gounder,38,M,152.4,61.1,AB+,+919061518966,21850163159996,Chennai,Royapuram,2026-06-11
P00110,Padma Gounder,42,F,161.3,59.8,O-,+919867961650,29619431142626,Chennai,Royapuram,2026-06-29
P00111,Suganya Pillai,32,F,157.7,70.2,B+,+917035151299,67888610158199,Chennai,Royapuram,2026-07-19
P00112,Radha Murugan,31,F,155.8,56.6,B-,+918061100987,22444721264647,Chennai,Royapuram,2026-06-27
P00113,Dinesh Natarajan,10,M,179.7,62.4,A-,+918050890504,06596575692459,Chennai,Royapuram,2026-07-10
P00114,Selvam Reddy,17,M,160.0,66.0,AB-,+918053739710,64651939828073,Chennai,Royapuram,2026-06-26
P00115,Vidya Balasubramaniam,48,F,140.6,79.1,B+,+919042483531,42661797968868,Chennai,Royapuram,2026-07-21
P00116,Senthil Murugan,52,M,166.9,54.0,A-,+918098261798,52909656101438,Chennai,Royapuram,2026-07-28
P00117,Vignesh Subramaniam,21,M,167.7,67.2,A+,+919824032377,46112545738757,Chennai,Royapuram,2026-07-03
P00118,Suresh Reddy,14,M,153.6,72.0,A+,+917013031322,51238282586736,Chennai,Royapuram,2026-06-21
P00119,Dinesh Natarajan,48,M,175.8,49.5,AB+,+919810597274,33419182553714,Chennai,Royapuram,2026-07-27
P00120,Radha Velu,55,F,143.8,55.0,A-,+919057242616,79249912513412,Chennai,Royapuram,2026-07-09
P00121,Vidya Nair,30,F,146.0,52.3,AB-,+918084479105,27422579050723,Chennai,Royapuram,2026-06-25
P00122,Vidya Balasubramaniam,42,F,164.2,54.8,AB+,+919875592138,21903404384279,Chennai,Royapuram,2026-07-02
P00123,Uma Shanmugam,29,F,153.8,73.6,A+,+919883330295,36134074517133,Chennai,Royapuram,2026-07-23
P00124,Anitha Iyer,58,F,162.1,45.4,B-,+918017966873,95849825449481,Chennai,Royapuram,2026-06-28
P00125,Vignesh Iyer,68,M,161.7,97.7,B-,+918053231088,36729466711684,Chennai,Royapuram,2026-07-26
P00126,Priya Murugan,10,F,146.1,61.9,AB-,+919018500100,86363745458929,Chennai,Royapuram,2026-07-08
P00127,Sangeetha Raman,47,F,138.5,58.3,A-,+918069228397,70632424154152,Chennai,Royapuram,2026-07-11
P00128,Praveen Sundaram,32,M,159.6,71.2,A-,+917010145801,37129387005162,Chennai,Royapuram,2026-07-15
P00129,Uma Reddy,53,F,158.4,57.3,B+,+919827870584,21890927532697,Chennai,Royapuram,2026-06-21
P00130,Manoj Velu,29,M,168.1,67.9,O-,+919852211967,23413899940438,Chennai,Royapuram,2026-07-19
P00131,Gopal Velu,37,M,158.3,89.1,A-,+918077052833,91805526965827,Chennai,Royapuram,2026-06-16
P00132,Dinesh Krishnan,50,M,168.0,65.5,A+,+919877996124,48666188924141,Chennai,Royapuram,2026-06-17
P00133,Suresh Reddy,48,M,164.3,57.6,AB+,+918017772004,31617990421020,Chennai,Royapuram,2026-07-19
P00134,Saravanan Nair,59,M,157.6,65.2,O-,+918046072958,10564814917785,Chennai,Royapuram,2026-07-04
P00135,Kumar Pillai,14,M,165.0,58.8,B-,+917015910667,03075622086353,Chennai,Royapuram,2026-06-07
P00136,Divya Subramaniam,48,F,161.1,52.7,A-,+917034071191,38061744518705,Chennai,Royapuram,2026-07-23
P00137,Kumar Balasubramaniam,29,M,178.5,64.4,B-,+918030208677,06038505064138,Chennai,Royapuram,2026-06-24
P00138,Saravanan Murugan,24,M,147.1,79.8,A+,+918079760901,65719182619906,Chennai,Royapuram,2026-06-10
P00139,Selvam Rajan,39,M,171.2,56.4,AB-,+919041354768,13291212775618,Chennai,Royapuram,2026-07-15
P00140,Sangeetha Naidu,67,F,160.3,56.2,A-,+917031154777,49035213568044,Chennai,Royapuram,2026-06-20
P00141,Manoj Natarajan,55,M,166.6,46.0,A-,+918026301180,00323651994101,Chennai,Royapuram,2026-06-16
P00142,Suresh Rajan,46,M,172.1,57.5,A-,+917071873691,02966706625324,Chennai,Royapuram,2026-06-09
P00143,Nithya Balasubramaniam,28,F,156.5,45.5,AB+,+919818184472,14626383806578,Chennai,Royapuram,2026-07-12
P00144,Radha Naidu,21,F,149.2,70.9,B+,+917052799022,93040785932133,Chennai,Royapuram,2026-06-21
P00145,Revathi Velu,6,F,152.0,56.3,O-,+918033635791,39559059929378,Chennai,Royapuram,2026-07-31
P00146,Revathi Gounder,7,F,156.0,61.0,A+,+919810091737,59325250029218,Chennai,Royapuram,2026-06-04
P00147,Kalaivani Reddy,54,F,153.1,69.2,O-,+918031139813,67528953926442,Chennai,Royapuram,2026-06-07
P00148,Kumar Velu,31,M,162.4,36.0,A+,+918090851238,59391725135521,Chennai,Royapuram,2026-07-31
P00149,Meena Raman,24,F,157.1,58.0,A+,+919868816911,62676586179327,Chennai,Royapuram,2026-06-17
P00150,Selvam Naidu,44,M,165.6,62.0,A-,+917055876720,26218159970629,Chennai,Royapuram,2026-06-02
P00151,Geetha Shanmugam,42,F,158.1,60.1,O+,+919049916439,31069872050614,Chennai,Royapuram,2026-07-15
P00152,Nithya Murugan,49,F,155.6,60.6,AB-,+917051386492,67741862565270,Chennai,Royapuram,2026-06-11
P00153,Meena Murugan,24,F,157.3,66.0,O-,+919889151743,38068687937416,Chennai,Royapuram,2026-06-10
P00154,Kumar Iyer,18,M,147.8,64.7,A-,+919833203422,23320616329451,Chennai,Royapuram,2026-07-22
P00155,Arun Perumal,24,M,170.2,60.6,AB+,+917065625517,22999119148564,Chennai,Royapuram,2026-06-30
P00156,Lakshmi Nair,50,F,149.1,45.1,O+,+919829307578,99606530745054,Chennai,Royapuram,2026-07-01
P00157,Revathi Iyer,34,F,164.1,56.2,O+,+919853066216,46913736785082,Chennai,Royapuram,2026-07-26
P00158,Ravi Raman,30,M,161.4,78.2,B+,+918036941091,03070534578610,Chennai,Royapuram,2026-06-09
P00159,Senthil Subramaniam,21,M,172.7,75.7,O-,+918044716747,14060293333468,Chennai,Royapuram,2026-07-08
P00160,Arun Balasubramaniam,70,M,178.8,41.4,B+,+918090683906,03494466574374,Chennai,Royapuram,2026-07-14
P00161,Uma Shanmugam,36,F,154.5,89.3,O+,+919024509544,71545444328309,Chennai,Royapuram,2026-07-24
P00162,Priya Balasubramaniam,37,F,148.6,42.7,O+,+919066178935,66099353875842,Chennai,Royapuram,2026-07-17
P00163,Ramesh Rajan,32,M,173.7,63.9,A-,+918057685330,34655494717099,Chennai,Royapuram,2026-07-06
P00164,Naveen Perumal,9,M,159.8,66.4,O+,+919817256074,22356972521752,Chennai,Royapuram,2026-06-08
P00165,Sowmya Nair,36,F,154.4,55.0,AB-,+917027368573,96666760083505,Chennai,Royapuram,2026-06-11
P00166,Praveen Gounder,68,M,165.7,65.1,O-,+919027304799,16894210447898,Chennai,Royapuram,2026-07-17
P00167,Uma Chettiar,12,F,159.9,84.7,B+,+919812566878,33230982150648,Chennai,Royapuram,2026-07-02
P00168,Arun Krishnan,82,M,162.9,62.9,A-,+919869634854,61847230461849,Chennai,Royapuram,2026-06-07
P00169,Manoj Pillai,4,M,173.4,48.4,AB-,+918091738839,34835642087375,Chennai,Royapuram,2026-06-19
P00170,Manoj Balasubramaniam,36,M,176.9,65.3,B+,+917078679929,11437447012045,Chennai,Royapuram,2026-07-29
P00171,Kavya Nair,30,F,156.8,73.0,O-,+919068749047,94155216674676,Chennai,Royapuram,2026-06-01
P00172,Ramesh Pillai,7,M,174.4,77.1,AB+,+919886362294,72965902771670,Chennai,Royapuram,2026-06-04
P00173,Kumar Gounder,36,M,171.9,59.9,O-,+917068095862,37562890028772,Chennai,Royapuram,2026-07-20
P00174,Saravanan Krishnan,12,M,165.1,54.4,B-,+919864126921,31779717751701,Chennai,Royapuram,2026-06-22
P00175,Yamuna Reddy,18,F,160.3,63.2,B-,+919855748676,50375899757113,Chennai,Royapuram,2026-07-09
P00176,Muthu Shanmugam,38,M,156.8,84.0,O-,+917016144233,27261493316373,Chennai,Royapuram,2026-07-22
P00177,Meena Natarajan,52,F,160.2,78.5,AB-,+918076951647,08086978292216,Chennai,Royapuram,2026-07-08
P00178,Revathi Naidu,22,F,147.1,57.7,AB+,+919049483304,72269848583339,Chennai,Royapuram,2026-07-09
P00179,Malar Shanmugam,22,F,138.4,70.7,O-,+917057276557,87996846081062,Chennai,Royapuram,2026-06-12
P00180,Ramesh Reddy,58,M,162.4,58.0,O+,+918018325904,43805719838638,Chennai,Royapuram,2026-07-19
P00181,Kalaivani Shanmugam,36,F,152.7,48.8,A+,+917043734435,39735989334721,Chennai,Royapuram,2026-07-21
P00182,Naveen Krishnan,50,M,177.7,60.4,AB+,+919084705402,42294057202590,Chennai,Royapuram,2026-06-08
P00183,Malar Gounder,14,F,155.6,44.8,B+,+917077798790,26886153355543,Chennai,Royapuram,2026-06-21
P00184,Priya Pillai,62,F,169.9,57.5,O-,+919842258945,99305616484085,Chennai,Royapuram,2026-07-12
P00185,Meena Nair,22,F,155.6,51.9,A+,+917038290610,36138612075011,Chennai,Royapuram,2026-06-06
P00186,Kumar Gounder,25,M,167.7,73.2,O+,+919862080854,76650618091901,Chennai,Royapuram,2026-06-05
P00187,Nithya Natarajan,45,F,153.3,60.3,AB+,+919898680762,07283268424508,Chennai,Royapuram,2026-06-06
P00188,Naveen Shanmugam,23,M,165.6,65.8,A-,+919038192821,53682223943129,Chennai,Royapuram,2026-07-09
P00189,Suresh Reddy,62,M,150.1,78.3,A-,+919023180503,39755231491357,Chennai,Royapuram,2026-07-06
P00190,Sowmya Iyer,37,F,149.5,73.5,O-,+919067486445,20533645257775,Chennai,Royapuram,2026-07-15
P00191,Kavya Shanmugam,29,F,155.3,55.0,B-,+919094103363,11080996930848,Chennai,Royapuram,2026-06-18
P00192,Revathi Reddy,32,F,152.4,52.4,B+,+919877259613,81658039282722,Chennai,Royapuram,2026-06-26
P00193,Praveen Murugan,36,M,155.8,59.7,O+,+919041409454,03856770051844,Chennai,Royapuram,2026-07-02
P00194,Suresh Perumal,47,M,159.4,73.2,O+,+919839917031,86557790827231,Chennai,Royapuram,2026-07-08
P00195,Revathi Sundaram,40,F,160.0,45.6,O-,+917074628070,77392603029922,Chennai,Royapuram,2026-06-08
P00196,Saravanan Nair,59,M,168.5,60.7,AB+,+917098817918,41379772369292,Chennai,Royapuram,2026-06-11
P00197,Revathi Velu,51,F,165.6,72.3,AB+,+918024572034,03886291279908,Chennai,Royapuram,2026-06-05
P00198,Prakash Shanmugam,26,M,174.8,74.7,A+,+919880067590,65086376599162,Chennai,Royapuram,2026-07-28
P00199,Geetha Sundaram,25,F,155.8,64.2,O+,+918010734097,09818063565126,Chennai,Royapuram,2026-07-27
P00200,Uma Naidu,26,F,154.3,72.8,AB+,+918065462544,88725887449562,Chennai,Royapuram,2026-07-07
P00201,Ravi Velu,37,M,156.3,62.8,O-,+917031573890,60127961143519,Chennai,Tondiarpet,2026-06-14
P00202,Prakash Perumal,27,M,162.1,37.6,O+,+917033524492,77038430988392,Chennai,Tondiarpet,2026-06-26
P00203,Naveen Subramaniam,21,M,174.0,70.1,AB+,+919888662348,38011848955439,Chennai,Tondiarpet,2026-06-18
P00204,Saravanan Nair,36,M,157.2,68.4,AB+,+917084978145,18451848947697,Chennai,Tondiarpet,2026-06-01
P00205,Arun Balasubramaniam,40,M,144.6,52.1,A-,+919019066979,63356588043416,Chennai,Tondiarpet,2026-07-08
P00206,Kalaivani Subramaniam,43,F,171.4,70.8,B-,+919034532913,37333433339521,Chennai,Tondiarpet,2026-07-01
P00207,Senthil Krishnan,61,M,159.2,56.4,AB-,+919093304578,57947284639208,Chennai,Tondiarpet,2026-07-19
P00208,Uma Velu,16,F,145.1,60.0,B+,+919826155543,87500369155942,Chennai,Tondiarpet,2026-07-03
P00209,Vidya Chettiar,39,F,164.0,49.3,AB+,+919058999937,64729293143866,Chennai,Tondiarpet,2026-07-02
P00210,Gopal Raman,26,M,177.3,89.1,B+,+919877054885,28857448906120,Chennai,Tondiarpet,2026-06-10
P00211,Saravanan Subramaniam,45,M,156.6,56.0,O-,+919056189726,06159399824558,Chennai,Tondiarpet,2026-06-22
P00212,Radha Reddy,23,F,156.3,45.1,AB-,+918032491607,56996112535544,Chennai,Tondiarpet,2026-06-06
P00213,Malar Natarajan,35,F,163.6,65.4,AB+,+918034680787,02341326111780,Chennai,Tondiarpet,2026-07-08
P00214,Manoj Naidu,25,M,166.3,50.5,B+,+917097890153,64334722820055,Chennai,Tondiarpet,2026-06-06
P00215,Geetha Nair,2,F,158.3,71.9,AB-,+919880257585,84578317456424,Chennai,Tondiarpet,2026-06-09
P00216,Vignesh Subramaniam,28,M,179.7,65.0,O+,+919881819757,07740649308536,Chennai,Tondiarpet,2026-07-25
P00217,Revathi Naidu,29,F,157.9,57.0,A-,+919893929434,38944846312241,Chennai,Tondiarpet,2026-06-25
P00218,Padma Chettiar,20,F,150.3,51.6,O-,+917030421134,08021442703120,Chennai,Tondiarpet,2026-07-10
P00219,Sangeetha Krishnan,41,F,163.2,61.1,O-,+917029607576,04618723460136,Chennai,Tondiarpet,2026-06-24
P00220,Sangeetha Pillai,17,F,155.5,96.7,B-,+919862227199,45208814743503,Chennai,Tondiarpet,2026-06-13
P00221,Manoj Velu,39,M,173.5,86.2,B-,+917015636254,97925132719500,Chennai,Tondiarpet,2026-07-08
P00222,Meena Iyer,41,F,147.4,43.3,AB-,+918052512063,85730652407784,Chennai,Tondiarpet,2026-07-21
P00223,Yamuna Shanmugam,42,F,159.8,46.8,B+,+917081288059,27448570862095,Chennai,Tondiarpet,2026-06-18
P00224,Naveen Chettiar,61,M,163.8,68.9,AB-,+918092280734,45651181022031,Chennai,Tondiarpet,2026-07-05
P00225,Malar Naidu,39,F,156.9,50.5,A+,+919039624910,91037170586509,Chennai,Tondiarpet,2026-07-02
P00226,Nithya Murugan,24,F,142.2,54.5,B-,+917023586205,38633839288619,Chennai,Tondiarpet,2026-07-24
P00227,Anitha Shanmugam,25,F,143.9,53.0,AB+,+919098252435,28975585566593,Chennai,Tondiarpet,2026-07-21
P00228,Saravanan Subramaniam,41,M,157.8,75.7,AB-,+919863296593,00490824043350,Chennai,Tondiarpet,2026-07-18
P00229,Lakshmi Natarajan,56,F,150.3,43.9,O-,+918028576833,45933441969315,Chennai,Tondiarpet,2026-06-07
P00230,Sowmya Pillai,27,F,162.0,77.8,O+,+917087347488,61055661390604,Chennai,Tondiarpet,2026-07-15
P00231,Karthik Velu,28,M,174.4,56.4,AB-,+917039807828,64622517908641,Chennai,Tondiarpet,2026-06-10
P00232,Kavya Balasubramaniam,62,F,141.2,57.8,B-,+919863058791,93898331465911,Chennai,Tondiarpet,2026-06-09
P00233,Nithya Nair,23,F,158.4,51.1,O-,+919893642093,27033521103924,Chennai,Tondiarpet,2026-06-02
P00234,Elango Balasubramaniam,59,M,157.0,83.1,A+,+919038052785,83388487920698,Chennai,Tondiarpet,2026-06-20
P00235,Karthik Natarajan,37,M,167.8,70.6,A+,+917062163068,45104636815798,Chennai,Tondiarpet,2026-06-18
P00236,Senthil Raman,64,M,168.7,78.0,A+,+918081056927,45762055543840,Chennai,Tondiarpet,2026-06-30
P00237,Suganya Gounder,65,F,143.4,59.2,B+,+919062726977,21689363926495,Chennai,Tondiarpet,2026-07-06
P00238,Sowmya Shanmugam,33,F,149.7,55.9,B-,+918051473062,82629251881252,Chennai,Tondiarpet,2026-06-09
P00239,Saravanan Iyer,41,M,148.6,54.4,B-,+917027655789,20994999393305,Chennai,Tondiarpet,2026-06-29
P00240,Prakash Balasubramaniam,47,M,161.6,52.4,O-,+918062004039,77223306046333,Chennai,Tondiarpet,2026-07-03
P00241,Selvam Natarajan,57,M,182.8,49.6,B-,+919864340297,09656999880817,Chennai,Tondiarpet,2026-07-15
P00242,Malar Shanmugam,47,F,156.1,54.9,AB+,+917084853354,68034764472649,Chennai,Tondiarpet,2026-06-16
P00243,Ravi Pillai,23,M,148.9,48.2,B+,+918062756521,65702793714521,Chennai,Tondiarpet,2026-06-06
P00244,Suresh Perumal,43,M,171.6,73.6,AB+,+918060825385,86025922220644,Chennai,Tondiarpet,2026-06-24
P00245,Yamuna Naidu,35,F,159.9,82.5,A+,+919876790446,78097339776719,Chennai,Tondiarpet,2026-06-01
P00246,Senthil Chettiar,10,M,165.3,80.1,A+,+918029898606,05020994510162,Chennai,Tondiarpet,2026-07-10
P00247,Senthil Nair,26,M,155.3,59.2,AB-,+919014810369,14556168147214,Chennai,Tondiarpet,2026-07-21
P00248,Deepa Krishnan,15,F,145.4,55.5,A-,+917074916146,94695489952997,Chennai,Tondiarpet,2026-07-15
P00249,Priya Pillai,26,F,155.2,43.4,A+,+919893947919,13966055830344,Chennai,Tondiarpet,2026-06-13
P00250,Arun Pillai,20,M,161.6,78.3,O-,+919063156840,99023557702727,Chennai,Tondiarpet,2026-06-21
P00251,Nithya Rajan,5,F,158.4,61.7,A+,+918087496999,55124056829962,Chennai,Tondiarpet,2026-07-04
P00252,Selvam Krishnan,35,M,173.8,49.9,O+,+919821649801,73574384215031,Chennai,Tondiarpet,2026-07-16
P00253,Padma Perumal,5,F,154.5,63.7,O+,+919029232735,18230768104091,Chennai,Tondiarpet,2026-06-22
P00254,Nithya Raman,32,F,152.6,58.8,O+,+918053067834,33448571422410,Chennai,Tondiarpet,2026-07-04
P00255,Muthu Gounder,42,M,172.2,62.2,B+,+917051792388,95870207016016,Chennai,Tondiarpet,2026-07-16
P00256,Sangeetha Subramaniam,47,F,159.6,72.6,O+,+919036594858,81792171747733,Chennai,Tondiarpet,2026-07-08
P00257,Selvam Rajan,54,M,156.5,75.2,AB-,+919814061983,17157724599281,Chennai,Tondiarpet,2026-07-15
P00258,Geetha Murugan,28,F,160.9,38.5,O+,+919863796676,96393827615396,Chennai,Tondiarpet,2026-06-21
P00259,Divya Balasubramaniam,22,F,152.0,55.5,A-,+919853671508,81724619196570,Chennai,Tondiarpet,2026-07-13
P00260,Arun Iyer,27,M,165.9,71.4,B+,+919881303949,46997335494651,Chennai,Tondiarpet,2026-07-08
P00261,Bala Shanmugam,21,M,158.8,78.5,A+,+917085165988,51403696566668,Chennai,Tondiarpet,2026-06-04
P00262,Senthil Velu,9,M,160.3,53.4,O-,+919830705405,42201027621267,Chennai,Tondiarpet,2026-06-13
P00263,Uma Gounder,23,F,148.8,38.3,B+,+919891144449,09738468950097,Chennai,Tondiarpet,2026-06-25
P00264,Divya Iyer,53,F,161.9,67.0,O+,+919879383794,18913718949058,Chennai,Tondiarpet,2026-07-15
P00265,Bala Reddy,16,M,166.9,45.8,O+,+918014741407,94940792904904,Chennai,Tondiarpet,2026-06-27
P00266,Suganya Naidu,43,F,163.2,65.1,B+,+919046939015,40192927524372,Chennai,Tondiarpet,2026-07-25
P00267,Gopal Sundaram,33,M,167.8,82.1,AB+,+918098673262,72395041027674,Chennai,Tondiarpet,2026-06-10
P00268,Revathi Velu,71,F,154.7,38.0,AB+,+919845248951,28604765801856,Chennai,Tondiarpet,2026-07-05
P00269,Sangeetha Gounder,30,F,160.4,72.3,B-,+919034148004,58001061817534,Chennai,Tondiarpet,2026-06-26
P00270,Lakshmi Chettiar,53,F,155.6,60.5,A-,+917021594582,92692124471746,Chennai,Tondiarpet,2026-06-06
P00271,Kalaivani Krishnan,36,F,168.9,57.3,O+,+919033881291,71739627128639,Chennai,Tondiarpet,2026-06-25
P00272,Karthik Murugan,44,M,175.8,55.1,A-,+919069845276,07200642569087,Chennai,Tondiarpet,2026-06-07
P00273,Revathi Raman,6,F,161.0,62.1,AB+,+919826267678,98554601585174,Chennai,Tondiarpet,2026-07-05
P00274,Dinesh Reddy,7,M,166.0,68.0,AB+,+917094639988,57173203093761,Chennai,Tondiarpet,2026-06-25
P00275,Lakshmi Rajan,1,F,155.0,69.8,A+,+919015746469,61387829310270,Chennai,Tondiarpet,2026-06-02
P00276,Kavya Raman,1,F,164.3,48.8,B+,+917051250118,17929111799313,Chennai,Tondiarpet,2026-06-16
P00277,Sowmya Shanmugam,20,F,168.0,57.1,B+,+919038619492,09251142625827,Chennai,Tondiarpet,2026-06-08
P00278,Prakash Velu,19,M,167.1,63.4,B+,+917075359668,10021946723248,Chennai,Tondiarpet,2026-06-07
P00279,Padma Murugan,1,F,164.9,55.4,O+,+919066208488,08331819588373,Chennai,Tondiarpet,2026-06-12
P00280,Padma Balasubramaniam,34,F,158.7,59.9,B+,+918099945021,00543645970108,Chennai,Tondiarpet,2026-06-10
P00281,Elango Rajan,40,M,166.6,60.4,AB+,+918053712695,31531363631797,Chennai,Tondiarpet,2026-06-16
P00282,Prakash Natarajan,37,M,168.5,60.7,B+,+919860128319,27354352090421,Chennai,Tondiarpet,2026-07-30
P00283,Anitha Nair,27,F,156.3,44.1,B-,+917065256920,87397740633569,Chennai,Tondiarpet,2026-07-09
P00284,Kumar Raman,69,M,173.3,54.9,AB+,+917015376584,78068671773180,Chennai,Tondiarpet,2026-06-10
P00285,Priya Balasubramaniam,47,F,153.7,53.1,O+,+918071643898,99077262570165,Chennai,Tondiarpet,2026-06-06
P00286,Prakash Shanmugam,62,M,161.1,84.2,B-,+917093276088,50850165790552,Chennai,Tondiarpet,2026-07-15
P00287,Manoj Balasubramaniam,9,M,159.9,72.0,B-,+918053011925,54864015577881,Chennai,Tondiarpet,2026-07-05
P00288,Nithya Natarajan,50,F,152.0,40.5,O-,+917035280389,71162411241272,Chennai,Tondiarpet,2026-07-05
P00289,Vignesh Balasubramaniam,12,M,163.5,56.5,O-,+919869573887,04310385695579,Chennai,Tondiarpet,2026-07-05
P00290,Nithya Nair,83,F,145.0,62.1,O+,+918074994010,54025472928422,Chennai,Tondiarpet,2026-07-28
P00291,Saravanan Subramaniam,42,M,168.4,80.7,B+,+918085495759,05525782841067,Chennai,Tondiarpet,2026-06-29
P00292,Arun Shanmugam,37,M,182.4,56.1,O-,+919073607213,49297517028140,Chennai,Tondiarpet,2026-06-10
P00293,Deepa Perumal,28,F,151.2,51.3,B-,+919036268513,01871863759980,Chennai,Tondiarpet,2026-07-09
P00294,Uma Velu,50,F,144.8,69.4,O-,+917048205125,55478137674266,Chennai,Tondiarpet,2026-06-28
P00295,Ravi Rajan,50,M,155.7,71.3,A-,+919821871327,06462879232648,Chennai,Tondiarpet,2026-07-26
P00296,Sowmya Reddy,50,F,169.4,63.9,AB-,+919840134594,00244714627301,Chennai,Tondiarpet,2026-07-24
P00297,Sowmya Sundaram,1,F,155.9,48.8,O+,+919826050250,58904290257252,Chennai,Tondiarpet,2026-07-01
P00298,Bala Krishnan,28,M,163.8,77.4,O+,+919081083363,18321928554451,Chennai,Tondiarpet,2026-07-29
P00299,Vidya Rajan,39,F,153.8,46.5,B+,+917039242850,28338988816711,Chennai,Tondiarpet,2026-07-02
P00300,Bala Iyer,36,M,173.1,58.7,AB-,+919033113253,40132234232161,Chennai,Tondiarpet,2026-06-20
P00301,Ravi Krishnan,58,M,166.1,57.8,AB-,+917043958759,01401193932501,Chennai,Tondiarpet,2026-06-03
P00302,Kumar Subramaniam,42,M,175.8,41.4,O-,+918077194013,93891190833428,Chennai,Tondiarpet,2026-07-31
P00303,Gopal Subramaniam,46,M,164.4,68.2,B+,+919824404851,25663836151718,Chennai,Tondiarpet,2026-07-16
P00304,Senthil Krishnan,58,M,157.4,65.3,A-,+919076265010,16479473864631,Chennai,Tondiarpet,2026-06-19
P00305,Meena Velu,53,F,152.1,75.9,AB-,+917026001148,26691215353961,Chennai,Tondiarpet,2026-07-14
P00306,Kumar Naidu,40,M,171.8,48.6,AB+,+919073864322,96784271147732,Chennai,Tondiarpet,2026-06-18
P00307,Naveen Rajan,42,M,166.5,81.4,B+,+919093478965,91187734778485,Chennai,Tondiarpet,2026-06-12
P00308,Manoj Velu,49,M,166.9,64.1,AB-,+919060511038,77002842762467,Chennai,Tondiarpet,2026-06-28
P00309,Gopal Shanmugam,19,M,161.1,50.9,B+,+917062530781,47969545009025,Chennai,Tondiarpet,2026-07-01
P00310,Kalaivani Velu,30,F,158.9,43.2,A-,+919856324312,56503334911415,Chennai,Tondiarpet,2026-07-19
P00311,Ravi Sundaram,53,M,165.9,41.8,O+,+917073042053,90569659171357,Chennai,Tondiarpet,2026-07-07
P00312,Deepa Balasubramaniam,46,F,158.4,66.8,A-,+918048568210,40496391919541,Chennai,Tondiarpet,2026-06-28
P00313,Nithya Sundaram,23,F,158.3,77.8,O-,+918065608317,64987820829737,Chennai,Tondiarpet,2026-07-03
P00314,Vidya Krishnan,53,F,164.1,52.3,B-,+919072073912,23246651364424,Chennai,Tondiarpet,2026-07-10
P00315,Muthu Natarajan,30,M,167.2,68.2,AB-,+919866642448,03242044820700,Chennai,Tondiarpet,2026-07-23
P00316,Ashok Subramaniam,50,M,162.4,74.3,A-,+919828865664,31981898471391,Chennai,Tondiarpet,2026-06-05
P00317,Vidya Chettiar,26,F,164.3,42.6,B+,+917033508806,34764907851586,Chennai,Tondiarpet,2026-06-16
P00318,Kavya Subramaniam,57,F,146.6,30,AB-,+919051362065,09003486451837,Chennai,Tondiarpet,2026-07-27
P00319,Divya Gounder,83,F,156.0,82.1,O+,+918031505334,75604177656124,Chennai,Tondiarpet,2026-06-20
P00320,Senthil Rajan,20,M,158.5,78.1,AB-,+917016992585,27206345911238,Chennai,Tondiarpet,2026-07-23
P00321,Vignesh Naidu,53,M,155.0,67.8,B+,+919047822197,31652669300893,Chennai,Tondiarpet,2026-07-01
P00322,Ramesh Krishnan,22,M,170.2,63.7,AB+,+919890583348,42152910867713,Chennai,Tondiarpet,2026-07-15
P00323,Naveen Iyer,51,M,179.8,67.0,AB+,+918090541748,34362620443973,Chennai,Tondiarpet,2026-07-02
P00324,Priya Balasubramaniam,23,F,145.0,49.4,B+,+919063358890,36694118005375,Chennai,Tondiarpet,2026-06-06
P00325,Bala Iyer,59,M,165.3,40.8,A+,+918044935754,28757215862415,Chennai,Tondiarpet,2026-07-13
P00326,Saravanan Subramaniam,71,M,174.3,63.1,AB+,+919045328305,94856257287032,Chennai,Tondiarpet,2026-07-24
P00327,Manoj Balasubramaniam,38,M,167.1,63.8,A+,+919857851319,87771215134228,Chennai,Tondiarpet,2026-06-28
P00328,Sowmya Raman,66,F,144.1,51.1,B+,+919820312681,37150416591520,Chennai,Tondiarpet,2026-06-14
P00329,Prakash Raman,10,M,168.1,48.3,O-,+917098070016,97592304501896,Chennai,Tondiarpet,2026-06-18
P00330,Naveen Murugan,41,M,161.0,69.5,A+,+918031869528,66421476492515,Chennai,Tondiarpet,2026-07-20
P00331,Suresh Sundaram,1,M,166.1,49.7,O-,+918068264710,61085732788147,Chennai,Tondiarpet,2026-06-28
P00332,Kavya Iyer,41,F,167.6,68.3,O+,+918080208227,64908108186617,Chennai,Tondiarpet,2026-06-20
P00333,Sangeetha Nair,23,F,163.4,58.3,B+,+919816074522,16459779452321,Chennai,Tondiarpet,2026-07-18
P00334,Priya Raman,34,F,157.6,53.9,AB+,+917011785713,27769749956412,Chennai,Tondiarpet,2026-07-05
P00335,Arun Chettiar,46,M,165.3,96.7,AB-,+918097206603,36831472760122,Chennai,Tondiarpet,2026-07-25
P00336,Sangeetha Gounder,42,F,163.8,54.9,B-,+919086427662,60501667998407,Chennai,Tondiarpet,2026-07-26
P00337,Padma Gounder,14,F,155.9,44.2,A+,+917066640491,95814671795760,Chennai,Tondiarpet,2026-07-23
P00338,Elango Gounder,20,M,163.8,72.6,B-,+919090812511,72466572934172,Chennai,Tondiarpet,2026-06-23
P00339,Muthu Gounder,45,M,175.4,75.0,B-,+917012433447,54522801561931,Chennai,Tondiarpet,2026-07-02
P00340,Bala Krishnan,49,M,139.6,68.3,O+,+918079174131,91077119918081,Chennai,Tondiarpet,2026-07-21
P00341,Elango Perumal,13,M,153.2,70.9,AB-,+917030709222,55213760375482,Chennai,Tondiarpet,2026-06-19
P00342,Bala Gounder,32,M,163.7,83.9,B+,+919840626070,26667850720811,Chennai,Tondiarpet,2026-06-27
P00343,Lakshmi Iyer,17,F,175.8,60.2,A+,+919066278204,68455048926738,Chennai,Tondiarpet,2026-07-19
P00344,Radha Chettiar,43,F,149.6,34.3,O+,+917014962052,85628843188485,Chennai,Tondiarpet,2026-07-21
P00345,Muthu Sundaram,75,M,167.5,56.0,A-,+917060060376,48510174907539,Chennai,Tondiarpet,2026-07-24
P00346,Kumar Iyer,34,M,161.1,72.9,AB+,+918024123318,58935712661106,Chennai,Tondiarpet,2026-07-21
P00347,Senthil Perumal,18,M,166.3,55.0,AB+,+919088423925,76776228277288,Chennai,Tondiarpet,2026-07-08
P00348,Ramesh Shanmugam,54,M,162.0,52.6,O-,+917090745413,61159408215454,Chennai,Tondiarpet,2026-06-03
P00349,Nithya Reddy,6,F,156.3,68.0,B-,+918075604774,01851067949756,Chennai,Tondiarpet,2026-06-04
P00350,Kavya Perumal,56,F,162.7,38.4,AB-,+919899552852,72519966365807,Chennai,Tondiarpet,2026-06-09
P00351,Nithya Shanmugam,16,F,142.3,53.8,A-,+917035827078,98909837801820,Chennai,Tondiarpet,2026-07-21
P00352,Sowmya Natarajan,15,F,156.4,49.2,A-,+919063928396,90705626085641,Chennai,Tondiarpet,2026-07-16
P00353,Suresh Iyer,60,M,163.7,63.3,O+,+919832708438,09520046152654,Chennai,Tondiarpet,2026-07-20
P00354,Deepa Gounder,49,F,171.0,48.8,B-,+919878265991,86140578617063,Chennai,Tondiarpet,2026-06-04
P00355,Vignesh Reddy,32,M,185.4,60.9,AB+,+919821261988,83258238687007,Chennai,Tondiarpet,2026-07-06
P00356,Padma Naidu,25,F,152.2,52.0,O+,+919857166514,39840289141612,Chennai,Tondiarpet,2026-06-04
P00357,Kalaivani Naidu,46,F,151.2,36.4,AB-,+919043007935,55379502097002,Chennai,Tondiarpet,2026-07-27
P00358,Radha Shanmugam,37,F,143.4,51.6,A-,+917082296289,07156956201753,Chennai,Tondiarpet,2026-07-02
P00359,Uma Chettiar,67,F,155.8,59.0,A-,+919039681939,37504793036149,Chennai,Tondiarpet,2026-07-16
P00360,Sowmya Nair,10,F,157.5,64.9,A-,+918018730772,24938430894870,Chennai,Tondiarpet,2026-07-18
P00361,Vidya Naidu,10,F,140.2,84.9,A-,+919876514912,58030468750635,Chennai,Tondiarpet,2026-06-28
P00362,Praveen Sundaram,51,M,175.6,50.1,A-,+918036424359,25411076095431,Chennai,Tondiarpet,2026-07-18
P00363,Revathi Murugan,39,F,162.3,68.2,AB-,+917093932889,79110065120704,Chennai,Tondiarpet,2026-07-21
P00364,Lakshmi Reddy,43,F,166.0,65.3,AB+,+919822862118,96399076769915,Chennai,Tondiarpet,2026-07-06
P00365,Suresh Chettiar,22,M,167.0,67.0,B+,+919057699801,67972320024968,Chennai,Tondiarpet,2026-07-09
P00366,Kavya Iyer,45,F,148.8,81.1,AB-,+919090977513,54508920388065,Chennai,Tondiarpet,2026-07-20
P00367,Gopal Natarajan,63,M,163.3,66.4,O-,+919092691963,46521707303379,Chennai,Tondiarpet,2026-06-13
P00368,Selvam Velu,44,M,165.9,84.5,B-,+919834728879,05015081247395,Chennai,Tondiarpet,2026-07-31
P00369,Ramesh Rajan,49,M,164.2,63.2,B-,+918036305005,02410261534735,Chennai,Tondiarpet,2026-06-17
P00370,Yamuna Sundaram,50,F,144.9,33.8,A-,+917029385367,23386559630993,Chennai,Tondiarpet,2026-07-22
P00371,Kavya Perumal,41,F,148.1,78.2,AB-,+918020926356,79128685787255,Chennai,Tondiarpet,2026-07-26
P00372,Sowmya Velu,48,F,153.0,44.3,A+,+918039464318,37363466925481,Chennai,Tondiarpet,2026-06-18
P00373,Elango Perumal,38,M,158.3,56.4,O-,+919870552489,76657546027341,Chennai,Tondiarpet,2026-06-03
P00374,Malar Shanmugam,36,F,160.4,52.2,A-,+919040566959,11150835354443,Chennai,Tondiarpet,2026-07-03
P00375,Muthu Reddy,68,M,164.9,63.3,O-,+919864459981,90782633373898,Chennai,Tondiarpet,2026-06-01
P00376,Divya Rajan,1,F,153.5,44.8,B-,+919866061116,37780529240755,Chennai,Tondiarpet,2026-07-21
P00377,Muthu Rajan,14,M,170.9,47.9,A+,+917028674348,25999966361863,Chennai,Tondiarpet,2026-07-05
P00378,Nithya Murugan,55,F,163.1,67.8,B+,+917084209891,20970231643348,Chennai,Tondiarpet,2026-06-29
P00379,Ashok Velu,21,M,167.2,75.6,B+,+917027332564,86716323467299,Chennai,Tondiarpet,2026-07-29
P00380,Sangeetha Naidu,39,F,146.9,50.6,B-,+917029151794,71693859777901,Chennai,Tondiarpet,2026-07-14
P00381,Nithya Velu,13,F,140.7,44.8,B+,+919843438309,29676291603248,Chennai,Tondiarpet,2026-07-21
P00382,Deepa Balasubramaniam,66,F,153.5,54.1,AB+,+917059490380,11856724380701,Chennai,Tondiarpet,2026-07-17
P00383,Suganya Pillai,16,F,164.0,65.4,B+,+919099965548,77711837274220,Chennai,Tondiarpet,2026-06-01
P00384,Naveen Nair,23,M,166.8,70.5,A-,+917046675298,27523083708164,Chennai,Tondiarpet,2026-07-18
P00385,Revathi Subramaniam,39,F,155.3,60.9,B-,+918022265679,06005313122068,Chennai,Tondiarpet,2026-07-30
P00386,Dinesh Chettiar,7,M,167.8,55.3,AB+,+919826214033,33155206506373,Chennai,Tondiarpet,2026-07-11
P00387,Dinesh Sundaram,30,M,159.6,62.4,O+,+919823665188,89241956252571,Chennai,Tondiarpet,2026-07-27
P00388,Radha Perumal,34,F,172.5,60.9,B-,+917041219836,09143639102574,Chennai,Tondiarpet,2026-06-29
P00389,Elango Rajan,45,M,169.4,91.4,B+,+919052619317,08640355338033,Chennai,Tondiarpet,2026-07-09
P00390,Priya Murugan,47,F,150.0,57.0,AB-,+917035832275,02321298338167,Chennai,Tondiarpet,2026-07-11
P00391,Nithya Natarajan,44,F,159.6,43.5,B-,+919074581639,15662776896270,Chennai,Tondiarpet,2026-06-20
P00392,Nithya Shanmugam,49,F,152.0,60.2,B+,+918044533110,67474689715273,Chennai,Tondiarpet,2026-07-29
P00393,Gopal Velu,39,M,164.6,77.5,AB+,+919860082660,67491601692364,Chennai,Tondiarpet,2026-06-24
P00394,Uma Krishnan,15,F,145.8,57.2,AB+,+919843123836,37050249724399,Chennai,Tondiarpet,2026-07-15
P00395,Kumar Murugan,68,M,166.1,48.5,B-,+919832256467,64488694611952,Chennai,Tondiarpet,2026-06-26
P00396,Nithya Raman,6,F,154.9,30.3,B+,+919810211873,11686462252237,Chennai,Tondiarpet,2026-06-26
P00397,Karthik Nair,29,M,164.9,57.4,B-,+919064867187,79121416141509,Chennai,Tondiarpet,2026-06-13
P00398,Arun Krishnan,32,M,153.2,67.5,O+,+917099298044,90138069847759,Chennai,Tondiarpet,2026-06-07
P00399,Uma Velu,23,F,165.4,52.2,AB+,+917057785434,51076209184357,Chennai,Tondiarpet,2026-06-16
P00400,Kalaivani Raman,51,F,143.3,56.4,O-,+917053691252,73976915671649,Chennai,Tondiarpet,2026-06-01
P00401,Ravi Krishnan,29,M,149.3,80.0,B+,+919821689007,48727178333211,Chennai,Tondiarpet,2026-07-16
P00402,Kalaivani Velu,15,F,156.9,57.9,O+,+918044578317,71287153991566,Chennai,Tondiarpet,2026-07-30
P00403,Kalaivani Chettiar,42,F,149.7,61.8,A-,+919027101682,56904098366552,Chennai,Tondiarpet,2026-06-06
P00404,Elango Rajan,43,M,165.9,66.0,B+,+919039380829,77294209548149,Chennai,Tondiarpet,2026-07-25
P00405,Kalaivani Iyer,29,F,150.9,49.9,B-,+918017055329,27642086567566,Chennai,Tondiarpet,2026-06-04
P00406,Dinesh Shanmugam,83,M,158.6,63.3,AB+,+917027569192,59047292774233,Chennai,Tondiarpet,2026-07-15
P00407,Vignesh Velu,37,M,163.9,62.6,AB+,+918017560687,15720185962630,Chennai,Tondiarpet,2026-07-14
P00408,Prakash Nair,14,M,165.5,78.9,AB+,+917072233240,64750111178309,Chennai,Tondiarpet,2026-07-15
P00409,Vidya Reddy,33,F,168.1,60.1,B+,+917053651494,18260688871898,Chennai,Tondiarpet,2026-07-01
P00410,Manoj Nair,27,M,165.1,56.8,B+,+917084453495,75102932184011,Chennai,Tondiarpet,2026-07-13
P00411,Revathi Reddy,23,F,162.6,32.4,A+,+919098470632,87297585988310,Chennai,Tondiarpet,2026-06-01
P00412,Dinesh Iyer,58,M,169.3,66.5,B-,+919047231423,29618446267146,Chennai,Tondiarpet,2026-07-25
P00413,Dinesh Subramaniam,31,M,164.3,60.7,B+,+919830601268,56609314181861,Chennai,Tondiarpet,2026-07-15
P00414,Suganya Iyer,1,F,150.2,49.2,B-,+919011323834,16361128497185,Chennai,Tondiarpet,2026-06-22
P00415,Radha Nair,14,F,151.5,63.8,O-,+919874003316,92408222694053,Chennai,Tondiarpet,2026-07-31
P00416,Sangeetha Perumal,31,F,153.6,50.6,O+,+919067413657,83414651113129,Chennai,Tondiarpet,2026-06-23
P00417,Ashok Perumal,50,M,168.3,84.7,B+,+919876814283,88160930685389,Chennai,Tondiarpet,2026-06-01
P00418,Ravi Gounder,23,M,148.8,45.6,B+,+917059264742,28506762515381,Chennai,Tondiarpet,2026-07-14
P00419,Radha Chettiar,33,F,161.4,62.5,O+,+917072150455,97050975451052,Chennai,Tondiarpet,2026-07-07
P00420,Deepa Murugan,66,F,152.7,62.4,B+,+919826621878,70243765456284,Chennai,Tondiarpet,2026-07-02
P00421,Ashok Raman,64,M,164.2,58.9,O-,+918024853291,34026650237416,Chennai,Tondiarpet,2026-07-18
P00422,Kavya Rajan,41,F,141.4,51.3,AB+,+919827638581,11022580305690,Chennai,Tondiarpet,2026-07-16
P00423,Kavya Perumal,23,F,155.8,69.0,B+,+918047733815,14363718923923,Chennai,Tondiarpet,2026-07-10
P00424,Vignesh Sundaram,47,M,166.5,67.5,A+,+918022205146,06684335670860,Chennai,Tondiarpet,2026-06-13
P00425,Kalaivani Krishnan,51,F,159.8,75.7,B+,+917010071931,05347491624755,Chennai,Tondiarpet,2026-06-16
P00426,Geetha Iyer,28,F,164.1,69.5,O-,+919058504268,98953439611291,Chennai,Tondiarpet,2026-07-14
P00427,Elango Pillai,4,M,155.9,60.6,A-,+919050463479,73820236848557,Chennai,Tondiarpet,2026-07-16
P00428,Ravi Perumal,28,M,167.5,62.6,A+,+918090417043,42409036788127,Chennai,Tondiarpet,2026-06-27
P00429,Anitha Chettiar,21,F,152.0,51.6,A+,+919877621275,84434481230834,Chennai,Tondiarpet,2026-06-01
P00430,Vignesh Naidu,30,M,152.8,43.0,A+,+918038182016,81059551842694,Chennai,Tondiarpet,2026-06-18
P00431,Suganya Nair,63,F,154.0,69.2,O+,+917082127089,91649837354396,Chennai,Tondiarpet,2026-07-17
P00432,Bala Iyer,39,M,152.8,71.5,AB-,+917076566782,27223972404226,Chennai,Tondiarpet,2026-06-28
P00433,Manoj Perumal,44,M,166.3,65.8,B+,+917090972685,16601002314290,Chennai,Tondiarpet,2026-06-26
P00434,Selvam Murugan,77,M,168.7,63.5,B-,+918074481609,97245723084810,Chennai,Tondiarpet,2026-07-18
P00435,Arun Gounder,50,M,169.0,42.2,A+,+918067329147,62543617213145,Chennai,Tondiarpet,2026-06-10
P00436,Suresh Krishnan,35,M,162.0,61.0,B+,+918067529530,85926249451475,Chennai,Tondiarpet,2026-07-30
P00437,Kavya Iyer,48,F,143.3,58.7,O-,+918062425387,77119642152265,Chennai,Tondiarpet,2026-07-30
P00438,Yamuna Rajan,38,F,145.8,58.5,B+,+918061430248,68788788361968,Chennai,Tondiarpet,2026-06-27
P00439,Bala Shanmugam,34,M,159.4,103.3,AB-,+918024784930,05524728633302,Chennai,Tondiarpet,2026-06-02
P00440,Arun Sundaram,39,M,177.1,60.6,O-,+917024228398,91792025213109,Chennai,Tondiarpet,2026-06-25
P00441,Nithya Balasubramaniam,44,F,159.1,57.2,AB+,+919069589132,04120092820667,Chennai,Tondiarpet,2026-07-15
P00442,Revathi Sundaram,8,F,163.3,51.1,B+,+919022339511,86236903628917,Chennai,Tondiarpet,2026-07-16
P00443,Uma Sundaram,28,F,165.6,61.4,B-,+919024549320,11595034281139,Chennai,Tondiarpet,2026-07-22
P00444,Dinesh Krishnan,28,M,165.3,54.7,B-,+919021413788,99097005140546,Chennai,Tondiarpet,2026-07-06
P00445,Manoj Rajan,30,M,172.3,61.1,AB+,+917077401071,20967904227113,Chennai,Tondiarpet,2026-07-14
P00446,Ramesh Perumal,45,M,169.1,48.6,O-,+919827609040,54596063399129,Chennai,Tondiarpet,2026-07-20
P00447,Divya Balasubramaniam,40,F,155.8,59.1,A-,+919852106611,24214955112747,Chennai,Tondiarpet,2026-07-26
P00448,Kavya Pillai,22,F,155.7,45.1,AB-,+917058784400,46692758955168,Chennai,Tondiarpet,2026-07-30
P00449,Lakshmi Gounder,35,F,171.3,51.1,A+,+918024132859,46296136715778,Chennai,Tondiarpet,2026-07-12
P00450,Radha Sundaram,15,F,158.9,62.8,B-,+919854120137,15597371470827,Chennai,Tondiarpet,2026-06-07
P00451,Karthik Subramaniam,27,M,159.6,81.0,AB+,+919838644859,03064421214614,Chennai,Tondiarpet,2026-06-25
P00452,Suganya Nair,42,F,161.7,47.4,A+,+917067516899,54235677826596,Chennai,Tondiarpet,2026-07-13
P00453,Prakash Iyer,2,M,158.7,71.1,O-,+919011904117,27275164807279,Chennai,Tondiarpet,2026-07-08
P00454,Ashok Shanmugam,65,M,177.9,69.5,B+,+919839009455,53390550448177,Chennai,Tondiarpet,2026-06-13
P00455,Kalaivani Pillai,23,F,159.0,43.9,B+,+919867496675,52892866464911,Chennai,Tondiarpet,2026-07-19
P00456,Ashok Pillai,32,M,166.2,66.2,AB-,+917095030306,78904633786137,Chennai,Tondiarpet,2026-07-30
P00457,Naveen Raman,19,M,176.5,39.5,O-,+918078123659,44446306000258,Chennai,Tondiarpet,2026-07-12
P00458,Revathi Shanmugam,46,F,144.7,84.1,AB+,+918092714079,60962626582631,Chennai,Tondiarpet,2026-06-28
P00459,Saravanan Shanmugam,12,M,164.7,69.9,B+,+919037348550,11060920981960,Chennai,Tondiarpet,2026-07-11
P00460,Bala Nair,4,M,176.3,63.2,B-,+918049852264,38364041209117,Chennai,Tondiarpet,2026-07-20
P00461,Bala Chettiar,49,M,169.1,69.2,AB+,+917075905864,06171366572240,Chennai,Tondiarpet,2026-07-02
P00462,Karthik Pillai,33,M,158.9,50.7,O-,+919074949433,99802841390808,Chennai,Tondiarpet,2026-07-25
P00463,Praveen Murugan,41,M,172.5,67.4,B+,+919046730893,73158477686342,Chennai,Tondiarpet,2026-06-09
P00464,Naveen Pillai,35,M,158.6,41.9,O+,+918037626276,76769459196639,Chennai,Tondiarpet,2026-06-18
P00465,Malar Naidu,20,F,163.1,64.7,AB+,+919091051682,85601256253135,Chennai,Tondiarpet,2026-06-03
P00466,Kalaivani Raman,42,F,159.3,66.2,O-,+918072461793,95381649383184,Chennai,Tondiarpet,2026-06-01
P00467,Selvam Chettiar,14,M,159.8,59.7,B-,+917076294734,70461172959639,Chennai,Tondiarpet,2026-07-23
P00468,Kumar Raman,20,M,162.5,81.8,AB-,+919027590313,60880501716445,Chennai,Tondiarpet,2026-07-25
P00469,Nithya Natarajan,19,F,161.0,51.6,AB-,+917060184824,91030021563213,Chennai,Tondiarpet,2026-06-26
P00470,Lakshmi Naidu,60,F,159.0,44.4,A+,+917016442905,41459642297125,Chennai,Tondiarpet,2026-06-01
P00471,Manoj Perumal,38,M,148.3,77.1,B-,+919898754019,74573144158331,Chennai,Tondiarpet,2026-06-29
P00472,Dinesh Natarajan,34,M,167.8,64.3,AB+,+918075450681,15398854728123,Chennai,Tondiarpet,2026-06-01
P00473,Deepa Murugan,23,F,160.8,52.1,O+,+919832038057,49127113072407,Chennai,Tondiarpet,2026-06-26
P00474,Divya Subramaniam,29,F,152.6,62.8,AB+,+918030215880,68685074510663,Chennai,Tondiarpet,2026-07-06
P00475,Vidya Pillai,42,F,159.6,55.3,A+,+918024909280,31009431814396,Chennai,Tondiarpet,2026-07-04
P00476,Suganya Balasubramaniam,62,F,150.6,63.3,B-,+918037323438,54940128974325,Chennai,Tondiarpet,2026-07-23
P00477,Gopal Sundaram,46,M,171.2,35.5,O-,+917033825666,41209579073710,Chennai,Tondiarpet,2026-07-13
P00478,Praveen Perumal,50,M,142.8,50.0,B+,+918022604400,14577584745705,Chennai,Tondiarpet,2026-07-24
P00479,Yamuna Balasubramaniam,28,F,138.7,61.6,A-,+919079700460,02632570396531,Chennai,Tondiarpet,2026-07-28
P00480,Saravanan Shanmugam,2,M,171.8,59.4,AB-,+918045609215,55696443098591,Chennai,Tondiarpet,2026-06-07
P00481,Priya Balasubramaniam,44,F,145.1,60.9,B+,+919830163227,84982474140703,Chennai,Tondiarpet,2026-06-08
P00482,Nithya Raman,21,F,156.9,52.5,AB+,+919098617699,00425488214236,Chennai,Tondiarpet,2026-07-02
P00483,Naveen Sundaram,36,M,167.0,73.3,AB+,+917045065845,49429659234268,Chennai,Tondiarpet,2026-07-14
P00484,Elango Shanmugam,32,M,163.9,69.8,B+,+919868638761,12875857567667,Chennai,Tondiarpet,2026-07-07
P00485,Prakash Reddy,41,M,164.0,65.5,B-,+919027082542,98940626078701,Chennai,Tondiarpet,2026-06-09
P00486,Selvam Pillai,30,M,162.0,99.8,O+,+919854467352,01980382872324,Chennai,Tondiarpet,2026-06-07
P00487,Meena Murugan,29,F,136.6,63.7,A+,+918091039410,18133170876014,Chennai,Tondiarpet,2026-06-13
P00488,Geetha Naidu,14,F,149.9,58.8,AB-,+917068029531,20223288377441,Chennai,Tondiarpet,2026-06-16
P00489,Vidya Sundaram,28,F,159.8,41.8,B+,+917048040286,71960940970527,Chennai,Tondiarpet,2026-06-30
P00490,Malar Perumal,59,F,151.2,91.5,B-,+919080471776,68122595724461,Chennai,Tondiarpet,2026-06-23
P00491,Malar Perumal,23,F,161.3,49.5,O+,+918053496826,99599610023117,Chennai,Tondiarpet,2026-07-30
P00492,Revathi Pillai,18,F,152.4,65.8,B+,+919866378982,10941017590251,Chennai,Tondiarpet,2026-07-20
P00493,Padma Natarajan,1,F,171.7,50.8,O+,+918037003632,26831901302056,Chennai,Tondiarpet,2026-06-17
P00494,Ravi Balasubramaniam,32,M,158.5,80.3,B-,+918086553774,78559821766191,Chennai,Tondiarpet,2026-07-29
P00495,Senthil Rajan,41,M,158.4,71.4,A+,+918048909246,46512418938984,Chennai,Tondiarpet,2026-07-09
P00496,Meena Balasubramaniam,46,F,147.6,47.8,O+,+917014331840,56435023850371,Chennai,Tondiarpet,2026-07-28
P00497,Suresh Shanmugam,34,M,167.5,48.0,AB-,+918046307023,01078356743000,Chennai,Tondiarpet,2026-07-30
P00498,Arun Shanmugam,52,M,149.5,59.9,AB-,+917061959009,62668217195535,Chennai,Tondiarpet,2026-07-14
P00499,Geetha Krishnan,49,F,152.1,59.4,A+,+918017634795,10272405593429,Chennai,Tondiarpet,2026-06-27
P00500,Divya Naidu,39,F,150.9,58.8,B-,+919857910133,37458438458810,Chennai,Tondiarpet,2026-06-05
P00501,Kavya Perumal,60,F,147.7,51.0,B-,+919084217795,31520377107044,Chennai,Perambur,2026-06-14
P00502,Suganya Velu,27,F,148.5,87.5,AB-,+917061350116,67033626804085,Chennai,Perambur,2026-06-04
P00503,Kumar Chettiar,63,M,157.8,53.4,A+,+919093420414,66018648769984,Chennai,Perambur,2026-06-17
P00504,Praveen Iyer,66,M,173.7,61.7,A+,+919046828381,13845960945449,Chennai,Perambur,2026-07-30
P00505,Elango Natarajan,54,M,172.3,60.9,A+,+919811190605,70578360914985,Chennai,Perambur,2026-06-12
P00506,Saravanan Naidu,50,M,159.2,68.4,AB-,+918040523650,22903102879508,Chennai,Perambur,2026-07-21
P00507,Bala Shanmugam,64,M,169.7,64.5,A+,+918056939919,11871813359561,Chennai,Perambur,2026-07-14
P00508,Yamuna Subramaniam,51,F,158.2,53.3,O-,+919897507034,57490250429019,Chennai,Perambur,2026-06-21
P00509,Bala Chettiar,45,M,156.1,67.8,AB+,+917098189010,26113989868180,Chennai,Perambur,2026-07-08
P00510,Suganya Chettiar,16,F,149.8,45.8,O+,+918054115287,35375137651588,Chennai,Perambur,2026-06-21
P00511,Praveen Iyer,60,M,159.0,54.7,B-,+919888484532,29445511668297,Chennai,Perambur,2026-06-27
P00512,Ramesh Pillai,25,M,178.2,50.6,AB+,+919084434303,71206021288665,Chennai,Perambur,2026-06-01
P00513,Selvam Pillai,19,M,170.9,63.6,A+,+917057641606,76764722981209,Chennai,Perambur,2026-07-28
P00514,Sangeetha Nair,29,F,151.0,46.3,O+,+917041173885,47509889864565,Chennai,Perambur,2026-06-21
P00515,Dinesh Sundaram,43,M,164.3,88.4,O+,+919023350172,54214477324491,Chennai,Perambur,2026-07-17
P00516,Senthil Perumal,25,M,162.8,59.3,B+,+917090314752,08830705349678,Chennai,Perambur,2026-06-14
P00517,Manoj Natarajan,45,M,159.2,79.5,AB+,+919845306850,12415131528547,Chennai,Perambur,2026-07-25
P00518,Karthik Sundaram,55,M,163.1,54.9,A-,+919035554877,80032963347272,Chennai,Perambur,2026-07-30
P00519,Deepa Raman,35,F,160.2,78.9,AB+,+917075859451,89320649693578,Chennai,Perambur,2026-07-25
P00520,Muthu Balasubramaniam,6,M,176.0,49.0,AB-,+919890241009,58741314675361,Chennai,Perambur,2026-07-27
P00521,Vignesh Balasubramaniam,22,M,166.5,79.0,AB-,+919841522381,04483608545667,Chennai,Perambur,2026-07-16
P00522,Padma Gounder,56,F,140.8,73.7,O-,+917051407598,76392831995298,Chennai,Perambur,2026-06-18
P00523,Bala Shanmugam,41,M,164.5,49.8,A-,+917079611890,35832863425563,Chennai,Perambur,2026-06-22
P00524,Ravi Pillai,59,M,167.0,63.8,AB+,+919815675419,24403304166241,Chennai,Perambur,2026-06-02
P00525,Senthil Iyer,63,M,170.7,66.0,A-,+919836076367,94568044731497,Chennai,Perambur,2026-06-01
P00526,Geetha Naidu,19,F,154.1,63.1,AB-,+919081565416,83607658173906,Chennai,Perambur,2026-06-27
P00527,Suresh Pillai,18,M,168.0,73.0,B+,+918075741381,93126978930746,Chennai,Perambur,2026-06-10
P00528,Kalaivani Sundaram,47,F,154.1,35.3,A+,+919038081593,87875357788116,Chennai,Perambur,2026-06-03
P00529,Dinesh Natarajan,16,M,174.5,75.5,A-,+917066932774,72872866041644,Chennai,Perambur,2026-06-11
P00530,Anitha Iyer,63,F,149.2,50.3,O+,+918092409660,58947735228705,Chennai,Perambur,2026-07-12
P00531,Deepa Chettiar,46,F,163.1,59.3,A-,+919854430783,10979215835034,Chennai,Perambur,2026-07-15
P00532,Nithya Subramaniam,37,F,161.9,36.2,AB+,+919085311217,83192134249128,Chennai,Perambur,2026-07-08
P00533,Yamuna Balasubramaniam,23,F,167.0,49.9,B-,+918010358466,33192227051028,Chennai,Perambur,2026-07-22
P00534,Malar Pillai,30,F,146.9,64.1,B-,+919860641630,67548581932426,Chennai,Perambur,2026-06-20
P00535,Uma Nair,6,F,155.9,51.9,A+,+919072555645,56398365203758,Chennai,Perambur,2026-06-28
P00536,Bala Naidu,16,M,171.9,65.4,A+,+919014500077,47604409079772,Chennai,Perambur,2026-06-07
P00537,Priya Iyer,37,F,143.4,52.6,B+,+918021116532,61070518439055,Chennai,Perambur,2026-06-24
P00538,Bala Perumal,35,M,173.8,56.1,A+,+919865885406,01382412704938,Chennai,Perambur,2026-07-31
P00539,Geetha Subramaniam,51,F,166.7,58.5,A-,+919072579321,91971112125902,Chennai,Perambur,2026-06-18
P00540,Praveen Reddy,36,M,166.6,76.4,B-,+918051672868,06424295633432,Chennai,Perambur,2026-06-06
P00541,Uma Perumal,36,F,163.6,67.4,AB-,+918014929963,96289365435884,Chennai,Perambur,2026-06-24
P00542,Elango Naidu,47,M,159.5,64.3,A+,+917079394567,27279559690515,Chennai,Perambur,2026-06-14
P00543,Bala Reddy,49,M,172.6,51.6,B+,+919883387315,20797996673459,Chennai,Perambur,2026-06-12
P00544,Revathi Perumal,71,F,146.9,59.3,A-,+919867162555,49690282498392,Chennai,Perambur,2026-06-03
P00545,Vignesh Subramaniam,21,M,152.9,69.9,AB-,+919832191838,70232441233613,Chennai,Perambur,2026-07-21
P00546,Arun Balasubramaniam,40,M,158.8,43.7,B+,+919023410159,78637673162526,Chennai,Perambur,2026-06-24
P00547,Geetha Murugan,64,F,146.1,56.4,O-,+919899909325,90392355580996,Chennai,Perambur,2026-06-26
P00548,Karthik Chettiar,19,M,162.3,59.8,O+,+919822462163,56262446704622,Chennai,Perambur,2026-06-13
P00549,Meena Velu,23,F,141.2,53.1,A+,+918052818915,29867076604641,Chennai,Perambur,2026-07-14
P00550,Kalaivani Shanmugam,39,F,141.1,57.7,O-,+917034003439,68612059438976,Chennai,Perambur,2026-07-16
P00551,Prakash Subramaniam,32,M,165.5,74.0,O+,+919855293348,40842456075409,Chennai,Perambur,2026-06-04
P00552,Naveen Gounder,23,M,163.6,67.6,B+,+917081804498,12276457938970,Chennai,Perambur,2026-07-18
P00553,Manoj Velu,35,M,167.0,50.1,A-,+919095461939,46602416139449,Chennai,Perambur,2026-07-22
P00554,Gopal Chettiar,19,M,164.1,61.4,AB+,+919034926040,48096244063062,Chennai,Perambur,2026-07-07
P00555,Revathi Raman,35,F,165.8,68.4,O-,+918018552683,94979695867805,Chennai,Perambur,2026-06-15
P00556,Sangeetha Balasubramaniam,35,F,148.7,78.2,B-,+918062353135,46091785138544,Chennai,Perambur,2026-06-10
P00557,Uma Sundaram,18,F,157.7,66.9,AB+,+917048102759,87368269116331,Chennai,Perambur,2026-07-10
P00558,Radha Shanmugam,57,F,157.0,64.4,AB+,+919039226259,69455158886367,Chennai,Perambur,2026-07-20
P00559,Nithya Raman,28,F,172.7,71.5,O-,+919898072413,21696663093299,Chennai,Perambur,2026-06-26
P00560,Arun Rajan,68,M,154.5,53.6,B-,+918086410977,71509688327532,Chennai,Perambur,2026-07-31
P00561,Priya Chettiar,75,F,148.1,53.6,AB-,+919842889647,97327819523710,Chennai,Perambur,2026-07-28
P00562,Gopal Velu,51,M,161.6,53.8,A-,+919844900534,81980770460568,Chennai,Perambur,2026-07-04
P00563,Sowmya Pillai,29,F,156.8,63.7,B+,+919065417567,52373415177345,Chennai,Perambur,2026-07-23
P00564,Suganya Naidu,49,F,152.3,48.0,A+,+918029867441,84035954429477,Chennai,Perambur,2026-06-29
P00565,Radha Naidu,56,F,166.9,69.3,B-,+917038408798,94290458867925,Chennai,Perambur,2026-07-25
P00566,Bala Velu,55,M,156.9,57.6,AB-,+918080496099,72760153433249,Chennai,Perambur,2026-07-04
P00567,Arun Perumal,28,M,158.9,39.4,B-,+918058796241,06158148881079,Chennai,Perambur,2026-07-29
P00568,Praveen Gounder,48,M,165.5,86.4,AB-,+918015399953,94841312840333,Chennai,Perambur,2026-06-12
P00569,Divya Chettiar,16,F,157.2,60.1,AB-,+917069310555,17318939749096,Chennai,Perambur,2026-07-11
P00570,Dinesh Natarajan,22,M,163.4,52.3,A+,+919064649280,94725878444835,Chennai,Perambur,2026-07-12
P00571,Anitha Balasubramaniam,28,F,146.5,53.9,A+,+919078390365,77221641758231,Chennai,Perambur,2026-07-19
P00572,Ravi Balasubramaniam,31,M,167.2,78.8,A-,+919091809287,39252362292587,Chennai,Perambur,2026-06-21
P00573,Nithya Subramaniam,40,F,148.8,70.4,B+,+919054791430,55746966060652,Chennai,Perambur,2026-07-25
P00574,Deepa Chettiar,29,F,155.2,55.6,O+,+919060126991,05665883398741,Chennai,Perambur,2026-07-16
P00575,Karthik Velu,38,M,172.1,46.0,AB-,+918047600104,99601054857417,Chennai,Perambur,2026-07-01
P00576,Ashok Iyer,41,M,167.3,61.8,B+,+919087052803,38173598488402,Chennai,Perambur,2026-07-20
P00577,Elango Chettiar,57,M,156.0,62.9,B+,+919072857705,37553449021666,Chennai,Perambur,2026-06-24
P00578,Malar Subramaniam,1,F,159.5,36.4,A+,+919814306243,85874951191818,Chennai,Perambur,2026-06-04
P00579,Dinesh Murugan,48,M,150.2,88.1,AB+,+919072507231,72512957860694,Chennai,Perambur,2026-07-10
P00580,Praveen Rajan,59,M,159.3,56.6,AB+,+918044742654,39587395923234,Chennai,Perambur,2026-06-01
P00581,Senthil Subramaniam,55,M,170.9,68.2,A-,+919052323714,33342643350271,Chennai,Perambur,2026-06-09
P00582,Deepa Velu,36,F,170.9,61.8,A+,+919868860762,63369112898123,Chennai,Perambur,2026-07-25
P00583,Dinesh Chettiar,65,M,160.2,40.2,A-,+919074153249,48170066615541,Chennai,Perambur,2026-06-27
P00584,Divya Velu,83,F,166.0,52.2,AB-,+917046871774,50232902822700,Chennai,Perambur,2026-06-15
P00585,Ashok Nair,55,M,156.2,56.4,B+,+918099747074,25120734654950,Chennai,Perambur,2026-06-11
P00586,Vignesh Sundaram,51,M,156.8,86.9,A+,+919890330313,82210531611776,Chennai,Perambur,2026-06-03
P00587,Suganya Iyer,54,F,163.1,51.2,O-,+919092357282,17793238223116,Chennai,Perambur,2026-07-01
P00588,Suganya Nair,26,F,157.9,54.3,O+,+919072028610,98894256529060,Chennai,Perambur,2026-06-15
P00589,Ramesh Velu,41,M,164.8,49.9,O-,+917086784181,77539673794871,Chennai,Perambur,2026-06-16
P00590,Kalaivani Nair,12,F,149.6,46.0,O+,+919075411700,87158415608213,Chennai,Perambur,2026-06-22
P00591,Nithya Natarajan,42,F,151.5,56.6,AB+,+917077742871,26832303589298,Chennai,Perambur,2026-06-23
P00592,Ravi Nair,28,M,167.4,54.2,O-,+918023440304,29328963406468,Chennai,Perambur,2026-06-15
P00593,Divya Naidu,53,F,149.4,76.6,O+,+918092291206,91062272362669,Chennai,Perambur,2026-06-01
P00594,Saravanan Iyer,70,M,165.1,76.1,AB+,+917088642156,23724501848197,Chennai,Perambur,2026-06-15
P00595,Vignesh Murugan,29,M,159.3,79.0,O-,+919015499119,64176927438119,Chennai,Perambur,2026-06-30
P00596,Vidya Sundaram,58,F,155.9,81.3,A+,+917047608285,44856451017397,Chennai,Perambur,2026-07-02
P00597,Gopal Shanmugam,15,M,158.6,81.6,AB+,+919815650731,91919113599660,Chennai,Perambur,2026-07-16
P00598,Sowmya Perumal,57,F,149.8,47.7,A+,+919894304617,60392051460745,Chennai,Perambur,2026-06-30
P00599,Sangeetha Naidu,9,F,171.6,54.5,B+,+918084957616,85652715598354,Chennai,Perambur,2026-06-21
P00600,Selvam Balasubramaniam,69,M,168.0,62.3,B+,+919837131995,47557522501394,Chennai,Perambur,2026-06-26
P00601,Divya Murugan,38,F,145.1,43.2,AB+,+919029564306,58562614991537,Chennai,Perambur,2026-06-13
P00602,Arun Balasubramaniam,54,M,165.1,72.0,B-,+918042930552,37320430977688,Chennai,Perambur,2026-06-18
P00603,Naveen Naidu,8,M,173.1,50.3,O-,+919067890079,55358512538921,Chennai,Perambur,2026-07-27
P00604,Yamuna Gounder,25,F,151.3,56.8,O-,+918072449688,49079779612087,Chennai,Perambur,2026-07-23
P00605,Suresh Naidu,54,M,159.5,63.8,O+,+917090227105,76263748453986,Chennai,Perambur,2026-06-23
P00606,Selvam Raman,31,M,167.3,31.6,A+,+919088845892,11918623392207,Chennai,Perambur,2026-07-08
P00607,Naveen Sundaram,34,M,168.1,49.7,AB+,+919828590430,52145264712463,Chennai,Perambur,2026-07-14
P00608,Selvam Natarajan,53,M,158.1,78.9,A-,+919012738143,90805120800564,Chennai,Perambur,2026-06-06
P00609,Dinesh Balasubramaniam,45,M,155.1,61.8,B+,+918056338397,12959272827090,Chennai,Perambur,2026-06-12
P00610,Manoj Subramaniam,42,M,167.4,55.3,B+,+918023384402,73929578671815,Chennai,Perambur,2026-06-19
P00611,Karthik Subramaniam,29,M,169.4,68.2,A+,+919898538069,91815899886834,Chennai,Perambur,2026-06-26
P00612,Vidya Velu,27,F,164.0,73.3,AB+,+919821058049,70715879647408,Chennai,Perambur,2026-06-19
P00613,Senthil Nair,40,M,168.2,80.5,O-,+917081711476,00463580688285,Chennai,Perambur,2026-07-07
P00614,Ramesh Gounder,19,M,168.1,62.1,O-,+917037327834,73990063140352,Chennai,Perambur,2026-07-31
P00615,Yamuna Gounder,46,F,148.2,59.9,O+,+919886576546,43460666437490,Chennai,Perambur,2026-06-10
P00616,Revathi Murugan,33,F,168.2,63.3,A-,+917031330395,71285246484494,Chennai,Perambur,2026-06-09
P00617,Senthil Balasubramaniam,39,M,157.0,71.1,B-,+918079555056,07711306211369,Chennai,Perambur,2026-06-06
P00618,Lakshmi Perumal,30,F,150.9,60.5,B-,+918052670676,09025425730662,Chennai,Perambur,2026-07-09
P00619,Sangeetha Raman,25,F,154.8,50.4,AB-,+917042987512,98482285011688,Chennai,Perambur,2026-07-17
P00620,Selvam Subramaniam,26,M,161.4,60.0,A+,+918023930806,30609069130981,Chennai,Perambur,2026-07-30
P00621,Prakash Velu,14,M,150.8,80.9,AB-,+918075842162,94577278532426,Chennai,Perambur,2026-06-19
P00622,Vidya Reddy,28,F,160.7,50.2,B+,+917071731037,68362536667776,Chennai,Perambur,2026-06-02
P00623,Revathi Chettiar,27,F,160.4,42.5,B-,+918098493234,95786543627187,Chennai,Perambur,2026-06-14
P00624,Yamuna Sundaram,55,F,171.5,41.1,A+,+918039149156,58268627036924,Chennai,Perambur,2026-07-26
P00625,Elango Gounder,23,M,156.9,67.2,B+,+919852441605,99801110005155,Chennai,Perambur,2026-06-21
P00626,Suresh Subramaniam,28,M,164.2,34.8,O-,+919873765142,52441822261896,Chennai,Perambur,2026-06-20
P00627,Praveen Pillai,14,M,160.7,62.0,B+,+919823028371,02676720957992,Chennai,Perambur,2026-07-25
P00628,Sowmya Subramaniam,24,F,171.7,38.3,O-,+917059656286,12294621354159,Chennai,Perambur,2026-07-31
P00629,Suganya Chettiar,75,F,156.7,51.7,O+,+917075714214,52034476504715,Chennai,Perambur,2026-07-25
P00630,Arun Raman,43,M,180.1,89.3,O+,+919836795548,76604655866525,Chennai,Perambur,2026-07-10
P00631,Divya Rajan,18,F,152.0,55.2,A-,+917027250444,13125129311005,Chennai,Perambur,2026-07-29
P00632,Elango Rajan,77,M,171.2,79.0,A-,+917017538528,23121106330165,Chennai,Perambur,2026-07-26
P00633,Gopal Reddy,26,M,165.8,81.3,A+,+919834820595,80123428931132,Chennai,Perambur,2026-06-12
P00634,Sowmya Reddy,36,F,155.2,49.4,AB+,+919039294123,64538044210175,Chennai,Perambur,2026-06-26
P00635,Elango Raman,13,M,154.9,82.9,A-,+919088938629,59194575757475,Chennai,Perambur,2026-07-16
P00636,Bala Sundaram,52,M,165.7,72.3,AB-,+919853535905,67772266025626,Chennai,Perambur,2026-07-15
P00637,Anitha Chettiar,69,F,156.2,54.1,A-,+917062518275,72453076248433,Chennai,Perambur,2026-07-08
P00638,Anitha Balasubramaniam,28,F,147.6,49.2,A+,+919024228623,15794238736704,Chennai,Perambur,2026-06-28
P00639,Vignesh Perumal,29,M,170.9,52.9,O+,+919060110818,25971075633535,Chennai,Perambur,2026-07-09
P00640,Kalaivani Chettiar,21,F,157.3,43.1,B+,+919094917104,93993379705816,Chennai,Perambur,2026-07-07
P00641,Saravanan Murugan,32,M,162.7,48.7,AB-,+919835928411,42507330559782,Chennai,Perambur,2026-07-28
P00642,Yamuna Shanmugam,39,F,163.9,54.3,B-,+918090206794,91403884366044,Chennai,Perambur,2026-06-21
P00643,Bala Natarajan,40,M,166.4,53.2,B+,+919894005516,68297514743974,Chennai,Perambur,2026-06-06
P00644,Manoj Krishnan,13,M,159.0,59.5,O-,+919859502450,25680656259045,Chennai,Perambur,2026-06-02
P00645,Suresh Iyer,42,M,163.2,63.7,B+,+917080166422,23155516517680,Chennai,Perambur,2026-06-05
P00646,Geetha Murugan,28,F,150.0,48.6,B-,+919831348733,14330800370033,Chennai,Perambur,2026-06-10
P00647,Naveen Raman,47,M,163.8,60.0,O+,+919813155879,68103903397051,Chennai,Perambur,2026-07-11
P00648,Deepa Iyer,54,F,140.0,56.7,A+,+919045654499,85862394535461,Chennai,Perambur,2026-06-26
P00649,Radha Chettiar,19,F,157.6,75.5,B+,+917015591522,61339439457039,Chennai,Perambur,2026-07-20
P00650,Deepa Nair,32,F,155.4,60.6,O-,+918077054198,65769277894319,Chennai,Perambur,2026-06-01
P00651,Saravanan Raman,64,M,154.6,47.7,O+,+919861193448,92105336514604,Chennai,Perambur,2026-07-31
P00652,Elango Chettiar,13,M,170.5,58.9,A-,+917073955393,20113798440971,Chennai,Perambur,2026-06-17
P00653,Elango Sundaram,41,M,172.9,62.6,B+,+917087411508,01447340433700,Chennai,Perambur,2026-06-28
P00654,Revathi Krishnan,41,F,143.4,51.2,O+,+919021866994,95778255882556,Chennai,Perambur,2026-07-21
P00655,Gopal Shanmugam,22,M,161.3,85.4,AB+,+919067943314,19425577820582,Chennai,Perambur,2026-06-10
P00656,Sowmya Iyer,34,F,140.4,52.3,B-,+919820971412,61880819048235,Chennai,Perambur,2026-06-11
P00657,Malar Velu,59,F,163.7,62.4,B-,+919064760624,13723081721436,Chennai,Perambur,2026-06-26
P00658,Deepa Raman,16,F,159.6,44.6,A+,+917049699466,13211471656094,Chennai,Perambur,2026-06-07
P00659,Yamuna Krishnan,28,F,158.5,43.6,AB-,+917077108172,55047681699570,Chennai,Perambur,2026-07-01
P00660,Divya Balasubramaniam,48,F,164.0,61.3,O+,+917021135331,31765397054873,Chennai,Perambur,2026-07-28
P00661,Malar Natarajan,60,F,161.8,43.0,A-,+918072166964,49680491872742,Chennai,Perambur,2026-06-02
P00662,Vignesh Murugan,23,M,163.2,75.4,B-,+919875263028,30626042359737,Chennai,Perambur,2026-06-08
P00663,Arun Natarajan,45,M,167.6,63.2,AB-,+919067710061,08581670468611,Chennai,Perambur,2026-07-07
P00664,Gopal Velu,1,M,163.4,94.1,B-,+918026241805,02192378584712,Chennai,Perambur,2026-06-23
P00665,Radha Raman,41,F,156.5,61.0,O-,+917078477351,01849804253733,Chennai,Perambur,2026-07-18
P00666,Radha Shanmugam,52,F,149.5,59.1,A-,+918099534277,28217819236534,Chennai,Perambur,2026-06-12
P00667,Deepa Subramaniam,55,F,158.1,72.4,AB+,+919891394530,32798623984716,Chennai,Perambur,2026-06-02
P00668,Vignesh Krishnan,15,M,156.1,72.7,O-,+919062783449,47548954787698,Chennai,Perambur,2026-07-16
P00669,Prakash Murugan,30,M,165.7,54.0,O+,+919046406719,49835539354358,Chennai,Perambur,2026-07-04
P00670,Deepa Iyer,39,F,153.1,73.9,O+,+918058517955,88537982143395,Chennai,Perambur,2026-07-13
P00671,Saravanan Natarajan,62,M,155.5,56.5,O-,+918044188706,91416860134778,Chennai,Perambur,2026-07-16
P00672,Lakshmi Sundaram,50,F,146.7,57.1,AB-,+917073937051,66512215001418,Chennai,Perambur,2026-06-18
P00673,Sowmya Krishnan,43,F,157.6,57.4,A+,+917055312695,94463339994853,Chennai,Perambur,2026-06-03
P00674,Praveen Nair,19,M,175.5,67.3,AB+,+918082707256,90219947113633,Chennai,Perambur,2026-07-19
P00675,Revathi Reddy,8,F,144.3,66.4,AB+,+919869883280,33116772696084,Chennai,Perambur,2026-06-01
P00676,Ravi Rajan,30,M,171.9,55.6,O-,+917076978961,89679352196263,Chennai,Perambur,2026-07-21
P00677,Naveen Balasubramaniam,30,M,172.5,65.1,A+,+918096634490,17069556076761,Chennai,Perambur,2026-06-15
P00678,Suganya Balasubramaniam,52,F,154.8,66.6,B+,+918039412039,98983065031219,Chennai,Perambur,2026-06-24
P00679,Ashok Naidu,37,M,174.8,64.8,B+,+918064957378,42813190924876,Chennai,Perambur,2026-06-10
P00680,Prakash Murugan,48,M,166.3,86.7,A-,+917046110491,28178522823052,Chennai,Perambur,2026-06-13
P00681,Anitha Krishnan,34,F,154.9,53.9,AB-,+918027755795,39594737213290,Chennai,Perambur,2026-06-09
P00682,Elango Perumal,37,M,169.3,64.3,AB-,+919883862129,86878599648628,Chennai,Perambur,2026-06-19
P00683,Nithya Pillai,41,F,156.6,92.8,AB+,+919860458379,45057303627924,Chennai,Perambur,2026-07-24
P00684,Sangeetha Naidu,63,F,155.1,60.2,AB-,+919872592309,75372603214505,Chennai,Perambur,2026-06-15
P00685,Uma Perumal,69,F,146.0,61.4,AB-,+917074351832,15534820128400,Chennai,Perambur,2026-06-19
P00686,Naveen Rajan,32,M,159.7,56.5,AB-,+919093452915,54508917768089,Chennai,Perambur,2026-06-29
P00687,Elango Naidu,48,M,165.0,69.9,B+,+918036351536,19646300402369,Chennai,Perambur,2026-07-16
P00688,Ashok Shanmugam,23,M,152.0,76.1,O+,+918010076098,12047137271175,Chennai,Perambur,2026-06-10
P00689,Kalaivani Rajan,64,F,138.9,57.2,B+,+919089705240,33067458476094,Chennai,Perambur,2026-07-27
P00690,Revathi Gounder,60,F,158.6,62.2,AB-,+918023233496,88566695413297,Chennai,Perambur,2026-06-15
P00691,Vignesh Sundaram,44,M,147.0,76.5,AB-,+917054799978,51437769366343,Chennai,Perambur,2026-06-28
P00692,Naveen Murugan,44,M,159.4,78.9,A-,+917021047495,02867120072024,Chennai,Perambur,2026-07-08
P00693,Lakshmi Nair,20,F,138.9,52.5,O+,+919023417922,09109032671494,Chennai,Perambur,2026-06-06
P00694,Elango Naidu,12,M,168.2,56.5,B+,+917076627763,93406527758446,Chennai,Perambur,2026-06-05
P00695,Deepa Gounder,42,F,149.5,68.3,AB-,+918030833152,01091217221455,Chennai,Perambur,2026-06-21
P00696,Senthil Reddy,36,M,163.3,52.4,B-,+919898071212,05263510046277,Chennai,Perambur,2026-06-08
P00697,Vidya Rajan,45,F,139.4,37.0,B+,+917032035748,46175202389743,Chennai,Perambur,2026-07-18
P00698,Bala Rajan,48,M,153.1,75.2,O-,+919010367395,17833258486899,Chennai,Perambur,2026-07-11
P00699,Kumar Shanmugam,1,M,172.8,69.1,O+,+919815974522,45069176799359,Chennai,Perambur,2026-07-17
P00700,Karthik Gounder,19,M,158.6,68.2,O+,+919845616810,08303736060148,Chennai,Perambur,2026-07-12
P00701,Nithya Krishnan,74,F,156.7,55.8,AB-,+918081684347,84136852830615,Chennai,Perambur,2026-07-21
P00702,Saravanan Nair,7,M,166.5,64.2,O+,+919065777619,26325144881121,Chennai,Perambur,2026-06-09
P00703,Ramesh Pillai,44,M,164.2,67.6,AB-,+919026299272,88781794151526,Chennai,Perambur,2026-06-18
P00704,Prakash Murugan,7,M,159.2,62.4,A-,+918029570681,52883750566186,Chennai,Perambur,2026-06-02
P00705,Suresh Gounder,50,M,174.7,49.1,AB-,+919861979251,55300730950556,Chennai,Perambur,2026-07-15
P00706,Vignesh Pillai,40,M,180.6,60.5,A-,+918073542673,78851905348640,Chennai,Perambur,2026-06-06
P00707,Naveen Iyer,52,M,167.3,71.3,O+,+919065301707,18517446004521,Chennai,Perambur,2026-06-17
P00708,Manoj Subramaniam,35,M,174.9,58.2,A-,+917045460303,55129391304488,Chennai,Perambur,2026-07-25
P00709,Senthil Reddy,46,M,155.7,48.8,A-,+919815467685,46154021190170,Chennai,Perambur,2026-06-20
P00710,Suganya Nair,25,F,158.0,46.6,B-,+917054837154,22910732283608,Chennai,Perambur,2026-06-07
P00711,Lakshmi Sundaram,12,F,149.0,65.6,B-,+919835833126,84526969443916,Chennai,Perambur,2026-06-16
P00712,Radha Chettiar,20,F,149.4,46.7,O+,+918087392091,29132033016234,Chennai,Perambur,2026-06-08
P00713,Ashok Pillai,14,M,159.8,60.4,O-,+918070005324,22155668473236,Chennai,Perambur,2026-06-01
P00714,Revathi Balasubramaniam,4,F,159.5,74.4,AB-,+919068713655,04067200784361,Chennai,Perambur,2026-07-31
P00715,Malar Murugan,47,F,160.0,56.2,AB-,+919050694236,37347642737203,Chennai,Perambur,2026-07-21
P00716,Malar Iyer,39,F,137.4,81.4,A-,+919059772507,84148460191344,Chennai,Perambur,2026-07-06
P00717,Ravi Nair,39,M,153.1,49.5,AB-,+917030011366,05869507321464,Chennai,Perambur,2026-07-22
P00718,Yamuna Subramaniam,29,F,145.3,49.3,A-,+919873331235,93350557385736,Chennai,Perambur,2026-07-13
P00719,Karthik Chettiar,34,M,161.5,71.9,AB-,+919881803895,11872333510409,Chennai,Perambur,2026-07-26
P00720,Sangeetha Chettiar,30,F,159.7,64.7,A-,+919041770612,91149830748207,Chennai,Perambur,2026-07-08
P00721,Kumar Naidu,48,M,149.0,76.5,A+,+919856836458,57820190432230,Chennai,Perambur,2026-06-15
P00722,Muthu Natarajan,50,M,166.8,72.7,A+,+919840282898,92013546212760,Chennai,Perambur,2026-06-09
P00723,Suresh Nair,22,M,172.0,54.8,B-,+917030634593,61632488899572,Chennai,Perambur,2026-06-07
P00724,Elango Naidu,3,M,173.1,61.4,O-,+919091373700,30364687191203,Chennai,Perambur,2026-07-10
P00725,Vignesh Krishnan,21,M,162.0,53.8,B+,+918026968753,30898138815881,Chennai,Perambur,2026-07-23
P00726,Anitha Krishnan,15,F,154.3,73.1,AB+,+919837554949,23182971681572,Chennai,Perambur,2026-07-23
P00727,Priya Raman,54,F,154.7,59.8,A-,+919032135715,91137178509025,Chennai,Perambur,2026-06-02
P00728,Malar Reddy,38,F,152.1,62.1,O+,+919031377455,18299874781224,Chennai,Perambur,2026-07-29
P00729,Prakash Krishnan,30,M,173.3,51.5,A+,+919042965597,65515848266913,Chennai,Perambur,2026-06-03
P00730,Kalaivani Subramaniam,37,F,158.7,65.7,A+,+919051624456,29608070633699,Chennai,Perambur,2026-06-15
P00731,Malar Nair,14,F,145.5,74.7,B+,+917018148595,40164818804428,Chennai,Perambur,2026-07-11
P00732,Deepa Velu,40,F,136.5,58.3,B-,+917063647995,43212694289464,Chennai,Perambur,2026-07-04
P00733,Ravi Sundaram,74,M,167.1,65.3,B-,+917051551799,41706462554026,Chennai,Perambur,2026-07-17
P00734,Ramesh Reddy,28,M,163.6,53.7,B-,+917099746613,17646448988031,Chennai,Perambur,2026-07-05
P00735,Kalaivani Iyer,39,F,167.4,35.6,AB-,+917055624499,04043333538495,Chennai,Perambur,2026-06-18
P00736,Manoj Murugan,34,M,160.5,70.2,A-,+919880626900,71809339137326,Chennai,Perambur,2026-06-10
P00737,Divya Perumal,43,F,155.0,55.3,AB-,+919062256420,17868800230091,Chennai,Perambur,2026-06-05
P00738,Yamuna Perumal,40,F,155.7,52.2,A+,+918060639157,57744916093659,Chennai,Perambur,2026-06-09
P00739,Malar Reddy,42,F,157.1,56.3,A-,+919040312280,36875092632239,Chennai,Perambur,2026-06-08
P00740,Selvam Sundaram,44,M,172.8,70.9,A-,+917044245294,04288605053766,Chennai,Perambur,2026-06-22
P00741,Kavya Sundaram,67,F,152.2,52.6,A+,+917035895776,08356691062715,Chennai,Perambur,2026-07-18
P00742,Saravanan Rajan,37,M,169.0,69.4,O-,+917067685899,88269177682938,Chennai,Perambur,2026-06-14
P00743,Priya Perumal,26,F,174.9,65.6,AB-,+918055984239,43788260335910,Chennai,Perambur,2026-07-06
P00744,Arun Krishnan,48,M,160.6,53.6,O-,+917048835846,49207492699969,Chennai,Perambur,2026-07-15
P00745,Yamuna Natarajan,55,F,146.5,66.3,A-,+919029485870,85969325914084,Chennai,Perambur,2026-07-19
P00746,Ramesh Gounder,15,M,181.1,57.7,O+,+918067696791,69806908726176,Chennai,Perambur,2026-06-07
P00747,Praveen Perumal,31,M,161.2,68.3,B-,+919099945548,95382804056129,Chennai,Perambur,2026-07-17
P00748,Kavya Velu,60,F,149.5,70.7,O-,+918068270032,41869656130876,Chennai,Perambur,2026-07-25
P00749,Selvam Rajan,25,M,154.3,69.8,A-,+919035775293,46823948400273,Chennai,Perambur,2026-07-04
P00750,Prakash Velu,47,M,180.6,66.0,AB+,+917017402229,16831139500168,Chennai,Perambur,2026-06-28
P00751,Selvam Krishnan,26,M,160.8,60.6,AB-,+919833781932,83976205344077,Chennai,Perambur,2026-07-25
P00752,Sangeetha Iyer,61,F,148.5,51.0,AB+,+919827452167,92508177602991,Chennai,Perambur,2026-06-04
P00753,Deepa Chettiar,79,F,157.7,53.7,AB-,+918021970455,25523561781703,Chennai,Perambur,2026-06-13
P00754,Arun Velu,25,M,163.6,60.6,A-,+918066626400,38527789561337,Chennai,Perambur,2026-06-11
P00755,Ramesh Rajan,55,M,158.7,59.4,A+,+918063094995,48016440373416,Chennai,Perambur,2026-07-17
P00756,Sangeetha Balasubramaniam,60,F,137.1,52.1,B+,+918020090296,02179821348629,Chennai,Perambur,2026-07-28
P00757,Vidya Gounder,35,F,145.7,56.1,B-,+917079162437,28560539707986,Chennai,Perambur,2026-06-15
P00758,Padma Krishnan,13,F,144.1,30,AB+,+919841668661,68205068212235,Chennai,Perambur,2026-06-30
P00759,Priya Rajan,34,F,152.0,38.9,AB-,+917045555431,69218219259679,Chennai,Perambur,2026-06-24
P00760,Saravanan Gounder,60,M,155.7,59.8,AB+,+919083380336,02205093869484,Chennai,Perambur,2026-07-14
P00761,Suresh Murugan,30,M,175.4,74.3,O+,+919070648113,88707152386767,Chennai,Perambur,2026-07-06
P00762,Arun Natarajan,17,M,144.2,57.2,O+,+919820467889,91779876829968,Chennai,Perambur,2026-06-12
P00763,Deepa Balasubramaniam,35,F,150.5,63.3,A+,+919080382000,06235040566957,Chennai,Perambur,2026-07-07
P00764,Senthil Nair,24,M,169.1,66.2,O-,+919046013628,42867963259423,Chennai,Perambur,2026-06-18
P00765,Praveen Chettiar,26,M,153.0,77.1,A-,+919064344900,24152857256292,Chennai,Perambur,2026-07-24
P00766,Revathi Rajan,11,F,160.3,55.2,O-,+917040004863,81865507846850,Chennai,Perambur,2026-07-15
P00767,Deepa Reddy,39,F,141.2,55.8,A-,+917025193029,79720385934015,Chennai,Perambur,2026-06-01
P00768,Elango Pillai,51,M,162.3,68.2,O-,+919037151869,13259367813675,Chennai,Perambur,2026-06-19
P00769,Manoj Reddy,62,M,166.1,71.5,A-,+917057494219,27698198780927,Chennai,Perambur,2026-07-26
P00770,Ravi Perumal,35,M,164.4,71.3,O-,+919831849239,25866059867874,Chennai,Perambur,2026-07-25
P00771,Suganya Shanmugam,44,F,151.7,54.1,O-,+919858816297,59428249116502,Chennai,Perambur,2026-07-18
P00772,Muthu Subramaniam,17,M,166.8,62.6,B-,+918019764093,32155130557083,Chennai,Perambur,2026-07-22
P00773,Malar Perumal,27,F,153.3,66.2,AB+,+919888709772,97273677462025,Chennai,Perambur,2026-07-25
P00774,Suresh Perumal,47,M,170.8,60.2,B-,+918082929177,12312392049106,Chennai,Perambur,2026-07-31
P00775,Senthil Natarajan,54,M,158.6,53.0,O-,+917081472700,27681722577545,Chennai,Perambur,2026-06-14
P00776,Sowmya Krishnan,48,F,147.2,59.2,O-,+918093028632,18768316082717,Chennai,Perambur,2026-07-26
P00777,Dinesh Nair,63,M,169.7,71.7,A+,+919034399341,22999362165914,Chennai,Perambur,2026-07-17
P00778,Ramesh Rajan,68,M,160.8,62.8,O-,+918087524851,83584461777326,Chennai,Perambur,2026-07-28
P00779,Padma Pillai,38,F,156.6,46.1,B+,+919891014816,97029271205397,Chennai,Perambur,2026-07-07
P00780,Kalaivani Iyer,69,F,153.9,49.8,B-,+918030030597,01256083200487,Chennai,Perambur,2026-07-16
P00781,Uma Perumal,16,F,153.9,47.9,O-,+918041782201,86003044361995,Chennai,Perambur,2026-06-14
P00782,Ramesh Chettiar,30,M,157.8,67.7,A-,+917030027348,92950143748309,Chennai,Perambur,2026-07-26
P00783,Kumar Balasubramaniam,58,M,159.5,70.0,A-,+917029486273,60221321767201,Chennai,Perambur,2026-07-14
P00784,Vignesh Nair,37,M,170.9,72.8,A+,+917092880515,07258733930493,Chennai,Perambur,2026-06-07
P00785,Nithya Perumal,29,F,158.7,65.5,A-,+918047855437,21140868250952,Chennai,Perambur,2026-07-12
P00786,Kumar Chettiar,38,M,158.6,58.4,O-,+919061069257,10399529701371,Chennai,Perambur,2026-06-02
P00787,Naveen Reddy,34,M,173.3,58.2,B+,+918013629536,41202706159273,Chennai,Perambur,2026-06-24
P00788,Lakshmi Natarajan,50,F,154.2,65.1,A-,+919867203444,90632248155420,Chennai,Perambur,2026-07-10
P00789,Prakash Subramaniam,27,M,149.7,69.1,AB+,+919885756281,75649157955462,Chennai,Perambur,2026-06-02
P00790,Saravanan Natarajan,39,M,164.9,88.0,AB+,+917024839143,08018103068317,Chennai,Perambur,2026-06-09
P00791,Geetha Raman,30,F,173.9,45.4,A-,+919070097492,12901507138067,Chennai,Perambur,2026-06-03
P00792,Selvam Murugan,39,M,165.2,78.4,A+,+919058468857,84743621300962,Chennai,Perambur,2026-06-15
P00793,Yamuna Naidu,16,F,153.1,50.2,AB-,+917037455833,18053396274666,Chennai,Perambur,2026-06-28
P00794,Praveen Iyer,52,M,174.3,72.6,AB-,+917014306326,04666145901107,Chennai,Perambur,2026-07-04
P00795,Suganya Gounder,33,F,151.4,58.0,A-,+919087063639,05315204998094,Chennai,Perambur,2026-07-12
P00796,Malar Balasubramaniam,41,F,162.2,52.8,B-,+917036664201,79716698416612,Chennai,Perambur,2026-07-09
P00797,Praveen Nair,1,M,166.9,49.5,O-,+919834563902,38994991970142,Chennai,Perambur,2026-06-16
P00798,Priya Chettiar,40,F,166.6,33.6,AB-,+917079198801,78211602041813,Chennai,Perambur,2026-06-09
P00799,Sowmya Natarajan,25,F,142.8,43.5,B+,+917021207286,70889480186448,Chennai,Perambur,2026-07-27
P00800,Bala Perumal,27,M,167.2,70.1,B-,+919878027985,57082004806757,Chennai,Perambur,2026-07-31
P00801,Prakash Velu,43,M,160.6,70.8,A-,+917031183715,87942968827697,Chennai,Perambur,2026-06-20
P00802,Manoj Naidu,59,M,163.9,80.9,A-,+919825098554,56078327488356,Chennai,Perambur,2026-06-15
P00803,Radha Nair,70,F,166.5,37.3,O+,+917091167742,64966834960478,Chennai,Perambur,2026-07-13
P00804,Geetha Rajan,20,F,160.0,68.6,A-,+919829104510,25936488208934,Chennai,Perambur,2026-06-10
P00805,Suganya Velu,17,F,153.1,39.4,AB-,+918080760834,79916091141319,Chennai,Perambur,2026-06-09
P00806,Ramesh Chettiar,13,M,156.6,80.7,AB+,+917041225607,37605230458816,Chennai,Perambur,2026-07-09
P00807,Nithya Balasubramaniam,43,F,142.8,67.6,B+,+919026719412,91650344096617,Chennai,Perambur,2026-06-18
P00808,Malar Iyer,28,F,169.7,41.2,O+,+917083377419,80678214174681,Chennai,Perambur,2026-06-05
P00809,Saravanan Shanmugam,51,M,155.6,79.7,AB+,+918088083792,69874869415594,Chennai,Perambur,2026-07-31
P00810,Yamuna Iyer,25,F,155.8,54.4,B+,+917074123420,53605117160398,Chennai,Perambur,2026-06-08
P00811,Meena Perumal,42,F,161.7,42.0,O+,+919059981121,90670009942489,Chennai,Perambur,2026-06-09
P00812,Radha Naidu,53,F,157.9,67.0,AB+,+919876773782,60564204565775,Chennai,Perambur,2026-06-25
P00813,Dinesh Perumal,9,M,159.0,61.2,A+,+919827563172,35466226540165,Chennai,Perambur,2026-06-15
P00814,Vidya Nair,52,F,155.4,62.0,B+,+917033475742,24276774625916,Chennai,Perambur,2026-07-15
P00815,Ravi Naidu,46,M,168.0,63.6,AB+,+917010821316,80179867782312,Chennai,Perambur,2026-06-24
P00816,Suganya Natarajan,30,F,141.8,65.2,B+,+919845315666,26121203843753,Chennai,Perambur,2026-06-01
P00817,Sangeetha Shanmugam,24,F,163.8,42.9,O-,+918059458666,48242183854540,Chennai,Perambur,2026-06-04
P00818,Bala Reddy,57,M,161.2,53.6,AB-,+919029547737,31123274897917,Chennai,Perambur,2026-06-20
P00819,Anitha Balasubramaniam,52,F,150.3,62.8,B+,+917035719895,88621750801963,Chennai,Perambur,2026-07-12
P00820,Karthik Velu,63,M,164.6,84.0,B-,+919083191432,82493534001816,Chennai,Perambur,2026-06-13
P00821,Anitha Naidu,23,F,156.1,77.1,O+,+919099929358,54460838517993,Chennai,Perambur,2026-06-23
P00822,Kalaivani Gounder,18,F,152.1,43.4,A-,+918082025376,78848699969882,Chennai,Perambur,2026-06-01
P00823,Gopal Pillai,19,M,186.8,46.4,O+,+919828459003,46301986424238,Chennai,Perambur,2026-07-24
P00824,Praveen Pillai,41,M,161.0,61.1,B+,+917096714228,87062932880983,Chennai,Perambur,2026-06-16
P00825,Arun Raman,41,M,166.9,70.7,A-,+919871915863,66100898761081,Chennai,Perambur,2026-06-12
P00826,Nithya Krishnan,45,F,157.9,69.0,B-,+919052859035,31980746823546,Chennai,Perambur,2026-06-06
P00827,Priya Natarajan,53,F,142.7,65.8,AB+,+918010470877,54596715006666,Chennai,Perambur,2026-07-20
P00828,Radha Subramaniam,40,F,156.1,59.1,O+,+917022119360,34078516994970,Chennai,Perambur,2026-07-12
P00829,Muthu Shanmugam,22,M,172.6,69.3,B+,+919881711972,99962697083868,Chennai,Perambur,2026-06-13
P00830,Gopal Murugan,55,M,139.3,71.7,O-,+917059794206,96257197609320,Chennai,Perambur,2026-07-13
P00831,Ravi Shanmugam,62,M,177.2,66.0,B+,+919811971999,41809521755851,Chennai,Perambur,2026-07-25
P00832,Kavya Balasubramaniam,21,F,148.4,58.8,O+,+919890815605,21188241996264,Chennai,Perambur,2026-06-06
P00833,Elango Krishnan,50,M,174.3,50.8,O+,+919045755742,21854570568209,Chennai,Perambur,2026-06-05
P00834,Arun Raman,41,M,176.3,82.3,A+,+917094841477,63564072324728,Chennai,Perambur,2026-07-02
P00835,Arun Krishnan,59,M,159.7,84.0,A-,+919879816122,82247312616850,Chennai,Perambur,2026-06-18
P00836,Geetha Krishnan,13,F,167.9,66.5,A-,+917087089421,50927115261053,Chennai,Perambur,2026-07-31
P00837,Vidya Rajan,60,F,158.4,59.0,A+,+917074943516,41894854329876,Chennai,Perambur,2026-06-05
P00838,Prakash Naidu,42,M,170.5,55.7,O+,+919825511151,61982734813104,Chennai,Perambur,2026-06-09
P00839,Anitha Murugan,54,F,157.1,42.7,AB-,+919038633439,57483526806486,Chennai,Perambur,2026-06-15
P00840,Senthil Gounder,28,M,164.7,51.9,O+,+919082738226,83842536462805,Chennai,Perambur,2026-07-08
P00841,Uma Natarajan,69,F,159.8,74.8,O-,+919020745689,56239209085510,Chennai,Perambur,2026-06-26
P00842,Yamuna Pillai,25,F,150.3,50.5,B-,+917021184988,17861902547602,Chennai,Perambur,2026-06-02
P00843,Saravanan Murugan,25,M,158.9,45.5,B+,+917021098866,22759500260151,Chennai,Perambur,2026-06-21
P00844,Uma Naidu,10,F,157.8,76.7,AB-,+919014293708,74071732798059,Chennai,Perambur,2026-06-12
P00845,Priya Velu,13,F,141.1,46.7,O+,+918050810571,03910452036089,Chennai,Perambur,2026-06-04
P00846,Yamuna Pillai,8,F,164.2,63.9,B-,+919092594049,92855359520561,Chennai,Perambur,2026-07-11
P00847,Arun Velu,81,M,172.5,50.7,AB+,+917019890201,86774037842339,Chennai,Perambur,2026-07-12
P00848,Revathi Raman,28,F,150.7,75.4,A+,+919875870908,76255032501736,Chennai,Perambur,2026-06-24
P00849,Suganya Nair,36,F,172.1,60.3,A+,+918098783880,92334511009060,Chennai,Perambur,2026-07-05
P00850,Geetha Sundaram,45,F,155.4,75.1,O+,+918011871598,21166732904575,Chennai,Perambur,2026-07-05
P00851,Sowmya Sundaram,27,F,164.3,60.9,O+,+918063048394,03362027558214,Chennai,Perambur,2026-07-18
P00852,Yamuna Iyer,48,F,171.7,55.4,A+,+919825372552,15238023621921,Chennai,Perambur,2026-07-15
P00853,Priya Subramaniam,56,F,149.6,69.1,A-,+919824282914,18638558819597,Chennai,Perambur,2026-07-02
P00854,Geetha Perumal,54,F,161.1,74.0,A+,+917055589651,37893186928972,Chennai,Perambur,2026-06-25
P00855,Kavya Nair,19,F,169.4,69.7,AB-,+918010163632,02839482322041,Chennai,Perambur,2026-07-03
P00856,Deepa Iyer,18,F,150.7,92.9,A-,+917066567427,59930202030423,Chennai,Perambur,2026-07-12
P00857,Manoj Gounder,51,M,171.3,47.5,O-,+918015560483,28165064630059,Chennai,Perambur,2026-07-15
P00858,Bala Velu,70,M,172.9,59.9,A-,+918027719312,10291617469029,Chennai,Perambur,2026-06-30
P00859,Senthil Naidu,61,M,174.6,63.0,A-,+919862597519,22913167080568,Chennai,Perambur,2026-07-18
P00860,Radha Natarajan,72,F,163.2,55.6,A+,+919841389215,62198655049444,Chennai,Perambur,2026-07-29
P00861,Dinesh Gounder,20,M,168.1,83.1,AB+,+919011145701,49627322626114,Chennai,Perambur,2026-07-09
P00862,Vignesh Rajan,34,M,164.5,86.1,O-,+919030307891,18808799196234,Chennai,Perambur,2026-07-13
P00863,Selvam Gounder,25,M,156.3,58.8,B+,+919071865387,25058333430311,Chennai,Perambur,2026-07-06
P00864,Priya Subramaniam,46,F,160.7,46.0,O+,+919072666858,69475769453536,Chennai,Perambur,2026-06-26
P00865,Yamuna Perumal,1,F,145.3,56.4,AB+,+917067835495,34212545080959,Chennai,Perambur,2026-07-17
P00866,Radha Iyer,55,F,140.3,56.9,O-,+919087271371,66472130742359,Chennai,Perambur,2026-06-12
P00867,Saravanan Shanmugam,36,M,172.8,74.0,B-,+918031127637,61454307963731,Chennai,Perambur,2026-07-13
P00868,Manoj Balasubramaniam,31,M,176.3,68.2,O-,+918029070828,11587184523542,Chennai,Perambur,2026-07-17
P00869,Padma Krishnan,54,F,148.9,48.8,A-,+919836037642,20865237772966,Chennai,Perambur,2026-07-14
P00870,Meena Naidu,41,F,150.6,62.4,A+,+917094463186,52781055800027,Chennai,Perambur,2026-06-01
P00871,Dinesh Pillai,37,M,162.1,70.2,AB+,+917091096407,43913681720313,Chennai,Perambur,2026-07-25
P00872,Malar Velu,56,F,149.7,50.2,B+,+917090655868,29735259533222,Chennai,Perambur,2026-06-10
P00873,Priya Reddy,41,F,166.0,70.8,O-,+919839804324,53236618507610,Chennai,Perambur,2026-06-12
P00874,Padma Pillai,22,F,159.9,60.2,B+,+918061154803,01071261583882,Chennai,Perambur,2026-07-09
P00875,Saravanan Shanmugam,58,M,162.9,69.6,O+,+919874220011,35742233222801,Chennai,Perambur,2026-07-30
P00876,Sowmya Iyer,13,F,154.9,64.9,B+,+918057478039,60629535063731,Chennai,Perambur,2026-07-06
P00877,Praveen Raman,23,M,163.7,59.3,AB-,+919040751318,84185201362608,Chennai,Perambur,2026-06-07
P00878,Padma Subramaniam,18,F,152.0,50.6,AB+,+917052121679,47055491215164,Chennai,Perambur,2026-07-24
P00879,Arun Murugan,65,M,171.4,60.0,AB+,+918089313901,57875207020426,Chennai,Perambur,2026-06-18
P00880,Gopal Pillai,23,M,163.5,61.0,B+,+917030088520,41393696789760,Chennai,Perambur,2026-07-26
P00881,Yamuna Nair,40,F,159.7,44.2,B+,+919897514564,60759889786533,Chennai,Perambur,2026-06-06
P00882,Radha Rajan,39,F,158.2,73.6,O+,+918014144268,89523120219150,Chennai,Perambur,2026-07-11
P00883,Nithya Balasubramaniam,20,F,155.7,73.4,A+,+917010159801,26876448676497,Chennai,Perambur,2026-06-30
P00884,Vidya Chettiar,37,F,169.7,46.4,AB+,+919067261364,04500635537309,Chennai,Perambur,2026-06-06
P00885,Divya Pillai,60,F,153.4,35.1,O-,+918086411462,63530597025512,Chennai,Perambur,2026-06-29
P00886,Muthu Gounder,7,M,153.3,69.2,A-,+919092420626,48989596546634,Chennai,Perambur,2026-06-28
P00887,Nithya Naidu,38,F,138.7,67.3,A-,+919092139466,16999393449743,Chennai,Perambur,2026-06-15
P00888,Geetha Nair,32,F,159.5,51.4,B+,+918016408122,95862973988941,Chennai,Perambur,2026-07-04
P00889,Vignesh Krishnan,63,M,182.5,85.3,B+,+917074255018,07548534655792,Chennai,Perambur,2026-06-29
P00890,Saravanan Sundaram,37,M,166.1,65.4,O+,+919818601785,29390025121375,Chennai,Perambur,2026-06-20
P00891,Kalaivani Balasubramaniam,52,F,147.6,51.5,A+,+919820587268,99314584345663,Chennai,Perambur,2026-07-08
P00892,Bala Krishnan,31,M,181.8,77.3,B-,+919034637969,36220334742463,Chennai,Perambur,2026-07-06
P00893,Naveen Shanmugam,50,M,165.7,50.0,A+,+917084110857,52946902177417,Chennai,Perambur,2026-07-03
P00894,Kalaivani Krishnan,45,F,155.8,61.1,B+,+918082016067,50228946652752,Chennai,Perambur,2026-06-14
P00895,Vignesh Raman,44,M,174.2,77.2,B+,+919063857905,91330303346771,Chennai,Perambur,2026-06-01
P00896,Bala Raman,64,M,160.9,53.9,AB-,+919829058172,79955302453012,Chennai,Perambur,2026-06-30
P00897,Arun Chettiar,35,M,154.9,64.3,O+,+918016263500,28471901722240,Chennai,Perambur,2026-06-16
P00898,Vidya Naidu,58,F,168.7,65.9,AB-,+917073926166,75461992406583,Chennai,Perambur,2026-07-17
P00899,Divya Nair,53,F,164.9,50.5,B+,+919090369200,09566844823733,Chennai,Perambur,2026-07-26
P00900,Anitha Pillai,26,F,138.0,45.3,B+,+917021536372,01878035869017,Chennai,Perambur,2026-07-21
P00901,Praveen Iyer,51,M,158.0,57.6,O-,+917088887402,99452951712227,Chennai,Anna Nagar,2026-07-30
P00902,Sangeetha Nair,7,F,154.9,48.9,B+,+917058414556,42216265496330,Chennai,Anna Nagar,2026-07-06
P00903,Arun Reddy,42,M,171.3,57.1,AB-,+919011576195,47020596851953,Chennai,Anna Nagar,2026-07-24
P00904,Anitha Velu,72,F,143.8,58.3,AB+,+918031469242,95634277752259,Chennai,Anna Nagar,2026-07-28
P00905,Prakash Iyer,45,M,165.4,52.9,A+,+919086867112,22941156302955,Chennai,Anna Nagar,2026-06-10
P00906,Kavya Sundaram,51,F,155.7,66.9,B+,+919099131349,20661549808513,Chennai,Anna Nagar,2026-07-13
P00907,Saravanan Shanmugam,35,M,159.4,42.2,B-,+918018621118,12212154815826,Chennai,Anna Nagar,2026-06-03
P00908,Priya Pillai,29,F,130.9,49.7,A-,+919045184355,88064420062987,Chennai,Anna Nagar,2026-06-20
P00909,Radha Velu,24,F,148.0,65.2,O+,+919851713824,19623421926221,Chennai,Anna Nagar,2026-07-20
P00910,Karthik Reddy,18,M,167.8,74.4,B+,+919081390079,31478911797269,Chennai,Anna Nagar,2026-06-05
P00911,Meena Shanmugam,18,F,150.5,49.7,A+,+917039439338,66602000532853,Chennai,Anna Nagar,2026-06-13
P00912,Lakshmi Rajan,20,F,156.4,63.0,B+,+919042785604,83805826929900,Chennai,Anna Nagar,2026-06-21
P00913,Revathi Gounder,15,F,162.4,64.8,B+,+918077323835,96337618518626,Chennai,Anna Nagar,2026-06-28
P00914,Meena Raman,55,F,161.8,65.8,A-,+918030810799,82339218835279,Chennai,Anna Nagar,2026-06-20
P00915,Arun Velu,22,M,163.7,83.1,AB-,+919861760093,10659208814319,Chennai,Anna Nagar,2026-07-15
P00916,Manoj Natarajan,26,M,156.5,67.7,A-,+919089647594,69838457202665,Chennai,Anna Nagar,2026-06-27
P00917,Meena Iyer,8,F,152.1,49.4,O-,+919837399209,49899255394607,Chennai,Anna Nagar,2026-07-24
P00918,Priya Natarajan,27,F,163.0,47.7,O+,+919829155471,96694179967080,Chennai,Anna Nagar,2026-07-09
P00919,Sowmya Reddy,28,F,166.3,57.7,AB+,+919020102295,83984167347853,Chennai,Anna Nagar,2026-07-10
P00920,Meena Velu,54,F,153.9,43.2,O+,+917045597373,45092860521026,Chennai,Anna Nagar,2026-07-05
P00921,Karthik Raman,42,M,164.5,52.7,B+,+919081758338,45813088983057,Chennai,Anna Nagar,2026-07-28
P00922,Yamuna Balasubramaniam,51,F,150.0,45.0,O+,+917084266992,56302750003056,Chennai,Anna Nagar,2026-06-16
P00923,Priya Subramaniam,68,F,165.0,60.0,AB+,+919023031387,84937846790870,Chennai,Anna Nagar,2026-06-14
P00924,Karthik Raman,21,M,160.3,63.6,A-,+918067408518,51034444299067,Chennai,Anna Nagar,2026-07-27
P00925,Uma Nair,15,F,137.9,32.2,O+,+917060711458,22155996725622,Chennai,Anna Nagar,2026-07-23
P00926,Dinesh Reddy,23,M,165.7,66.1,AB-,+917044711361,74764845593965,Chennai,Anna Nagar,2026-06-16
P00927,Gopal Murugan,65,M,173.5,66.0,B+,+919054696776,53129003622117,Chennai,Anna Nagar,2026-06-01
P00928,Elango Balasubramaniam,50,M,175.1,57.0,B+,+919846332731,88395855852294,Chennai,Anna Nagar,2026-07-11
P00929,Manoj Perumal,31,M,158.3,62.6,O-,+919859424791,91710508054914,Chennai,Anna Nagar,2026-06-26
P00930,Uma Chettiar,22,F,148.9,60.7,O-,+918049938244,78417159497344,Chennai,Anna Nagar,2026-06-15
P00931,Manoj Perumal,50,M,166.3,62.0,B-,+919821159651,13389260878828,Chennai,Anna Nagar,2026-06-13
P00932,Gopal Chettiar,37,M,162.0,70.9,A+,+919084470967,62515217465353,Chennai,Anna Nagar,2026-07-05
P00933,Meena Subramaniam,50,F,142.0,71.7,AB+,+919835231795,44671776296914,Chennai,Anna Nagar,2026-07-26
P00934,Prakash Naidu,44,M,167.0,76.7,AB+,+919845164121,50999900108985,Chennai,Anna Nagar,2026-07-08
P00935,Kalaivani Nair,38,F,156.5,76.8,A-,+917082518184,96844246488499,Chennai,Anna Nagar,2026-07-14
P00936,Uma Balasubramaniam,19,F,147.5,51.6,O-,+919079779701,28190221797891,Chennai,Anna Nagar,2026-07-06
P00937,Suresh Natarajan,31,M,174.5,48.2,A+,+919087926745,84451436728681,Chennai,Anna Nagar,2026-06-29
P00938,Dinesh Perumal,7,M,167.3,72.7,O-,+919881991176,11939781459009,Chennai,Anna Nagar,2026-06-02
P00939,Senthil Sundaram,47,M,157.5,54.8,AB+,+918039663615,51588070532601,Chennai,Anna Nagar,2026-06-10
P00940,Arun Gounder,29,M,152.5,55.3,B+,+919851255009,25513609085818,Chennai,Anna Nagar,2026-06-06
P00941,Elango Chettiar,53,M,166.9,72.3,AB+,+917056070372,87366271358969,Chennai,Anna Nagar,2026-07-16
P00942,Karthik Raman,27,M,166.5,73.6,O-,+919067740709,15473156639792,Chennai,Anna Nagar,2026-07-10
P00943,Yamuna Krishnan,16,F,168.5,66.0,B+,+918073288596,72702896660534,Chennai,Anna Nagar,2026-06-26
P00944,Saravanan Murugan,46,M,157.3,63.4,AB+,+917014692509,19753584640510,Chennai,Anna Nagar,2026-06-17
P00945,Saravanan Iyer,26,M,156.2,87.2,AB-,+919837988506,62814447189395,Chennai,Anna Nagar,2026-06-01
P00946,Karthik Sundaram,75,M,174.4,58.0,AB-,+919844913752,90922884987455,Chennai,Anna Nagar,2026-07-07
P00947,Elango Iyer,46,M,160.4,70.2,AB-,+917070869451,43068811640343,Chennai,Anna Nagar,2026-07-18
P00948,Elango Subramaniam,23,M,159.6,64.6,B-,+918038782865,64770413090915,Chennai,Anna Nagar,2026-07-01
P00949,Vignesh Velu,12,M,164.1,62.7,B+,+919045501578,20412319057720,Chennai,Anna Nagar,2026-07-05
P00950,Padma Naidu,39,F,155.1,53.6,A-,+918031415919,45381097941224,Chennai,Anna Nagar,2026-06-04
P00951,Suganya Sundaram,66,F,157.3,51.6,B-,+918033817750,51742240432611,Chennai,Anna Nagar,2026-06-25
P00952,Ashok Pillai,34,M,171.7,67.3,AB+,+918016745852,70286720200953,Chennai,Anna Nagar,2026-07-04
P00953,Vidya Shanmugam,52,F,149.9,68.3,A+,+917055494998,77950017325900,Chennai,Anna Nagar,2026-06-13
P00954,Lakshmi Natarajan,55,F,156.9,71.1,B+,+918022552604,13869087167221,Chennai,Anna Nagar,2026-06-13
P00955,Ashok Pillai,42,M,159.2,77.9,AB-,+917086434234,28170744360234,Chennai,Anna Nagar,2026-06-18
P00956,Anitha Subramaniam,17,F,166.5,36.3,B+,+917096965812,60252394120944,Chennai,Anna Nagar,2026-06-09
P00957,Anitha Sundaram,44,F,146.3,65.1,O-,+919022666580,32761794802455,Chennai,Anna Nagar,2026-06-14
P00958,Meena Pillai,60,F,156.7,60.1,O-,+917032914929,68649864786862,Chennai,Anna Nagar,2026-06-07
P00959,Muthu Natarajan,1,M,171.8,76.8,O+,+917078608323,37819190749921,Chennai,Anna Nagar,2026-06-18
P00960,Malar Chettiar,26,F,154.2,61.7,AB+,+918036491961,53484864708213,Chennai,Anna Nagar,2026-07-07
P00961,Divya Nair,30,F,162.7,72.1,B-,+919829915816,05503300008863,Chennai,Anna Nagar,2026-06-11
P00962,Revathi Pillai,66,F,154.0,30,A+,+917079277550,89911416009169,Chennai,Anna Nagar,2026-06-30
P00963,Kumar Shanmugam,42,M,161.0,37.1,AB-,+917062103937,08548186746300,Chennai,Anna Nagar,2026-07-18
P00964,Ravi Naidu,39,M,178.0,54.5,B-,+918068325929,11371181519854,Chennai,Anna Nagar,2026-07-08
P00965,Deepa Naidu,7,F,154.9,68.0,A+,+917058723563,35346607569994,Chennai,Anna Nagar,2026-06-02
P00966,Radha Sundaram,34,F,144.1,48.8,AB-,+918017203266,10824028182238,Chennai,Anna Nagar,2026-07-26
P00967,Radha Iyer,12,F,147.2,64.7,A+,+919077215850,17452735364235,Chennai,Anna Nagar,2026-07-28
P00968,Yamuna Pillai,35,F,161.6,59.1,B+,+919024385841,81612559046100,Chennai,Anna Nagar,2026-06-11
P00969,Divya Iyer,27,F,151.6,56.9,B-,+918071509466,10123296151204,Chennai,Anna Nagar,2026-06-04
P00970,Kalaivani Gounder,56,F,168.0,59.4,O+,+919061249115,04227634601915,Chennai,Anna Nagar,2026-06-28
P00971,Muthu Balasubramaniam,59,M,165.4,64.3,B+,+919041524851,58617682251272,Chennai,Anna Nagar,2026-06-14
P00972,Vidya Velu,12,F,154.3,58.3,O-,+919830487363,24197687849477,Chennai,Anna Nagar,2026-06-26
P00973,Ashok Pillai,25,M,156.0,57.7,O+,+919850444791,22354340466821,Chennai,Anna Nagar,2026-06-03
P00974,Saravanan Subramaniam,24,M,177.1,76.0,B+,+919044464147,92064411197388,Chennai,Anna Nagar,2026-06-28
P00975,Muthu Gounder,18,M,163.3,82.8,O-,+919077168294,82188496806640,Chennai,Anna Nagar,2026-06-15
P00976,Anitha Murugan,38,F,163.4,39.9,B+,+919051741993,34123016049860,Chennai,Anna Nagar,2026-06-03
P00977,Karthik Krishnan,29,M,165.1,61.9,B-,+918018386188,31978999011400,Chennai,Anna Nagar,2026-06-25
P00978,Manoj Gounder,1,M,159.4,91.9,A-,+919823274325,97860162590841,Chennai,Anna Nagar,2026-07-23
P00979,Priya Pillai,52,F,145.6,62.7,A-,+918068726901,53582107288780,Chennai,Anna Nagar,2026-06-24
P00980,Lakshmi Gounder,23,F,160.8,68.3,AB-,+917065767703,16088197223996,Chennai,Anna Nagar,2026-07-19
P00981,Revathi Krishnan,7,F,156.6,44.5,AB-,+919885116051,10248085578002,Chennai,Anna Nagar,2026-07-24
P00982,Kavya Chettiar,33,F,151.8,49.3,AB+,+918031779411,16906968574670,Chennai,Anna Nagar,2026-07-22
P00983,Meena Gounder,46,F,143.5,50.0,O-,+918022004794,50164261070335,Chennai,Anna Nagar,2026-07-15
P00984,Ravi Naidu,53,M,184.8,61.1,B+,+919038438227,19839248481300,Chennai,Anna Nagar,2026-07-12
P00985,Priya Rajan,63,F,148.2,40.4,B-,+917029778338,15167586463395,Chennai,Anna Nagar,2026-07-23
P00986,Selvam Raman,18,M,163.7,69.9,A-,+919076930209,64278961573855,Chennai,Anna Nagar,2026-06-01
P00987,Manoj Iyer,58,M,175.4,86.7,B-,+919085536023,78155426097236,Chennai,Anna Nagar,2026-06-22
P00988,Bala Naidu,16,M,173.0,82.3,AB+,+919872889571,20517107308715,Chennai,Anna Nagar,2026-06-28
P00989,Revathi Balasubramaniam,48,F,142.4,30,A+,+918023113424,75438027414857,Chennai,Anna Nagar,2026-07-19
P00990,Selvam Naidu,45,M,161.5,69.8,AB+,+919829797191,72884076642076,Chennai,Anna Nagar,2026-06-12
P00991,Selvam Chettiar,64,M,180.2,76.9,AB+,+919866045156,25923868790604,Chennai,Anna Nagar,2026-07-31
P00992,Kalaivani Subramaniam,16,F,150.1,53.2,B-,+919010808854,50892739615976,Chennai,Anna Nagar,2026-06-04
P00993,Sangeetha Krishnan,40,F,148.1,49.8,AB-,+919877083557,55426190384227,Chennai,Anna Nagar,2026-06-27
P00994,Elango Chettiar,11,M,173.5,49.6,B+,+917033630872,22711175769171,Chennai,Anna Nagar,2026-06-09
P00995,Meena Reddy,54,F,166.9,71.6,O+,+919887460336,83052169039220,Chennai,Anna Nagar,2026-06-24
P00996,Senthil Raman,69,M,164.5,30,A-,+919034747698,64710680177031,Chennai,Anna Nagar,2026-07-07
P00997,Priya Krishnan,55,F,151.0,62.5,O+,+918038008364,26724469317294,Chennai,Anna Nagar,2026-07-14
P00998,Priya Shanmugam,1,F,149.6,61.6,B-,+917063378193,54025998519393,Chennai,Anna Nagar,2026-07-06
P00999,Suresh Nair,27,M,166.1,65.4,A-,+919839824343,50496026676527,Chennai,Anna Nagar,2026-07-26
P01000,Kumar Balasubramaniam,26,M,158.6,61.7,O+,+919013140013,70886406756020,Chennai,Anna Nagar,2026-06-14
P01001,Prakash Krishnan,17,M,149.4,43.8,B+,+918020436008,54390448909322,Chennai,Anna Nagar,2026-06-11
P01002,Priya Nair,24,F,160.8,55.6,B-,+919019024217,02555019354503,Chennai,Anna Nagar,2026-06-12
P01003,Deepa Chettiar,9,F,147.9,61.5,B-,+918031770277,43629620805983,Chennai,Anna Nagar,2026-07-21
P01004,Saravanan Murugan,24,M,179.6,87.2,B+,+917069637099,59659992012376,Chennai,Anna Nagar,2026-06-18
P01005,Arun Velu,55,M,169.0,56.8,B+,+919096022455,19375919226713,Chennai,Anna Nagar,2026-06-05
P01006,Vignesh Sundaram,30,M,159.2,66.0,O+,+919852748604,28646120961730,Chennai,Anna Nagar,2026-06-26
P01007,Selvam Iyer,28,M,163.0,64.2,O+,+917035642547,21153550514321,Chennai,Anna Nagar,2026-06-18
P01008,Ravi Natarajan,15,M,161.4,81.9,AB-,+919895592155,24792542218834,Chennai,Anna Nagar,2026-06-04
P01009,Priya Reddy,31,F,145.5,63.8,AB-,+919815562968,67693332998651,Chennai,Anna Nagar,2026-07-30
P01010,Kalaivani Natarajan,45,F,168.3,37.4,O+,+919846901435,08585883825672,Chennai,Anna Nagar,2026-06-11
P01011,Sowmya Nair,38,F,153.5,45.9,O-,+919039085849,55196282225018,Chennai,Anna Nagar,2026-06-09
P01012,Naveen Nair,37,M,156.4,82.1,O+,+919833099318,86394201223414,Chennai,Anna Nagar,2026-07-30
P01013,Ramesh Natarajan,11,M,157.2,51.2,A+,+918065017100,60450956321740,Chennai,Anna Nagar,2026-06-26
P01014,Suresh Gounder,21,M,162.7,48.8,B-,+919036949872,89222471193600,Chennai,Anna Nagar,2026-06-04
P01015,Kalaivani Velu,78,F,151.0,66.6,O+,+919824884380,60762643850095,Chennai,Anna Nagar,2026-06-03
P01016,Suresh Natarajan,54,M,159.8,66.8,AB+,+918039921345,13361094416423,Chennai,Anna Nagar,2026-06-28
P01017,Dinesh Natarajan,26,M,169.1,67.4,B+,+919873064663,68576063494290,Chennai,Anna Nagar,2026-07-18
P01018,Kalaivani Rajan,29,F,165.6,43.1,A-,+919812653862,17999324202483,Chennai,Anna Nagar,2026-07-01
P01019,Suganya Subramaniam,27,F,167.9,70.4,AB+,+919036356418,86947902548536,Chennai,Anna Nagar,2026-06-15
P01020,Elango Nair,47,M,156.0,72.7,B-,+919845731499,10095385574216,Chennai,Anna Nagar,2026-06-18
P01021,Sowmya Gounder,41,F,168.9,39.9,AB-,+917045144944,60476143788443,Chennai,Anna Nagar,2026-06-03
P01022,Geetha Natarajan,17,F,167.2,64.1,O-,+919844414393,67263681541858,Chennai,Anna Nagar,2026-06-06
P01023,Manoj Raman,47,M,163.3,46.7,O+,+919015504228,78604356605033,Chennai,Anna Nagar,2026-07-07
P01024,Revathi Chettiar,42,F,154.1,70.5,A+,+919874833468,73067182226679,Chennai,Anna Nagar,2026-07-03
P01025,Malar Sundaram,42,F,144.1,59.7,O-,+918077428484,59067396342898,Chennai,Anna Nagar,2026-07-12
P01026,Kalaivani Rajan,18,F,156.8,57.8,A+,+919086638551,22170486186706,Chennai,Anna Nagar,2026-07-25
P01027,Sowmya Raman,47,F,169.7,59.0,AB-,+918087875353,92891982718265,Chennai,Anna Nagar,2026-06-11
P01028,Elango Raman,19,M,165.8,56.3,AB+,+919091972935,42694203983135,Chennai,Anna Nagar,2026-06-06
P01029,Sowmya Sundaram,28,F,144.5,55.9,AB-,+917061053921,92195873054982,Chennai,Anna Nagar,2026-06-23
P01030,Suganya Gounder,29,F,157.0,84.3,A+,+918020112592,78167806643158,Chennai,Anna Nagar,2026-07-18
P01031,Vignesh Perumal,58,M,172.0,64.7,A-,+919010197662,37017092640703,Chennai,Anna Nagar,2026-07-29
P01032,Suresh Natarajan,68,M,155.1,63.8,B+,+919830162541,82968244850072,Chennai,Anna Nagar,2026-07-04
P01033,Divya Sundaram,48,F,153.5,47.8,A+,+919889502034,19612766208082,Chennai,Anna Nagar,2026-06-06
P01034,Ramesh Sundaram,17,M,165.3,71.1,B-,+919047662975,43596245870120,Chennai,Anna Nagar,2026-06-04
P01035,Uma Chettiar,53,F,137.8,62.5,AB+,+917088593456,12375302849760,Chennai,Anna Nagar,2026-07-27
P01036,Arun Iyer,46,M,156.1,53.9,O+,+918060389714,52405536481875,Chennai,Anna Nagar,2026-06-29
P01037,Malar Shanmugam,17,F,135.8,73.8,B+,+917057281975,97738546623236,Chennai,Anna Nagar,2026-06-18
P01038,Prakash Perumal,13,M,154.4,79.8,AB+,+919088558599,12594972204298,Chennai,Anna Nagar,2026-07-09
P01039,Vidya Velu,56,F,173.7,52.2,A-,+919886396187,96235699929983,Chennai,Anna Nagar,2026-06-25
P01040,Naveen Shanmugam,34,M,160.6,78.8,AB-,+919870524116,92560413482084,Chennai,Anna Nagar,2026-07-01
P01041,Prakash Murugan,47,M,168.0,57.3,B+,+918064016050,00014407629143,Chennai,Anna Nagar,2026-07-19
P01042,Suresh Chettiar,35,M,173.9,50.9,O+,+917012239111,38975287209986,Chennai,Anna Nagar,2026-07-07
P01043,Kavya Reddy,46,F,148.2,69.3,A+,+919093360580,20823530976691,Chennai,Anna Nagar,2026-07-31
P01044,Sowmya Shanmugam,64,F,144.6,52.0,A+,+919063995555,82017530796618,Chennai,Anna Nagar,2026-06-09
P01045,Nithya Raman,1,F,145.3,69.7,O+,+918051252304,74125313795610,Chennai,Anna Nagar,2026-07-29
P01046,Ramesh Murugan,63,M,155.6,65.3,AB-,+919018336246,36192025999193,Chennai,Anna Nagar,2026-07-12
P01047,Nithya Reddy,44,F,163.3,65.2,O+,+919848468298,89047607862351,Chennai,Anna Nagar,2026-07-22
P01048,Suresh Murugan,65,M,161.8,52.4,AB-,+917084808012,51732895145634,Chennai,Anna Nagar,2026-06-21
P01049,Bala Shanmugam,32,M,163.1,69.0,A-,+917053078648,74496539160770,Chennai,Anna Nagar,2026-06-23
P01050,Arun Reddy,17,M,162.7,80.6,O-,+919025734299,84039822180396,Chennai,Anna Nagar,2026-07-28
P01051,Uma Shanmugam,41,F,141.4,57.8,AB+,+919094334639,07880265295164,Chennai,Anna Nagar,2026-07-03
P01052,Revathi Rajan,32,F,153.6,50.1,AB+,+918036855295,03974408806708,Chennai,Anna Nagar,2026-06-14
P01053,Meena Murugan,43,F,154.9,74.4,O+,+918020584513,13266115848580,Chennai,Anna Nagar,2026-07-16
P01054,Meena Pillai,81,F,159.2,68.4,AB+,+917049630282,72205397077454,Chennai,Anna Nagar,2026-06-12
P01055,Kavya Chettiar,10,F,156.5,64.0,A-,+919818525970,46199539467662,Chennai,Anna Nagar,2026-07-14
P01056,Sowmya Velu,3,F,158.0,67.7,A+,+919041150478,02618402578703,Chennai,Anna Nagar,2026-07-19
P01057,Lakshmi Velu,32,F,154.7,61.5,AB+,+918068246831,05028164098910,Chennai,Anna Nagar,2026-06-16
P01058,Karthik Gounder,35,M,155.8,56.7,A+,+918058967520,20945237597953,Chennai,Anna Nagar,2026-06-11
P01059,Senthil Sundaram,8,M,158.3,68.4,A+,+918072205693,57454492054894,Chennai,Anna Nagar,2026-07-10
P01060,Meena Shanmugam,36,F,160.1,54.1,A+,+917083554537,96558344566229,Chennai,Anna Nagar,2026-06-06
P01061,Radha Raman,50,F,162.5,47.6,B-,+919823763883,62486070472660,Chennai,Anna Nagar,2026-06-27
P01062,Bala Perumal,38,M,169.7,85.3,O-,+917019530298,53017316715605,Chennai,Anna Nagar,2026-06-05
P01063,Revathi Rajan,22,F,151.6,62.4,O+,+919886123950,40645315790571,Chennai,Anna Nagar,2026-06-14
P01064,Kumar Shanmugam,51,M,166.0,37.2,AB+,+919850311520,69365618335974,Chennai,Anna Nagar,2026-07-11
P01065,Anitha Gounder,2,F,167.1,48.5,AB-,+919821905405,84301922095673,Chennai,Anna Nagar,2026-07-20
P01066,Prakash Balasubramaniam,52,M,170.5,85.6,B-,+918038230458,96440282532676,Chennai,Anna Nagar,2026-07-15
P01067,Ramesh Gounder,36,M,173.6,79.6,O-,+918016272544,23209140169332,Chennai,Anna Nagar,2026-07-16
P01068,Padma Murugan,25,F,153.5,66.0,B+,+917074863590,55154526075699,Chennai,Anna Nagar,2026-06-20
P01069,Naveen Reddy,51,M,184.3,65.7,B-,+918030766900,26227777331680,Chennai,Anna Nagar,2026-07-24
P01070,Priya Natarajan,39,F,149.5,63.8,A+,+918084962170,50360595298424,Chennai,Anna Nagar,2026-07-01
P01071,Karthik Iyer,37,M,162.8,46.4,AB-,+919012483380,67582676259062,Chennai,Anna Nagar,2026-07-17
P01072,Dinesh Perumal,42,M,168.3,57.5,O-,+919845214993,61497459793183,Chennai,Anna Nagar,2026-06-26
P01073,Divya Naidu,37,F,139.7,52.0,AB+,+917089091461,95504932664322,Chennai,Anna Nagar,2026-07-09
P01074,Manoj Iyer,4,M,171.1,63.6,A-,+918083558381,98115948534001,Chennai,Anna Nagar,2026-06-25
P01075,Vignesh Chettiar,30,M,157.1,56.5,O+,+919850288298,22567871888223,Chennai,Anna Nagar,2026-06-11
P01076,Lakshmi Rajan,1,F,145.1,55.6,O+,+917062067464,80613495647998,Chennai,Anna Nagar,2026-07-01
P01077,Yamuna Naidu,14,F,163.4,52.3,AB+,+918082689185,30972361080926,Chennai,Anna Nagar,2026-06-29
P01078,Ashok Rajan,54,M,161.8,69.3,O-,+919070346785,86457865557512,Chennai,Anna Nagar,2026-06-07
P01079,Kalaivani Perumal,23,F,156.2,69.8,AB+,+918049080194,05166545122444,Chennai,Anna Nagar,2026-06-29
P01080,Muthu Raman,38,M,166.3,49.1,B+,+918037057075,86860835701703,Chennai,Anna Nagar,2026-07-01
P01081,Deepa Perumal,50,F,170.5,49.6,AB+,+917033267780,05089830941349,Chennai,Anna Nagar,2026-06-10
P01082,Prakash Balasubramaniam,78,M,157.6,58.6,AB-,+919828109926,45284135694804,Chennai,Anna Nagar,2026-06-05
P01083,Padma Reddy,55,F,150.4,45.5,A+,+919076876044,39405980260294,Chennai,Anna Nagar,2026-07-19
P01084,Lakshmi Gounder,62,F,164.8,77.4,A-,+919081195280,92584907342031,Chennai,Anna Nagar,2026-07-25
P01085,Uma Pillai,27,F,147.2,45.0,O+,+917078918830,64823088295868,Chennai,Anna Nagar,2026-07-10
P01086,Revathi Nair,33,F,161.6,65.7,AB+,+917096278515,58694276748317,Chennai,Anna Nagar,2026-06-16
P01087,Suresh Subramaniam,32,M,157.5,71.7,A-,+917072913088,88242655946989,Chennai,Anna Nagar,2026-07-13
P01088,Vignesh Natarajan,59,M,181.8,53.8,B+,+918097746635,71798902237900,Chennai,Anna Nagar,2026-06-16
P01089,Sangeetha Krishnan,32,F,160.8,62.6,O+,+919869945416,95417675539818,Chennai,Anna Nagar,2026-07-11
P01090,Ravi Murugan,16,M,172.3,48.4,O-,+917053004111,79089458962683,Chennai,Anna Nagar,2026-06-30
P01091,Priya Balasubramaniam,19,F,152.3,58.7,AB+,+917030258512,39612190518812,Chennai,Anna Nagar,2026-06-10
P01092,Malar Iyer,41,F,163.0,40.8,A+,+919810945273,66901079237298,Chennai,Anna Nagar,2026-06-07
P01093,Ravi Sundaram,19,M,172.1,66.1,O+,+919816203566,35067578968335,Chennai,Anna Nagar,2026-07-16
P01094,Sangeetha Gounder,52,F,154.5,56.2,A-,+918098342130,31555057052187,Chennai,Anna Nagar,2026-07-02
P01095,Ravi Shanmugam,9,M,163.7,64.3,B-,+917020247511,41470123503687,Chennai,Anna Nagar,2026-06-24
P01096,Senthil Murugan,43,M,159.0,82.8,A+,+919870442839,97802344568446,Chennai,Anna Nagar,2026-07-23
P01097,Vidya Sundaram,24,F,152.0,89.2,O+,+917018911205,63295737831597,Chennai,Anna Nagar,2026-07-23
P01098,Kavya Natarajan,10,F,137.9,65.8,B-,+917078322723,68302915854233,Chennai,Anna Nagar,2026-07-09
P01099,Bala Naidu,32,M,172.4,76.6,B-,+919862218908,07344674621595,Chennai,Anna Nagar,2026-07-06
P01100,Suganya Pillai,37,F,144.4,36.1,AB+,+917069317988,05022181698141,Chennai,Anna Nagar,2026-07-02
P01101,Karthik Naidu,41,M,158.4,63.0,B-,+919870364220,40292864330265,Chennai,Anna Nagar,2026-07-15
P01102,Ramesh Pillai,58,M,154.7,57.1,B-,+919860615059,77196666102563,Chennai,Anna Nagar,2026-06-25
P01103,Kavya Iyer,58,F,172.4,78.9,B-,+919092371910,98013768367590,Chennai,Anna Nagar,2026-07-24
P01104,Selvam Iyer,44,M,156.3,67.1,O+,+919064170999,14409233517465,Chennai,Anna Nagar,2026-06-05
P01105,Geetha Velu,45,F,152.0,66.0,B-,+919827212173,63199569559227,Chennai,Anna Nagar,2026-06-08
P01106,Divya Reddy,7,F,143.3,75.4,A+,+917039035574,85025513444867,Chennai,Anna Nagar,2026-07-22
P01107,Praveen Gounder,54,M,180.9,65.1,A-,+919058479068,46157493251149,Chennai,Anna Nagar,2026-07-01
P01108,Kalaivani Chettiar,38,F,146.2,55.8,A-,+918011084107,40954377661830,Chennai,Anna Nagar,2026-07-23
P01109,Divya Reddy,31,F,155.0,55.5,B-,+917053563380,11436786210781,Chennai,Anna Nagar,2026-06-16
P01110,Malar Rajan,16,F,164.1,67.5,AB+,+919027297164,57068026933154,Chennai,Anna Nagar,2026-06-26
P01111,Karthik Nair,34,M,159.9,61.7,AB+,+919096843154,50522411420667,Chennai,Anna Nagar,2026-06-13
P01112,Kumar Iyer,41,M,167.5,67.9,A+,+917063928057,63382222400539,Chennai,Anna Nagar,2026-06-21
P01113,Manoj Krishnan,42,M,169.6,60.4,A-,+917037881659,48433913325286,Chennai,Anna Nagar,2026-06-02
P01114,Prakash Naidu,45,M,166.4,58.3,O-,+919848024987,52342864497602,Chennai,Anna Nagar,2026-07-17
P01115,Sowmya Subramaniam,21,F,150.7,60.6,B-,+919870910295,73498529735615,Chennai,Anna Nagar,2026-06-04
P01116,Bala Rajan,48,M,187.6,64.4,A-,+919075488223,62538096641475,Chennai,Anna Nagar,2026-06-26
P01117,Elango Naidu,38,M,180.6,62.7,AB+,+919852651808,35389629853243,Chennai,Anna Nagar,2026-07-27
P01118,Meena Rajan,27,F,144.3,58.6,AB-,+917031025774,76383543468586,Chennai,Anna Nagar,2026-06-20
P01119,Vignesh Reddy,35,M,163.4,67.6,AB-,+918092666190,98161538116837,Chennai,Anna Nagar,2026-07-05
P01120,Dinesh Balasubramaniam,20,M,166.7,65.5,B+,+919817909548,72014896780826,Chennai,Anna Nagar,2026-07-22
P01121,Deepa Reddy,29,F,153.2,91.1,AB-,+919834688483,54292645633917,Chennai,Anna Nagar,2026-06-26
P01122,Kumar Reddy,31,M,164.9,49.1,A+,+918063071247,94811266497196,Chennai,Anna Nagar,2026-07-22
P01123,Kalaivani Gounder,42,F,154.9,51.7,A-,+917024076655,61259016399490,Chennai,Anna Nagar,2026-06-14
P01124,Dinesh Balasubramaniam,17,M,167.0,73.2,AB+,+919898153057,34814098410167,Chennai,Anna Nagar,2026-06-18
P01125,Arun Reddy,93,M,171.0,69.4,A-,+917016383481,42028866168019,Chennai,Anna Nagar,2026-06-26
P01126,Dinesh Naidu,33,M,165.1,71.7,O-,+919084291824,42035316079179,Chennai,Anna Nagar,2026-07-25
P01127,Manoj Murugan,44,M,174.6,74.9,AB-,+917037283534,21940247028814,Chennai,Anna Nagar,2026-07-01
P01128,Muthu Rajan,43,M,176.2,80.7,B+,+919820077458,93678576463913,Chennai,Anna Nagar,2026-06-30
P01129,Naveen Pillai,62,M,167.7,54.8,O+,+918043487805,21540131535069,Chennai,Anna Nagar,2026-07-13
P01130,Vidya Shanmugam,83,F,160.0,56.4,O+,+919055249515,25274102547179,Chennai,Anna Nagar,2026-06-05
P01131,Malar Gounder,1,F,152.7,50.5,A+,+917059559121,19567563558422,Chennai,Anna Nagar,2026-06-19
P01132,Radha Velu,51,F,152.8,54.1,B+,+919064370744,50460700144130,Chennai,Anna Nagar,2026-06-10
P01133,Malar Natarajan,1,F,153.8,51.4,A-,+917010460418,66890417282076,Chennai,Anna Nagar,2026-06-03
P01134,Bala Nair,43,M,169.5,82.9,B+,+918029169679,82228240847528,Chennai,Anna Nagar,2026-06-08
P01135,Suresh Krishnan,22,M,173.5,62.5,O+,+919891247298,13511350535722,Chennai,Anna Nagar,2026-06-18
P01136,Ashok Reddy,35,M,165.9,64.3,A-,+919075682810,80978302801041,Chennai,Anna Nagar,2026-07-30
P01137,Kalaivani Iyer,61,F,148.2,53.1,A-,+919048642788,78674280218893,Chennai,Anna Nagar,2026-07-10
P01138,Senthil Raman,51,M,154.9,78.3,B-,+919884935254,91213974369905,Chennai,Anna Nagar,2026-07-02
P01139,Sowmya Reddy,1,F,148.5,76.1,A+,+919035041333,90696904528986,Chennai,Anna Nagar,2026-07-08
P01140,Selvam Sundaram,21,M,155.7,78.5,AB-,+918041343627,74570165276136,Chennai,Anna Nagar,2026-06-25
P01141,Arun Perumal,26,M,181.3,75.5,O+,+918074278296,69929644477250,Chennai,Anna Nagar,2026-07-11
P01142,Suganya Nair,44,F,152.3,50.1,B-,+919078757564,00417241553691,Chennai,Anna Nagar,2026-06-10
P01143,Priya Velu,22,F,153.5,52.0,B+,+919885577947,60242570333295,Chennai,Anna Nagar,2026-07-30
P01144,Divya Rajan,82,F,143.3,79.5,B+,+919840381501,04029662991721,Chennai,Anna Nagar,2026-07-25
P01145,Divya Sundaram,35,F,159.5,62.1,AB-,+918026001903,53926693706325,Chennai,Anna Nagar,2026-06-20
P01146,Kumar Nair,45,M,169.0,63.9,A+,+919081355354,50220619019333,Chennai,Anna Nagar,2026-06-15
P01147,Lakshmi Raman,22,F,148.7,41.7,B+,+919067752132,16225647185594,Chennai,Anna Nagar,2026-06-01
P01148,Vignesh Gounder,39,M,163.5,49.4,A+,+919056188173,32316778145647,Chennai,Anna Nagar,2026-07-10
P01149,Uma Chettiar,48,F,147.6,59.2,A-,+917099936616,77666505276120,Chennai,Anna Nagar,2026-06-19
P01150,Selvam Balasubramaniam,29,M,151.0,57.6,A+,+919898876411,19022311678706,Chennai,Anna Nagar,2026-07-12
P01151,Padma Pillai,29,F,151.0,58.2,O-,+918019611642,26848563711429,Chennai,Anna Nagar,2026-07-14
P01152,Revathi Natarajan,48,F,155.8,61.2,O-,+918086476937,89231324659866,Chennai,Anna Nagar,2026-07-31
P01153,Gopal Shanmugam,52,M,171.5,83.5,B-,+919865396292,59153820114065,Chennai,Anna Nagar,2026-06-07
P01154,Ashok Natarajan,31,M,162.5,53.6,B-,+919018538080,27245533756569,Chennai,Anna Nagar,2026-06-12
P01155,Anitha Nair,51,F,154.1,48.7,O+,+919059339530,10462506929656,Chennai,Anna Nagar,2026-06-28
P01156,Lakshmi Sundaram,43,F,157.8,52.8,B+,+919866088329,72935097934421,Chennai,Anna Nagar,2026-07-14
P01157,Arun Nair,24,M,161.9,76.9,B+,+918049286523,77804579725184,Chennai,Anna Nagar,2026-07-28
P01158,Prakash Perumal,18,M,159.8,67.1,B+,+917049272770,78233720945167,Chennai,Anna Nagar,2026-07-12
P01159,Kavya Perumal,39,F,146.4,48.3,AB+,+918010583081,11220084842648,Chennai,Anna Nagar,2026-06-15
P01160,Elango Velu,49,M,168.8,84.2,A+,+918082512113,96713605494692,Chennai,Anna Nagar,2026-06-28
P01161,Karthik Pillai,21,M,162.1,51.4,B-,+918045104776,95193500115461,Chennai,Anna Nagar,2026-07-24
P01162,Lakshmi Shanmugam,49,F,145.4,79.3,A+,+918080319709,89044104043156,Chennai,Anna Nagar,2026-07-16
P01163,Malar Pillai,50,F,150.5,49.3,O+,+918074063707,47558030901685,Chennai,Anna Nagar,2026-06-13
P01164,Sangeetha Shanmugam,6,F,154.2,63.7,O+,+917022242063,90271698837161,Chennai,Anna Nagar,2026-07-24
P01165,Manoj Murugan,10,M,178.7,45.9,AB-,+919868859940,59833261705058,Chennai,Anna Nagar,2026-06-28
P01166,Senthil Murugan,52,M,160.7,71.5,O-,+919853909202,72853533998242,Chennai,Anna Nagar,2026-07-12
P01167,Kalaivani Shanmugam,29,F,157.6,37.6,A+,+917054325522,84668793030285,Chennai,Anna Nagar,2026-07-01
P01168,Gopal Velu,44,M,173.2,83.8,AB+,+918044231730,51502528546130,Chennai,Anna Nagar,2026-06-12
P01169,Padma Iyer,55,F,137.7,84.7,A+,+919840032596,82777711842527,Chennai,Anna Nagar,2026-07-30
P01170,Priya Natarajan,39,F,159.4,77.8,A-,+918019822504,02423447305777,Chennai,Anna Nagar,2026-06-04
P01171,Manoj Balasubramaniam,39,M,149.8,70.5,A-,+919858957873,96566764099683,Chennai,Anna Nagar,2026-07-30
P01172,Prakash Subramaniam,1,M,163.5,74.2,B+,+918047788857,26537932219143,Chennai,Anna Nagar,2026-06-02
P01173,Karthik Pillai,21,M,166.9,61.1,O-,+919895971790,91150101626008,Chennai,Anna Nagar,2026-06-27
P01174,Dinesh Naidu,64,M,169.9,73.3,AB-,+919090245204,78335488357192,Chennai,Anna Nagar,2026-07-07
P01175,Praveen Perumal,34,M,172.9,45.0,AB+,+919848068331,32031726652824,Chennai,Anna Nagar,2026-06-25
P01176,Sowmya Nair,23,F,148.9,55.7,AB-,+918048936328,00020860146051,Chennai,Anna Nagar,2026-07-27
P01177,Manoj Velu,22,M,162.3,66.7,B-,+917096565693,33563693010009,Chennai,Anna Nagar,2026-07-27
P01178,Suresh Shanmugam,47,M,154.4,62.3,AB-,+917010476674,48028354158929,Chennai,Anna Nagar,2026-06-16
P01179,Elango Sundaram,28,M,161.0,81.7,AB+,+917042539947,66280812268159,Chennai,Anna Nagar,2026-07-11
P01180,Sangeetha Raman,24,F,158.2,33.0,O-,+918019885154,10583309673979,Chennai,Anna Nagar,2026-06-17
P01181,Kavya Sundaram,45,F,154.5,52.7,B-,+919864786586,50167671877628,Chennai,Anna Nagar,2026-06-20
P01182,Ravi Subramaniam,33,M,160.1,69.8,A+,+917097877765,62762922666788,Chennai,Anna Nagar,2026-07-05
P01183,Naveen Rajan,13,M,159.8,53.6,B+,+918083859604,98907499359812,Chennai,Anna Nagar,2026-07-31
P01184,Kavya Sundaram,43,F,150.1,69.5,O-,+919861027154,40838580501417,Chennai,Anna Nagar,2026-06-30
P01185,Kumar Murugan,62,M,156.2,57.7,B+,+919063214873,51887114860050,Chennai,Anna Nagar,2026-06-13
P01186,Prakash Nair,57,M,164.0,57.5,AB-,+919856919936,70302930112501,Chennai,Anna Nagar,2026-06-18
P01187,Radha Subramaniam,40,F,153.1,55.5,B+,+918031750109,33693180620073,Chennai,Anna Nagar,2026-06-02
P01188,Ramesh Velu,61,M,178.6,57.0,AB+,+918044837871,97537405714469,Chennai,Anna Nagar,2026-07-21
P01189,Radha Shanmugam,60,F,148.0,65.7,AB-,+918058571652,44534514668865,Chennai,Anna Nagar,2026-07-17
P01190,Dinesh Reddy,30,M,156.8,43.9,B-,+919097901087,86267366485320,Chennai,Anna Nagar,2026-07-03
P01191,Nithya Gounder,16,F,156.7,72.3,B+,+919891884091,83443695805045,Chennai,Anna Nagar,2026-07-09
P01192,Ramesh Shanmugam,38,M,156.8,79.7,O+,+919872207378,20073429390773,Chennai,Anna Nagar,2026-07-09
P01193,Uma Raman,66,F,146.5,50.0,B-,+917018514187,62585150204502,Chennai,Anna Nagar,2026-07-21
P01194,Suresh Iyer,30,M,162.2,75.2,AB-,+919041211039,37953111235904,Chennai,Anna Nagar,2026-07-27
P01195,Ashok Velu,28,M,168.0,55.9,B+,+919024899442,08573838554514,Chennai,Anna Nagar,2026-07-06
P01196,Divya Gounder,41,F,169.2,54.9,O-,+917020521659,74555370627281,Chennai,Anna Nagar,2026-07-23
P01197,Kavya Murugan,24,F,156.7,58.0,O-,+919860271491,62641260848187,Chennai,Anna Nagar,2026-07-24
P01198,Lakshmi Sundaram,46,F,160.7,71.5,B-,+917091001384,63039951670450,Chennai,Anna Nagar,2026-07-30
P01199,Vidya Natarajan,31,F,140.4,32.0,B-,+917033252333,34388804851420,Chennai,Anna Nagar,2026-06-09
P01200,Muthu Subramaniam,28,M,155.0,81.2,A+,+918084219322,23134275576729,Chennai,Anna Nagar,2026-06-26
P01201,Saravanan Chettiar,50,M,169.6,48.2,A-,+918096825012,43695310297711,Chennai,Anna Nagar,2026-07-11
P01202,Meena Natarajan,21,F,159.5,58.7,B+,+919855598060,17328162910873,Chennai,Anna Nagar,2026-07-08
P01203,Selvam Natarajan,51,M,173.9,65.4,B-,+919868404773,71052987707459,Chennai,Anna Nagar,2026-06-05
P01204,Saravanan Rajan,61,M,161.3,70.7,A+,+917033834602,02683878903450,Chennai,Anna Nagar,2026-06-17
P01205,Karthik Naidu,20,M,159.7,53.5,A+,+918046660566,67541823688101,Chennai,Anna Nagar,2026-06-16
P01206,Ramesh Murugan,43,M,170.7,49.5,A+,+919023439045,33460184220138,Chennai,Anna Nagar,2026-06-29
P01207,Suresh Velu,29,M,169.5,79.9,A-,+919839831718,60389173690789,Chennai,Anna Nagar,2026-06-13
P01208,Lakshmi Krishnan,42,F,149.9,47.8,A+,+919027367982,14107071634850,Chennai,Anna Nagar,2026-06-12
P01209,Meena Murugan,47,F,158.4,69.6,O+,+919058560924,45697296556192,Chennai,Anna Nagar,2026-07-19
P01210,Sangeetha Pillai,38,F,152.1,60.1,AB+,+918067130722,39561266783055,Chennai,Anna Nagar,2026-06-29
P01211,Nithya Krishnan,40,F,158.5,35.4,B+,+918039181001,46144662763304,Chennai,Anna Nagar,2026-07-01
P01212,Manoj Reddy,28,M,173.0,70.8,B+,+917060277056,24831968636470,Chennai,Anna Nagar,2026-07-20
P01213,Padma Raman,24,F,160.0,69.8,B-,+919883981681,83004837936315,Chennai,Anna Nagar,2026-07-03
P01214,Prakash Pillai,35,M,164.9,58.3,B+,+919817737798,65934104062911,Chennai,Anna Nagar,2026-07-16
P01215,Priya Murugan,48,F,163.4,56.8,A-,+919888301137,60757898497499,Chennai,Anna Nagar,2026-06-13
P01216,Kavya Pillai,47,F,153.1,55.1,AB-,+917024814798,48656581898106,Chennai,Anna Nagar,2026-06-11
P01217,Selvam Sundaram,12,M,165.5,53.0,B-,+917064752059,31297557261694,Chennai,Anna Nagar,2026-07-16
P01218,Divya Murugan,1,F,158.5,84.0,B-,+917062608499,82013071675321,Chennai,Anna Nagar,2026-07-03
P01219,Revathi Murugan,47,F,177.6,67.2,AB-,+919045938256,90049037295458,Chennai,Anna Nagar,2026-07-22
P01220,Revathi Shanmugam,76,F,147.7,57.8,A-,+918074670005,43922551741925,Chennai,Anna Nagar,2026-06-27
P01221,Gopal Sundaram,14,M,153.8,83.6,B+,+917034454088,36018639945413,Chennai,Anna Nagar,2026-07-24
P01222,Deepa Krishnan,18,F,153.5,62.8,B-,+917073121706,96859096459872,Chennai,Anna Nagar,2026-06-25
P01223,Anitha Pillai,41,F,154.0,74.4,AB-,+919895369341,35166811339736,Chennai,Anna Nagar,2026-07-26
P01224,Padma Gounder,35,F,167.1,61.3,O+,+917034194047,42224198306323,Chennai,Anna Nagar,2026-06-08
P01225,Nithya Reddy,23,F,170.9,70.5,O+,+918049799701,84202435094765,Chennai,Anna Nagar,2026-07-12
P01226,Suresh Rajan,50,M,174.6,78.2,AB+,+919011082382,99414753989137,Chennai,Anna Nagar,2026-06-28
P01227,Prakash Krishnan,23,M,178.6,80.2,B+,+919820213068,10356594299202,Chennai,Anna Nagar,2026-06-06
P01228,Kumar Sundaram,63,M,152.5,67.3,B+,+918086483623,53386194118390,Chennai,Anna Nagar,2026-06-28
P01229,Muthu Raman,41,M,158.3,61.8,AB+,+919833847090,83463348893343,Chennai,Anna Nagar,2026-06-10
P01230,Malar Velu,62,F,142.0,78.6,AB+,+919015003971,86542438269285,Chennai,Anna Nagar,2026-07-18
P01231,Uma Nair,52,F,155.8,45.8,O-,+919074371388,03969645359176,Chennai,Anna Nagar,2026-07-07
P01232,Geetha Perumal,66,F,163.5,61.7,B-,+917015051362,99542887344966,Chennai,Anna Nagar,2026-07-22
P01233,Vidya Pillai,16,F,159.6,50.9,AB-,+917068147182,90149711038471,Chennai,Anna Nagar,2026-06-02
P01234,Vidya Rajan,29,F,143.3,72.1,A+,+919020277532,88601674492343,Chennai,Anna Nagar,2026-06-27
P01235,Suganya Rajan,18,F,147.7,44.7,A+,+919064889783,69375402428617,Chennai,Anna Nagar,2026-06-02
P01236,Muthu Krishnan,46,M,176.6,52.3,B+,+919017475528,38576264816384,Chennai,Anna Nagar,2026-06-08
P01237,Dinesh Rajan,39,M,156.8,61.4,O-,+918012542799,10127896951930,Chennai,Anna Nagar,2026-06-25
P01238,Kavya Balasubramaniam,35,F,149.1,46.9,AB-,+919080354364,67036562036344,Chennai,Anna Nagar,2026-06-24
P01239,Revathi Gounder,43,F,165.4,40.9,A-,+917030205031,33576170731744,Chennai,Anna Nagar,2026-06-25
P01240,Vidya Iyer,55,F,138.8,64.1,AB+,+918062668823,78508989774759,Chennai,Anna Nagar,2026-06-12
P01241,Kalaivani Iyer,27,F,144.4,79.4,O-,+918069877900,74037676874042,Chennai,Anna Nagar,2026-07-16
P01242,Bala Murugan,25,M,173.8,61.4,O+,+919857074488,34115733099000,Chennai,Anna Nagar,2026-06-30
P01243,Kavya Gounder,35,F,140.8,50.1,O+,+919056091075,38565352326600,Chennai,Anna Nagar,2026-07-03
P01244,Suresh Murugan,50,M,164.9,67.9,A+,+918051294087,95611998996511,Chennai,Anna Nagar,2026-07-07
P01245,Saravanan Velu,31,M,158.6,71.7,AB+,+917051870422,47761868704796,Chennai,Anna Nagar,2026-07-21
P01246,Radha Shanmugam,82,F,147.5,37.1,B+,+917060044951,25659950891423,Chennai,Anna Nagar,2026-07-24
P01247,Muthu Raman,49,M,165.1,61.0,O-,+919074582711,39862214051318,Chennai,Anna Nagar,2026-07-29
P01248,Sangeetha Gounder,17,F,150.1,65.2,B-,+917044001436,78524744203594,Chennai,Anna Nagar,2026-06-20
P01249,Revathi Perumal,71,F,166.1,57.6,AB-,+918057962541,18664774131351,Chennai,Anna Nagar,2026-07-29
P01250,Dinesh Naidu,11,M,172.5,65.6,AB+,+919081740949,15398852178955,Chennai,Anna Nagar,2026-06-24
P01251,Ramesh Shanmugam,45,M,155.9,60.1,AB+,+919058453396,81675923831934,Chennai,Anna Nagar,2026-06-05
P01252,Karthik Chettiar,11,M,152.9,59.4,A-,+919061697915,34292421959730,Chennai,Anna Nagar,2026-06-03
P01253,Suresh Murugan,48,M,173.5,79.7,O+,+919821827410,33155530153030,Chennai,Anna Nagar,2026-06-19
P01254,Divya Pillai,70,F,152.5,70.6,A+,+919858393887,98455766345418,Chennai,Anna Nagar,2026-07-05
P01255,Prakash Naidu,31,M,162.9,51.2,O-,+918017392228,64191061669100,Chennai,Anna Nagar,2026-07-28
P01256,Manoj Velu,51,M,168.3,72.7,B+,+919877572962,22175626996208,Chennai,Anna Nagar,2026-07-22
P01257,Arun Raman,23,M,158.1,70.8,O-,+918028676706,57228703220074,Chennai,Anna Nagar,2026-07-18
P01258,Deepa Shanmugam,11,F,145.3,45.0,AB-,+917029427754,95145205802860,Chennai,Anna Nagar,2026-06-17
P01259,Suganya Raman,59,F,157.8,71.0,AB+,+919050323824,74769509041898,Chennai,Anna Nagar,2026-06-12
P01260,Deepa Krishnan,75,F,136.1,70.1,A-,+919854188355,56238878887656,Chennai,Anna Nagar,2026-06-17
P01261,Vignesh Raman,53,M,168.6,77.0,A-,+917035975112,86047947199038,Chennai,Anna Nagar,2026-06-09
P01262,Saravanan Perumal,33,M,166.1,70.9,O-,+918085177965,29441914790534,Chennai,Anna Nagar,2026-07-17
P01263,Vidya Balasubramaniam,47,F,159.3,54.7,B-,+917085752409,53267084886865,Chennai,Anna Nagar,2026-07-18
P01264,Anitha Subramaniam,44,F,153.3,51.7,B+,+918080536400,28018323530688,Chennai,Anna Nagar,2026-07-28
P01265,Vidya Balasubramaniam,11,F,160.7,48.5,A+,+919847385258,58374495975213,Chennai,Anna Nagar,2026-07-02
P01266,Kalaivani Subramaniam,7,F,152.8,54.3,O-,+918077504319,97487411486267,Chennai,Anna Nagar,2026-07-01
P01267,Padma Sundaram,40,F,139.7,45.7,O+,+919040067421,49655156419678,Chennai,Anna Nagar,2026-07-10
P01268,Lakshmi Chettiar,12,F,156.0,77.2,O-,+918018190711,16301597224228,Chennai,Anna Nagar,2026-07-29
P01269,Anitha Balasubramaniam,39,F,140.8,62.5,AB+,+919884262295,09846018040334,Chennai,Anna Nagar,2026-07-09
P01270,Praveen Natarajan,68,M,179.1,75.3,B-,+919080730536,66715544605392,Chennai,Anna Nagar,2026-07-26
P01271,Radha Iyer,74,F,159.3,48.6,AB-,+918016452895,53649911928567,Chennai,Anna Nagar,2026-07-18
P01272,Ramesh Murugan,39,M,167.5,54.2,O-,+919097108374,38307755821262,Chennai,Anna Nagar,2026-06-03
P01273,Suganya Reddy,35,F,174.1,48.6,AB+,+917069835743,89075199198177,Chennai,Anna Nagar,2026-07-03
P01274,Suganya Reddy,52,F,151.8,63.0,A-,+919091069563,25316498283859,Chennai,Anna Nagar,2026-07-14
P01275,Lakshmi Balasubramaniam,35,F,163.6,45.7,A+,+919053774258,49434368771569,Chennai,Anna Nagar,2026-07-08
P01276,Kumar Naidu,63,M,177.3,59.1,A+,+919864346815,34153597710011,Chennai,Anna Nagar,2026-07-24
P01277,Suganya Gounder,25,F,148.0,70.9,A-,+919082015813,72255785641354,Chennai,Anna Nagar,2026-07-10
P01278,Uma Natarajan,14,F,152.1,69.2,B-,+919030353937,32855580957947,Chennai,Anna Nagar,2026-06-22
P01279,Malar Naidu,45,F,153.4,55.0,A-,+918065102366,23347040714697,Chennai,Anna Nagar,2026-07-21
P01280,Kumar Balasubramaniam,40,M,164.4,98.4,B-,+919026708168,85595083745601,Chennai,Anna Nagar,2026-07-13
P01281,Uma Raman,62,F,156.7,56.2,A+,+917068831581,06794907869285,Chennai,Anna Nagar,2026-06-30
P01282,Kavya Pillai,40,F,151.6,47.1,O-,+918099198749,89676353673558,Chennai,Anna Nagar,2026-07-16
P01283,Suganya Murugan,43,F,155.8,68.3,B-,+918056359602,13901430974274,Chennai,Anna Nagar,2026-06-14
P01284,Praveen Rajan,54,M,150.8,74.7,AB-,+919869274499,14803007356582,Chennai,Anna Nagar,2026-07-30
P01285,Vidya Gounder,47,F,146.4,68.9,AB-,+919019168351,28866911223214,Chennai,Anna Nagar,2026-07-31
P01286,Suresh Pillai,35,M,162.9,71.3,AB-,+918054714192,94657446532554,Chennai,Anna Nagar,2026-06-25
P01287,Kalaivani Murugan,45,F,153.2,74.9,B-,+919870417500,38052038819376,Chennai,Anna Nagar,2026-07-05
P01288,Suganya Balasubramaniam,55,F,156.9,43.4,A-,+919061271419,22014833354011,Chennai,Anna Nagar,2026-07-28
P01289,Ravi Balasubramaniam,16,M,168.5,66.5,AB+,+919072909570,70906761837629,Chennai,Anna Nagar,2026-06-01
P01290,Divya Sundaram,36,F,163.4,58.2,B+,+917076972989,20488868041869,Chennai,Anna Nagar,2026-07-01
P01291,Selvam Velu,74,M,169.6,59.4,O+,+919872715673,41991605390649,Chennai,Anna Nagar,2026-06-20
P01292,Gopal Raman,22,M,177.4,60.9,B-,+919027540698,51970181589136,Chennai,Anna Nagar,2026-07-19
P01293,Selvam Gounder,20,M,160.7,74.6,A-,+918095579412,62526022169088,Chennai,Anna Nagar,2026-06-08
P01294,Kavya Gounder,38,F,150.7,65.2,B-,+919083180388,38439106573517,Chennai,Anna Nagar,2026-06-01
P01295,Uma Pillai,30,F,160.2,39.6,A+,+918020937062,40128331955897,Chennai,Anna Nagar,2026-07-16
P01296,Prakash Natarajan,24,M,171.6,60.5,A-,+919876161853,17030568709412,Chennai,Anna Nagar,2026-07-19
P01297,Suganya Shanmugam,61,F,148.4,63.3,B-,+919038029211,37684187677600,Chennai,Anna Nagar,2026-06-26
P01298,Sowmya Natarajan,38,F,153.7,68.2,B-,+917095772208,73033249675745,Chennai,Anna Nagar,2026-07-31
P01299,Kumar Reddy,40,M,158.3,62.1,AB-,+918025712553,81560542707995,Chennai,Anna Nagar,2026-06-03
P01300,Meena Pillai,59,F,157.7,46.3,A+,+919887326905,76475456572897,Chennai,Anna Nagar,2026-06-08
P01301,Arun Chettiar,51,M,175.5,68.5,A+,+919061033013,85606699261382,Chennai,Anna Nagar,2026-06-18
P01302,Sangeetha Natarajan,58,F,156.8,44.6,AB-,+919890013011,57039962637792,Chennai,Anna Nagar,2026-07-10
P01303,Uma Pillai,66,F,161.0,70.1,B+,+919833137964,20682432333023,Chennai,Anna Nagar,2026-06-16
P01304,Naveen Raman,44,M,164.9,76.7,AB+,+919040409144,06952357865294,Chennai,Anna Nagar,2026-07-21
P01305,Naveen Naidu,48,M,170.6,42.4,O+,+919048556513,87531198042554,Chennai,Anna Nagar,2026-06-03
P01306,Elango Sundaram,41,M,164.1,64.7,O+,+918059011418,50786887860203,Chennai,Anna Nagar,2026-06-16
P01307,Suresh Rajan,44,M,170.3,77.2,AB+,+919838031039,99287987287314,Chennai,Anna Nagar,2026-07-28
P01308,Ashok Nair,47,M,168.5,50.4,A-,+919899460547,96441603328880,Chennai,Anna Nagar,2026-07-22
P01309,Nithya Rajan,53,F,155.2,55.7,A-,+918012845714,22017545416487,Chennai,Anna Nagar,2026-07-02
P01310,Saravanan Velu,27,M,158.3,49.5,AB+,+918072608212,50152697442036,Chennai,Anna Nagar,2026-06-04
P01311,Dinesh Chettiar,1,M,167.1,54.4,A+,+919078140811,72383680601457,Chennai,Anna Nagar,2026-07-30
P01312,Saravanan Shanmugam,62,M,166.1,77.1,O-,+917093343947,70150196797209,Chennai,Anna Nagar,2026-06-05
P01313,Senthil Subramaniam,24,M,173.4,87.3,B+,+918040446581,29704937958291,Chennai,Anna Nagar,2026-06-10
P01314,Uma Rajan,48,F,136.6,51.7,A-,+917067627228,39714920757414,Chennai,Anna Nagar,2026-07-29
P01315,Naveen Iyer,28,M,178.9,72.4,O-,+917079408210,83124977367724,Chennai,Anna Nagar,2026-06-11
P01316,Kalaivani Reddy,16,F,157.5,67.6,AB-,+919832117862,96571564380299,Chennai,Anna Nagar,2026-07-11
P01317,Muthu Iyer,39,M,159.3,80.6,O+,+919888004977,60009409165737,Chennai,Anna Nagar,2026-07-12
P01318,Radha Iyer,26,F,166.4,75.7,B+,+919045124652,92036930914015,Chennai,Anna Nagar,2026-06-26
P01319,Ramesh Velu,29,M,165.8,60.1,O+,+917044712014,75690018429335,Chennai,Anna Nagar,2026-06-12
P01320,Sowmya Shanmugam,8,F,148.5,61.3,B-,+919092739430,66771539022624,Chennai,Anna Nagar,2026-06-11
P01321,Kavya Raman,36,F,149.2,56.4,A+,+917068025539,47614427873554,Chennai,Anna Nagar,2026-06-13
P01322,Praveen Pillai,42,M,163.5,55.4,AB+,+919890354946,20675493934396,Chennai,Anna Nagar,2026-07-12
P01323,Ramesh Subramaniam,32,M,180.5,63.8,B+,+919884884890,35733813307345,Chennai,Anna Nagar,2026-07-26
P01324,Karthik Nair,11,M,154.5,48.4,B-,+919851637850,12247409853720,Chennai,Anna Nagar,2026-06-14
P01325,Praveen Iyer,38,M,167.4,75.5,O-,+917013803370,71555870940422,Chennai,Anna Nagar,2026-06-09
P01326,Divya Nair,28,F,162.5,54.0,O-,+919021757659,25380781913505,Chennai,Anna Nagar,2026-06-05
P01327,Prakash Balasubramaniam,35,M,158.2,92.0,A-,+919076734716,55716632824630,Chennai,Anna Nagar,2026-06-05
P01328,Divya Shanmugam,27,F,161.0,66.5,O-,+919841869535,52007615042059,Chennai,Anna Nagar,2026-07-25
P01329,Divya Reddy,21,F,155.0,48.7,B-,+918066701381,08090101461039,Chennai,Anna Nagar,2026-06-30
P01330,Senthil Pillai,18,M,155.4,66.3,B-,+917047721568,61638816878518,Chennai,Anna Nagar,2026-07-03
P01331,Sowmya Velu,75,F,147.4,68.7,O-,+919884733013,82672800727208,Chennai,Anna Nagar,2026-06-03
P01332,Elango Iyer,42,M,156.1,39.5,B-,+919838290189,56407830830697,Chennai,Anna Nagar,2026-06-19
P01333,Vidya Natarajan,49,F,158.7,74.2,A-,+919062013157,74906688675185,Chennai,Anna Nagar,2026-06-14
P01334,Uma Sundaram,34,F,157.6,54.9,A+,+919099769553,95634318073920,Chennai,Anna Nagar,2026-06-20
P01335,Dinesh Gounder,52,M,172.4,77.3,AB-,+919874707838,30316787192615,Chennai,Anna Nagar,2026-07-19
P01336,Meena Iyer,33,F,143.6,52.7,O+,+917028588579,54550054908099,Chennai,Anna Nagar,2026-06-01
P01337,Gopal Iyer,18,M,161.1,59.0,O+,+919823072366,63034383000914,Chennai,Anna Nagar,2026-07-03
P01338,Praveen Raman,28,M,160.7,80.3,AB-,+919024274940,79965466289735,Chennai,Anna Nagar,2026-07-10
P01339,Selvam Velu,6,M,163.0,71.0,A+,+917032271229,23023405677125,Chennai,Anna Nagar,2026-06-29
P01340,Karthik Naidu,51,M,159.8,52.8,A-,+918078027044,05166608123927,Chennai,Anna Nagar,2026-07-18
P01341,Deepa Sundaram,40,F,145.9,46.0,A-,+919028862297,76958444202248,Chennai,Anna Nagar,2026-06-25
P01342,Dinesh Murugan,22,M,164.9,80.0,B-,+919841501634,71450311802669,Chennai,Anna Nagar,2026-06-26
P01343,Ashok Raman,65,M,158.2,57.8,AB+,+917013289311,47189119925692,Chennai,Anna Nagar,2026-07-07
P01344,Deepa Reddy,29,F,153.8,45.8,A-,+917039587553,41413181181405,Chennai,Anna Nagar,2026-07-06
P01345,Kumar Raman,33,M,159.5,62.6,O+,+919070456489,08560940671487,Chennai,Anna Nagar,2026-07-26
P01346,Bala Velu,46,M,169.8,68.4,O+,+919073592528,22757940740337,Chennai,Anna Nagar,2026-06-17
P01347,Priya Gounder,36,F,166.2,34.0,B-,+917040703561,69412641060326,Chennai,Anna Nagar,2026-06-29
P01348,Geetha Krishnan,6,F,143.8,81.0,O-,+919863227723,31010896546125,Chennai,Anna Nagar,2026-07-15
P01349,Muthu Perumal,23,M,169.8,64.0,AB+,+919890456428,48698948481703,Chennai,Anna Nagar,2026-06-29
P01350,Sangeetha Natarajan,44,F,155.6,55.5,A+,+917069661898,73759493307811,Chennai,Anna Nagar,2026-06-04
P01351,Saravanan Raman,16,M,168.7,66.3,B+,+917045976998,44155967433384,Chennai,Anna Nagar,2026-06-03
P01352,Anitha Gounder,4,F,173.2,55.4,A-,+919813558608,33530049992665,Chennai,Anna Nagar,2026-06-24
P01353,Elango Gounder,32,M,152.5,81.0,A-,+919839052220,94624872385865,Chennai,Anna Nagar,2026-07-12
P01354,Naveen Shanmugam,31,M,167.4,59.1,AB-,+917045000560,13493179670605,Chennai,Anna Nagar,2026-07-01
P01355,Yamuna Iyer,30,F,153.7,73.6,A-,+917062154482,25069893546463,Chennai,Anna Nagar,2026-06-30
P01356,Kalaivani Subramaniam,13,F,173.8,60.8,AB-,+917040974297,93427186692552,Chennai,Anna Nagar,2026-07-13
P01357,Karthik Murugan,26,M,174.8,81.0,A-,+917021162108,56161973844981,Chennai,Anna Nagar,2026-06-01
P01358,Karthik Shanmugam,84,M,179.9,57.4,B+,+918081250258,46990867233104,Chennai,Anna Nagar,2026-06-01
P01359,Revathi Sundaram,17,F,153.3,83.6,O-,+919066236011,19221882206318,Chennai,Anna Nagar,2026-07-31
P01360,Divya Gounder,5,F,156.8,52.5,A+,+918035445439,64169368359916,Chennai,Anna Nagar,2026-06-25
P01361,Divya Gounder,35,F,155.6,58.3,B+,+919028778669,82671269379499,Chennai,Anna Nagar,2026-07-07
P01362,Kalaivani Nair,50,F,157.7,52.0,AB+,+919044646722,48436868111433,Chennai,Anna Nagar,2026-06-12
P01363,Gopal Balasubramaniam,34,M,165.8,64.3,A-,+919052582456,59062787902591,Chennai,Anna Nagar,2026-07-06
P01364,Praveen Natarajan,34,M,177.9,66.9,B+,+917065358948,26603235841802,Chennai,Anna Nagar,2026-06-25
P01365,Revathi Natarajan,23,F,164.2,45.3,B-,+919075614320,95519247411173,Chennai,Anna Nagar,2026-07-20
P01366,Malar Sundaram,29,F,163.6,55.0,B+,+919062740167,76112584233008,Chennai,Anna Nagar,2026-06-14
P01367,Vignesh Nair,8,M,180.3,93.6,O+,+918078622351,73210788312736,Chennai,Anna Nagar,2026-07-15
P01368,Kavya Nair,46,F,155.5,48.1,A+,+919827949517,01970842874162,Chennai,Anna Nagar,2026-06-23
P01369,Divya Nair,23,F,149.5,70.9,O-,+919054562556,10051081948422,Chennai,Anna Nagar,2026-06-21
P01370,Priya Chettiar,21,F,158.9,52.3,AB+,+917070639140,22350283034243,Chennai,Anna Nagar,2026-06-04
P01371,Kavya Shanmugam,32,F,159.7,67.6,A+,+917065773216,63166968740330,Chennai,Anna Nagar,2026-07-07
P01372,Priya Velu,50,F,142.7,76.8,A-,+919862474261,49700844580151,Chennai,Anna Nagar,2026-06-05
P01373,Malar Raman,29,F,157.4,79.3,B+,+919022870492,15050969961315,Chennai,Anna Nagar,2026-06-11
P01374,Praveen Nair,26,M,163.0,53.8,B+,+917053537171,88377435404762,Chennai,Anna Nagar,2026-07-15
P01375,Divya Pillai,37,F,143.0,54.9,O-,+918053570272,58627788826031,Chennai,Anna Nagar,2026-06-07
P01376,Priya Naidu,34,F,153.2,73.8,O-,+917089592307,71861422935545,Chennai,Anna Nagar,2026-06-16
P01377,Elango Balasubramaniam,66,M,168.7,57.6,A-,+917035282178,79830457627451,Chennai,Anna Nagar,2026-06-21
P01378,Bala Perumal,52,M,165.3,65.0,AB-,+917024633723,52213368960083,Chennai,Anna Nagar,2026-07-07
P01379,Sowmya Perumal,11,F,158.1,74.2,B-,+917076550794,46113997992715,Chennai,Anna Nagar,2026-07-11
P01380,Revathi Chettiar,49,F,171.2,47.5,AB-,+919029533216,85898681843976,Chennai,Anna Nagar,2026-07-25
P01381,Praveen Balasubramaniam,75,M,170.5,49.3,O+,+919047137108,57444107692626,Chennai,Anna Nagar,2026-07-01
P01382,Sangeetha Subramaniam,27,F,153.7,66.5,A-,+919814159751,43598398590799,Chennai,Anna Nagar,2026-07-20
P01383,Padma Rajan,14,F,166.9,38.8,AB+,+917060790227,78434073071776,Chennai,Anna Nagar,2026-07-30
P01384,Dinesh Rajan,47,M,173.9,52.5,A+,+917076025664,88369223385403,Chennai,Anna Nagar,2026-07-26
P01385,Karthik Nair,17,M,170.8,49.0,B-,+917028554878,65327355149724,Chennai,Anna Nagar,2026-06-22
P01386,Saravanan Balasubramaniam,75,M,172.9,94.2,AB-,+917049194152,69509355557020,Chennai,Anna Nagar,2026-06-16
P01387,Saravanan Subramaniam,20,M,169.8,76.2,O+,+919862563413,12189391270650,Chennai,Anna Nagar,2026-06-20
P01388,Anitha Iyer,46,F,154.6,52.4,B-,+917058946218,64468530455559,Chennai,Anna Nagar,2026-06-10
P01389,Padma Balasubramaniam,83,F,161.7,60.5,AB-,+919039043039,32763990460082,Chennai,Anna Nagar,2026-06-01
P01390,Vignesh Sundaram,53,M,158.7,71.8,A+,+918034664060,20975506179067,Chennai,Anna Nagar,2026-07-13
P01391,Karthik Chettiar,43,M,163.5,61.9,B-,+919051518739,90769721621833,Chennai,Anna Nagar,2026-06-03
P01392,Suresh Nair,45,M,155.3,56.0,AB+,+918025096126,05307122600822,Chennai,Anna Nagar,2026-07-24
P01393,Selvam Reddy,26,M,157.9,62.5,O-,+919882675371,87282063228012,Chennai,Anna Nagar,2026-06-04
P01394,Nithya Naidu,57,F,165.0,55.7,AB+,+919859080045,89524760960647,Chennai,Anna Nagar,2026-07-28
P01395,Elango Chettiar,33,M,159.2,69.5,AB-,+919843636093,77884070946577,Chennai,Anna Nagar,2026-06-24
P01396,Divya Iyer,22,F,155.4,54.1,AB-,+918083250114,42680928261641,Chennai,Anna Nagar,2026-06-28
P01397,Vidya Krishnan,54,F,156.2,61.1,O-,+919863393716,88031664795127,Chennai,Anna Nagar,2026-07-04
P01398,Saravanan Iyer,32,M,178.2,50.2,O-,+918060074035,41601991984808,Chennai,Anna Nagar,2026-07-19
P01399,Radha Balasubramaniam,66,F,155.2,39.9,A-,+919032890838,07710740433689,Chennai,Anna Nagar,2026-07-20
P01400,Kavya Reddy,42,F,153.8,41.9,AB+,+917099884390,05110900701785,Chennai,Anna Nagar,2026-06-29
P01401,Kumar Balasubramaniam,37,M,163.8,75.6,B+,+918092916171,20102975997475,Chennai,Kodambakkam,2026-06-19
P01402,Elango Reddy,42,M,170.7,55.7,O+,+918056512970,26942041641537,Chennai,Kodambakkam,2026-07-09
P01403,Deepa Gounder,68,F,158.5,53.1,AB-,+918069611267,66997681608557,Chennai,Kodambakkam,2026-07-28
P01404,Karthik Subramaniam,22,M,168.2,52.6,O+,+919879284688,81449908035862,Chennai,Kodambakkam,2026-07-09
P01405,Sowmya Shanmugam,35,F,143.1,49.1,AB+,+918034515854,45352791111085,Chennai,Kodambakkam,2026-06-02
P01406,Ashok Perumal,42,M,170.9,62.9,O-,+918032272739,13596183073480,Chennai,Kodambakkam,2026-07-14
P01407,Prakash Balasubramaniam,45,M,162.0,70.9,B+,+917054955754,54829878192147,Chennai,Kodambakkam,2026-06-23
P01408,Nithya Velu,27,F,147.3,48.6,A+,+919033421654,93717847214617,Chennai,Kodambakkam,2026-06-29
P01409,Prakash Nair,15,M,165.1,69.0,AB+,+919867426061,98897988775445,Chennai,Kodambakkam,2026-06-10
P01410,Revathi Naidu,22,F,165.0,44.5,A+,+917091923368,29360596275193,Chennai,Kodambakkam,2026-06-05
P01411,Suganya Perumal,28,F,159.2,53.4,O+,+919074225466,93656115686223,Chennai,Kodambakkam,2026-07-24
P01412,Ashok Rajan,32,M,179.3,60.4,O+,+917052422573,31602274330372,Chennai,Kodambakkam,2026-06-02
P01413,Uma Sundaram,54,F,158.4,52.2,B-,+917024111630,21380782878066,Chennai,Kodambakkam,2026-06-30
P01414,Prakash Perumal,26,M,158.1,87.5,O-,+919860561023,35654180288252,Chennai,Kodambakkam,2026-06-23
P01415,Kumar Krishnan,74,M,158.3,50.2,O-,+919062360117,99842882847052,Chennai,Kodambakkam,2026-06-28
P01416,Ramesh Shanmugam,34,M,165.6,82.8,AB-,+917032493148,32036686427786,Chennai,Kodambakkam,2026-07-24
P01417,Vignesh Perumal,17,M,169.4,59.4,AB-,+919813900400,32087783471062,Chennai,Kodambakkam,2026-07-01
P01418,Bala Subramaniam,24,M,167.8,56.6,AB-,+918055918988,62327700453585,Chennai,Kodambakkam,2026-07-11
P01419,Kavya Nair,46,F,173.7,59.4,O-,+919813039386,42402555468939,Chennai,Kodambakkam,2026-07-11
P01420,Lakshmi Reddy,25,F,172.8,36.6,A-,+917065776732,78815964673865,Chennai,Kodambakkam,2026-07-12
P01421,Suganya Sundaram,26,F,150.8,72.1,AB-,+918037813818,22912489558770,Chennai,Kodambakkam,2026-07-30
P01422,Praveen Naidu,33,M,160.5,54.4,O-,+919031429184,64076089530120,Chennai,Kodambakkam,2026-06-11
P01423,Ravi Balasubramaniam,46,M,160.4,46.6,A-,+919829297925,83356890581080,Chennai,Kodambakkam,2026-06-16
P01424,Saravanan Chettiar,35,M,161.3,71.3,O-,+919871523286,02772871565969,Chennai,Kodambakkam,2026-06-30
P01425,Kalaivani Rajan,1,F,159.1,53.0,O-,+919013411552,55362917148541,Chennai,Kodambakkam,2026-07-02
P01426,Selvam Iyer,24,M,151.4,44.8,O-,+918018281633,78821651192145,Chennai,Kodambakkam,2026-07-15
P01427,Kavya Balasubramaniam,33,F,161.4,70.8,AB+,+919072173598,30882403532124,Chennai,Kodambakkam,2026-06-03
P01428,Deepa Sundaram,64,F,167.4,59.1,B-,+919096434303,09412180525795,Chennai,Kodambakkam,2026-07-08
P01429,Suresh Iyer,34,M,158.7,71.7,B-,+918053609687,46018911343485,Chennai,Kodambakkam,2026-06-17
P01430,Yamuna Sundaram,15,F,160.0,61.5,B+,+919867380624,86127342112029,Chennai,Kodambakkam,2026-07-20
P01431,Suresh Reddy,58,M,156.6,30,O+,+917031845432,98908881966452,Chennai,Kodambakkam,2026-06-03
P01432,Kumar Krishnan,37,M,172.7,75.5,B+,+917039119632,35683172366704,Chennai,Kodambakkam,2026-07-14
P01433,Kumar Murugan,44,M,163.2,70.3,A-,+919848998599,05013320344956,Chennai,Kodambakkam,2026-07-06
P01434,Ravi Balasubramaniam,28,M,168.1,63.8,AB+,+919017788839,77525723163160,Chennai,Kodambakkam,2026-07-28
P01435,Karthik Rajan,14,M,147.7,60.2,AB-,+917035228013,99630667005994,Chennai,Kodambakkam,2026-07-12
P01436,Radha Gounder,37,F,168.7,45.7,B+,+918039286313,70071580097140,Chennai,Kodambakkam,2026-06-26
P01437,Radha Rajan,41,F,159.8,51.1,AB-,+919048294218,88839237590972,Chennai,Kodambakkam,2026-07-22
P01438,Senthil Iyer,71,M,148.4,61.1,O-,+919046822320,55139196034823,Chennai,Kodambakkam,2026-07-29
P01439,Radha Chettiar,14,F,155.3,63.1,B+,+918081388944,00436475846648,Chennai,Kodambakkam,2026-06-13
P01440,Meena Velu,65,F,153.6,30,B-,+919821856328,20631755297760,Chennai,Kodambakkam,2026-06-18
P01441,Saravanan Naidu,36,M,174.6,70.6,A-,+919068976931,28143611686114,Chennai,Kodambakkam,2026-07-18
P01442,Radha Murugan,38,F,168.8,46.2,A-,+918063642615,05554654268368,Chennai,Kodambakkam,2026-07-27
P01443,Sangeetha Murugan,76,F,146.3,94.5,O+,+917036629414,44545956600301,Chennai,Kodambakkam,2026-07-02
P01444,Vignesh Balasubramaniam,27,M,158.3,57.7,B+,+918080150149,69742173683850,Chennai,Kodambakkam,2026-06-09
P01445,Suganya Raman,51,F,145.4,79.0,A-,+919858413856,08113640348484,Chennai,Kodambakkam,2026-06-13
P01446,Elango Krishnan,42,M,179.1,42.9,A+,+919833182157,79595142954496,Chennai,Kodambakkam,2026-07-23
P01447,Padma Subramaniam,24,F,151.9,75.3,AB+,+918073706533,52800161734479,Chennai,Kodambakkam,2026-07-19
P01448,Revathi Rajan,1,F,152.7,48.1,A-,+919838569395,83264897100170,Chennai,Kodambakkam,2026-06-12
P01449,Kalaivani Natarajan,1,F,148.3,71.4,AB+,+917042132750,04948414235528,Chennai,Kodambakkam,2026-06-19
P01450,Senthil Balasubramaniam,58,M,159.1,54.4,O-,+919898373640,79813026564771,Chennai,Kodambakkam,2026-07-14
P01451,Ravi Natarajan,25,M,173.6,79.4,A+,+919019795789,07911611464461,Chennai,Kodambakkam,2026-06-05
P01452,Karthik Natarajan,18,M,180.8,64.9,O-,+919033147442,47388523774877,Chennai,Kodambakkam,2026-06-16
P01453,Praveen Nair,59,M,168.6,77.9,O-,+917031048578,18082267990966,Chennai,Kodambakkam,2026-06-22
P01454,Uma Chettiar,21,F,154.4,51.3,B-,+919071656163,16468210037090,Chennai,Kodambakkam,2026-06-28
P01455,Malar Sundaram,50,F,156.7,53.8,AB+,+918032041419,07098348492674,Chennai,Kodambakkam,2026-07-11
P01456,Yamuna Sundaram,37,F,167.4,37.0,O-,+917073722811,44565726765419,Chennai,Kodambakkam,2026-06-12
P01457,Bala Raman,18,M,164.9,52.9,A+,+918051249306,52202626930326,Chennai,Kodambakkam,2026-07-07
P01458,Sangeetha Gounder,27,F,143.8,82.5,B-,+917092112746,07406351685224,Chennai,Kodambakkam,2026-06-24
P01459,Deepa Balasubramaniam,21,F,160.4,65.9,A+,+917058071544,36693327633422,Chennai,Kodambakkam,2026-07-06
P01460,Malar Gounder,49,F,153.5,51.3,AB-,+918039409268,72259310337008,Chennai,Kodambakkam,2026-07-31
P01461,Sangeetha Raman,45,F,159.3,60.9,O+,+918035647315,33188384561257,Chennai,Kodambakkam,2026-07-18
P01462,Kumar Perumal,36,M,164.3,73.4,O-,+917074091448,69680645544215,Chennai,Kodambakkam,2026-06-07
P01463,Vidya Reddy,26,F,146.4,60.9,A+,+919037683563,27396885934288,Chennai,Kodambakkam,2026-06-11
P01464,Prakash Natarajan,62,M,158.1,53.2,AB-,+918038350393,15032198596551,Chennai,Kodambakkam,2026-06-15
P01465,Ravi Velu,39,M,165.9,42.4,A+,+919896735838,73476714998632,Chennai,Kodambakkam,2026-07-18
P01466,Priya Gounder,52,F,154.4,52.9,O-,+918051663806,27622155963743,Chennai,Kodambakkam,2026-07-17
P01467,Priya Chettiar,41,F,165.8,37.9,O-,+919048385817,65653170873002,Chennai,Kodambakkam,2026-06-19
P01468,Elango Chettiar,11,M,169.5,65.7,AB+,+919839722157,25673223487493,Chennai,Kodambakkam,2026-07-22
P01469,Prakash Raman,21,M,168.6,69.6,O+,+919863194565,07326447893785,Chennai,Kodambakkam,2026-06-03
P01470,Vidya Krishnan,15,F,150.6,50.9,A+,+918076524861,16458104573466,Chennai,Kodambakkam,2026-07-01
P01471,Geetha Natarajan,37,F,164.3,64.9,A+,+919027551376,89056651837847,Chennai,Kodambakkam,2026-06-15
P01472,Geetha Perumal,82,F,163.3,65.9,B-,+919846700350,34509685938062,Chennai,Kodambakkam,2026-07-19
P01473,Radha Naidu,50,F,157.1,42.4,AB+,+918045596918,34354869521215,Chennai,Kodambakkam,2026-07-08
P01474,Divya Raman,36,F,160.7,59.8,A+,+918054307617,46946604903764,Chennai,Kodambakkam,2026-06-29
P01475,Divya Sundaram,34,F,163.4,63.3,A-,+918033812817,15039655868190,Chennai,Kodambakkam,2026-07-18
P01476,Ravi Gounder,33,M,166.6,55.1,B-,+918060037289,28660138550029,Chennai,Kodambakkam,2026-06-21
P01477,Priya Murugan,42,F,146.1,58.5,B+,+919057489023,71815806194999,Chennai,Kodambakkam,2026-07-27
P01478,Bala Krishnan,35,M,168.0,76.3,O-,+919026215399,91939687186717,Chennai,Kodambakkam,2026-07-21
P01479,Dinesh Nair,12,M,162.4,59.8,O-,+917075819796,19612933213495,Chennai,Kodambakkam,2026-07-25
P01480,Saravanan Krishnan,31,M,167.3,64.2,A+,+918074156138,17758856274806,Chennai,Kodambakkam,2026-07-26
P01481,Vidya Iyer,59,F,162.6,85.0,A+,+918017992069,69516571211860,Chennai,Kodambakkam,2026-07-28
P01482,Vignesh Gounder,7,M,148.5,58.3,B-,+918017957405,25598792062314,Chennai,Kodambakkam,2026-07-13
P01483,Meena Raman,19,F,149.0,50.9,AB+,+917086600814,68045052112036,Chennai,Kodambakkam,2026-07-25
P01484,Manoj Shanmugam,12,M,156.9,63.6,A+,+919044240120,60819714083469,Chennai,Kodambakkam,2026-06-18
P01485,Sowmya Rajan,36,F,165.3,44.7,A+,+919827676868,74566983985907,Chennai,Kodambakkam,2026-06-01
P01486,Nithya Iyer,64,F,169.4,84.6,A+,+919093254992,57762538476691,Chennai,Kodambakkam,2026-06-06
P01487,Kavya Perumal,40,F,158.4,87.0,AB+,+917073003575,46859026297611,Chennai,Kodambakkam,2026-07-02
P01488,Radha Sundaram,20,F,144.6,71.4,A+,+918051398319,98246896701656,Chennai,Kodambakkam,2026-07-05
P01489,Suresh Subramaniam,53,M,153.8,69.4,AB-,+918037686666,12524235256008,Chennai,Kodambakkam,2026-06-11
P01490,Nithya Velu,24,F,154.7,43.4,A-,+919834126013,15052053531318,Chennai,Kodambakkam,2026-07-10
P01491,Revathi Reddy,25,F,161.0,43.4,B+,+918030055217,21091294431414,Chennai,Kodambakkam,2026-07-10
P01492,Gopal Perumal,78,M,168.5,51.0,B-,+919036418676,77982402116823,Chennai,Kodambakkam,2026-07-21
P01493,Ravi Murugan,43,M,175.9,48.4,A-,+917015722327,96242657896355,Chennai,Kodambakkam,2026-07-18
P01494,Uma Iyer,27,F,148.8,60.9,AB+,+918050333457,88823725442253,Chennai,Kodambakkam,2026-07-31
P01495,Anitha Shanmugam,66,F,166.5,75.8,A+,+919016182399,34553882872047,Chennai,Kodambakkam,2026-07-19
P01496,Lakshmi Shanmugam,32,F,147.3,60.0,B+,+919850161712,58712075313685,Chennai,Kodambakkam,2026-06-25
P01497,Karthik Balasubramaniam,62,M,173.3,62.0,O+,+917044483834,43010614452996,Chennai,Kodambakkam,2026-06-07
P01498,Deepa Chettiar,20,F,149.7,68.7,A-,+919822976798,15333497296970,Chennai,Kodambakkam,2026-06-18
P01499,Muthu Reddy,43,M,165.4,69.6,AB-,+919082845036,58618881786021,Chennai,Kodambakkam,2026-06-15
P01500,Suganya Chettiar,62,F,150.9,54.9,AB-,+919839472941,82749033122239,Chennai,Kodambakkam,2026-07-09
P01501,Deepa Pillai,37,F,157.3,59.5,O+,+918063196234,87477740703666,Chennai,Kodambakkam,2026-06-29
P01502,Radha Iyer,35,F,154.4,58.6,B+,+918026125751,28219386827847,Chennai,Kodambakkam,2026-06-29
P01503,Arun Reddy,12,M,170.6,66.8,O-,+919886493396,20666048531234,Chennai,Kodambakkam,2026-07-25
P01504,Suganya Shanmugam,49,F,157.0,68.5,A-,+917079907940,46512421063781,Chennai,Kodambakkam,2026-07-22
P01505,Radha Naidu,38,F,153.4,40.0,A-,+917065132577,59558594219379,Chennai,Kodambakkam,2026-06-15
P01506,Ashok Chettiar,27,M,169.8,61.1,AB+,+919087336330,72767687775935,Chennai,Kodambakkam,2026-07-25
P01507,Divya Subramaniam,68,F,161.6,53.0,B-,+917083514512,84267233990761,Chennai,Kodambakkam,2026-07-09
P01508,Divya Gounder,57,F,156.4,55.7,A-,+919051332114,80442364792149,Chennai,Kodambakkam,2026-06-05
P01509,Naveen Naidu,68,M,173.3,53.1,AB-,+917051857968,99157380679967,Chennai,Kodambakkam,2026-07-22
P01510,Kumar Velu,35,M,161.2,69.9,A-,+917034323666,37264320586997,Chennai,Kodambakkam,2026-06-03
P01511,Bala Subramaniam,69,M,154.3,55.2,AB-,+918031066250,77011549177326,Chennai,Kodambakkam,2026-07-13
P01512,Selvam Sundaram,24,M,169.4,50.5,AB+,+917014688680,85973586794336,Chennai,Kodambakkam,2026-07-03
P01513,Radha Balasubramaniam,35,F,164.3,61.9,AB+,+919089796198,64587669494715,Chennai,Kodambakkam,2026-07-02
P01514,Suganya Natarajan,48,F,163.0,39.7,O+,+919096942819,02405377290848,Chennai,Kodambakkam,2026-06-16
P01515,Revathi Natarajan,32,F,160.3,50.3,O-,+919084352009,07805383385693,Chennai,Kodambakkam,2026-06-02
P01516,Prakash Velu,26,M,164.3,59.0,O+,+917047137544,07373041506324,Chennai,Kodambakkam,2026-06-27
P01517,Ravi Gounder,35,M,167.3,64.5,AB-,+919837645557,34674646603327,Chennai,Kodambakkam,2026-06-24
P01518,Saravanan Pillai,28,M,169.6,51.0,O-,+918017205577,94101027607819,Chennai,Kodambakkam,2026-07-01
P01519,Padma Balasubramaniam,49,F,159.5,42.0,B-,+918041683303,06144357547893,Chennai,Kodambakkam,2026-06-30
P01520,Anitha Sundaram,35,F,169.4,61.1,A+,+918072725605,06875670718129,Chennai,Kodambakkam,2026-06-23
P01521,Manoj Iyer,39,M,177.7,86.1,B-,+919871971106,45998413376870,Chennai,Kodambakkam,2026-07-07
P01522,Padma Murugan,21,F,163.2,50.9,A+,+919896057708,51064070783847,Chennai,Kodambakkam,2026-06-01
P01523,Uma Natarajan,26,F,154.6,67.2,B-,+919854099012,40449272809031,Chennai,Kodambakkam,2026-07-24
P01524,Radha Naidu,38,F,141.1,50.6,B-,+917067448226,78598444088959,Chennai,Kodambakkam,2026-06-16
P01525,Bala Sundaram,95,M,169.0,68.1,A+,+919030738663,69901523029996,Chennai,Kodambakkam,2026-07-11
P01526,Anitha Gounder,37,F,155.6,60.3,O-,+919857328422,40307991540273,Chennai,Kodambakkam,2026-07-09
P01527,Suresh Shanmugam,47,M,165.7,81.2,O-,+917012951669,42318206820481,Chennai,Kodambakkam,2026-06-14
P01528,Bala Reddy,34,M,149.0,54.3,O+,+919839194304,85779739824553,Chennai,Kodambakkam,2026-06-04
P01529,Dinesh Perumal,32,M,167.4,68.7,B+,+919846841130,29518525576881,Chennai,Kodambakkam,2026-07-14
P01530,Lakshmi Perumal,46,F,163.9,49.0,A-,+919893292248,54487615048849,Chennai,Kodambakkam,2026-06-16
P01531,Saravanan Reddy,64,M,154.8,63.8,AB+,+919015512465,35076955593558,Chennai,Kodambakkam,2026-06-09
P01532,Vignesh Iyer,16,M,171.0,53.9,AB-,+919854256334,47777459254123,Chennai,Kodambakkam,2026-07-16
P01533,Yamuna Balasubramaniam,46,F,160.3,39.3,A+,+917076231055,04559484967416,Chennai,Kodambakkam,2026-07-01
P01534,Vidya Balasubramaniam,20,F,163.1,71.4,A-,+918054277370,59350276749064,Chennai,Kodambakkam,2026-06-22
P01535,Gopal Velu,45,M,147.8,78.9,O-,+918018422659,45134170054558,Chennai,Kodambakkam,2026-07-14
P01536,Selvam Subramaniam,36,M,166.9,54.2,AB+,+918026512272,68335766808950,Chennai,Kodambakkam,2026-07-10
P01537,Lakshmi Reddy,67,F,154.0,69.9,B-,+917073572140,15578521979336,Chennai,Kodambakkam,2026-07-19
P01538,Revathi Murugan,49,F,165.5,44.4,AB+,+917080264613,98885010558391,Chennai,Kodambakkam,2026-07-10
P01539,Karthik Krishnan,64,M,174.6,68.3,B-,+918039143166,96379020388782,Chennai,Kodambakkam,2026-06-19
P01540,Muthu Reddy,47,M,154.7,58.9,AB-,+917065326443,76634208348124,Chennai,Kodambakkam,2026-07-04
P01541,Ashok Reddy,37,M,156.9,62.5,O+,+917044582161,78327966379581,Chennai,Kodambakkam,2026-07-17
P01542,Yamuna Nair,52,F,140.3,66.2,O+,+919880662214,71446939953155,Chennai,Kodambakkam,2026-06-18
P01543,Kavya Velu,16,F,161.6,61.2,A+,+919846006451,96668118229232,Chennai,Kodambakkam,2026-07-31
P01544,Lakshmi Gounder,51,F,148.1,67.3,AB-,+918040924274,78406138674857,Chennai,Kodambakkam,2026-06-12
P01545,Selvam Natarajan,51,M,167.0,57.4,AB+,+919071790456,86800551267644,Chennai,Kodambakkam,2026-07-14
P01546,Anitha Natarajan,58,F,156.8,70.1,A+,+919065175143,14653442004218,Chennai,Kodambakkam,2026-06-15
P01547,Revathi Rajan,19,F,158.1,67.3,A-,+917086725451,85056513358508,Chennai,Kodambakkam,2026-06-04
P01548,Ramesh Nair,48,M,148.1,39.4,AB-,+919865130817,32790423381060,Chennai,Kodambakkam,2026-07-29
P01549,Suresh Perumal,36,M,155.7,71.7,O+,+919071623125,49659905270259,Chennai,Kodambakkam,2026-07-09
P01550,Deepa Rajan,40,F,158.2,61.3,B-,+917051890862,07751306109221,Chennai,Kodambakkam,2026-06-19
P01551,Sangeetha Pillai,19,F,152.3,43.1,O+,+919842105788,20431927431266,Chennai,Kodambakkam,2026-07-23
P01552,Revathi Chettiar,73,F,145.6,77.0,AB+,+917065542271,55806247555267,Chennai,Kodambakkam,2026-06-12
P01553,Karthik Iyer,59,M,157.6,44.1,AB-,+919025130984,00568706905711,Chennai,Kodambakkam,2026-07-18
P01554,Naveen Natarajan,59,M,173.4,72.3,B-,+918042336803,53933054849516,Chennai,Kodambakkam,2026-07-25
P01555,Meena Perumal,31,F,155.5,48.6,B-,+917029851561,42646855190204,Chennai,Kodambakkam,2026-06-10
P01556,Selvam Reddy,43,M,172.2,51.3,A+,+919023223970,09334653363305,Chennai,Kodambakkam,2026-06-05
P01557,Lakshmi Raman,33,F,147.6,53.6,O+,+917064441452,43770217047012,Chennai,Kodambakkam,2026-07-26
P01558,Geetha Gounder,57,F,150.3,34.6,B-,+919822419779,78568176975059,Chennai,Kodambakkam,2026-06-11
P01559,Arun Murugan,8,M,165.5,85.3,A+,+919058732264,91698331793647,Chennai,Kodambakkam,2026-06-16
P01560,Muthu Krishnan,31,M,152.4,62.7,AB+,+919094487435,45259357076509,Chennai,Kodambakkam,2026-06-17
P01561,Vidya Iyer,9,F,165.1,33.7,B+,+919824852459,92602611868010,Chennai,Kodambakkam,2026-06-21
P01562,Suresh Naidu,45,M,164.4,65.4,A+,+917097735512,70032762805877,Chennai,Kodambakkam,2026-07-12
P01563,Kavya Velu,56,F,143.7,73.4,B+,+917024117184,95696460773595,Chennai,Kodambakkam,2026-06-30
P01564,Sowmya Nair,51,F,151.5,43.5,B+,+917057526653,13563974892500,Chennai,Kodambakkam,2026-06-08
P01565,Malar Sundaram,26,F,161.6,57.5,AB-,+918058735279,81821774874779,Chennai,Kodambakkam,2026-07-17
P01566,Prakash Rajan,1,M,148.7,89.8,O+,+918082081225,35699971252019,Chennai,Kodambakkam,2026-07-30
P01567,Vignesh Velu,54,M,168.0,64.6,AB-,+917087488011,19699335303138,Chennai,Kodambakkam,2026-06-08
P01568,Radha Perumal,63,F,152.9,56.8,B+,+919860185491,33552620294874,Chennai,Kodambakkam,2026-07-12
P01569,Sowmya Chettiar,29,F,154.9,46.6,O+,+919026404158,73922293177865,Chennai,Kodambakkam,2026-07-25
P01570,Elango Subramaniam,31,M,167.8,50.0,A+,+919053708911,77791743124345,Chennai,Kodambakkam,2026-06-18
P01571,Gopal Subramaniam,25,M,172.7,63.5,A+,+918071663283,20948036957562,Chennai,Kodambakkam,2026-06-22
P01572,Geetha Velu,31,F,158.4,72.9,AB-,+917079907867,85506943944101,Chennai,Kodambakkam,2026-06-27
P01573,Prakash Chettiar,27,M,180.0,68.0,O-,+919088455134,21018188969913,Chennai,Kodambakkam,2026-06-17
P01574,Praveen Subramaniam,14,M,166.3,41.2,AB-,+919038204138,84811157034756,Chennai,Kodambakkam,2026-07-08
P01575,Ramesh Velu,15,M,152.3,70.1,B+,+919054872078,54620213546922,Chennai,Kodambakkam,2026-07-30
P01576,Suresh Natarajan,25,M,164.4,64.5,B-,+919040745776,46609547006039,Chennai,Kodambakkam,2026-07-24
P01577,Selvam Iyer,60,M,168.3,65.9,A-,+919094880211,12022417561680,Chennai,Kodambakkam,2026-06-13
P01578,Malar Rajan,29,F,144.1,64.9,O+,+917035735576,33665028591565,Chennai,Kodambakkam,2026-06-06
P01579,Ramesh Krishnan,14,M,169.1,55.4,O-,+918050804570,92219114299948,Chennai,Kodambakkam,2026-07-06
P01580,Suresh Chettiar,12,M,163.4,74.5,O-,+919887476701,93914265201201,Chennai,Kodambakkam,2026-07-19
P01581,Nithya Reddy,36,F,157.2,82.5,AB+,+919864122704,59481827291367,Chennai,Kodambakkam,2026-07-12
P01582,Vidya Reddy,50,F,173.7,48.8,O+,+917052057772,32180113085231,Chennai,Kodambakkam,2026-07-29
P01583,Nithya Nair,7,F,164.4,60.8,O+,+917026828790,24626713202534,Chennai,Kodambakkam,2026-06-16
P01584,Karthik Natarajan,1,M,165.4,77.6,AB-,+919813977921,42939876674087,Chennai,Kodambakkam,2026-07-22
P01585,Nithya Krishnan,42,F,152.6,47.7,A+,+918039348441,05109724725426,Chennai,Kodambakkam,2026-07-21
P01586,Geetha Chettiar,43,F,154.3,62.3,B+,+919868304442,39852381828936,Chennai,Kodambakkam,2026-07-18
P01587,Ashok Perumal,62,M,162.9,67.3,A+,+919815332684,42357318995931,Chennai,Kodambakkam,2026-07-12
P01588,Ramesh Murugan,18,M,163.1,47.1,B-,+919043480128,47050707750884,Chennai,Kodambakkam,2026-07-08
P01589,Uma Natarajan,24,F,145.8,61.2,AB+,+919865647128,21380595194845,Chennai,Kodambakkam,2026-07-21
P01590,Sowmya Rajan,20,F,154.9,50.8,O-,+917036326066,30591541963511,Chennai,Kodambakkam,2026-06-24
P01591,Ashok Gounder,20,M,159.6,55.1,AB+,+919091256248,05041737223426,Chennai,Kodambakkam,2026-07-26
P01592,Lakshmi Chettiar,60,F,162.8,40.4,B+,+918095000213,81281718993547,Chennai,Kodambakkam,2026-06-30
P01593,Kalaivani Sundaram,70,F,141.2,76.9,B-,+919839186650,11493310886230,Chennai,Kodambakkam,2026-06-29
P01594,Suganya Raman,64,F,154.2,47.2,A+,+918081477265,18036485100218,Chennai,Kodambakkam,2026-07-08
P01595,Vignesh Perumal,28,M,176.8,70.1,O+,+919818412922,68787321499970,Chennai,Kodambakkam,2026-06-03
P01596,Dinesh Reddy,39,M,154.5,38.5,AB-,+919038594436,34421065100460,Chennai,Kodambakkam,2026-06-18
P01597,Selvam Natarajan,52,M,165.5,67.7,O+,+918016351870,72239567217618,Chennai,Kodambakkam,2026-06-24
P01598,Sangeetha Balasubramaniam,50,F,151.2,32.5,AB+,+919868781243,51387712398189,Chennai,Kodambakkam,2026-07-23
P01599,Gopal Gounder,18,M,157.4,66.1,A+,+919058485624,19455868173418,Chennai,Kodambakkam,2026-07-03
P01600,Naveen Reddy,33,M,143.3,65.3,A+,+918094071105,15758593918536,Chennai,Kodambakkam,2026-07-13
P01601,Praveen Nair,75,M,168.5,72.6,AB-,+917085637167,54063856702071,Chennai,Kodambakkam,2026-07-20
P01602,Anitha Krishnan,16,F,158.3,72.5,O-,+919097091318,55354407896778,Chennai,Kodambakkam,2026-06-18
P01603,Karthik Krishnan,14,M,151.6,86.3,AB-,+918099400310,04094711246175,Chennai,Kodambakkam,2026-06-07
P01604,Suganya Pillai,74,F,153.6,57.5,A+,+919084081712,66718644262447,Chennai,Kodambakkam,2026-07-31
P01605,Arun Pillai,30,M,155.3,60.7,AB-,+919811849485,33257044307324,Chennai,Kodambakkam,2026-07-22
P01606,Yamuna Balasubramaniam,41,F,147.6,40.6,O+,+917038694357,04381779989924,Chennai,Kodambakkam,2026-07-07
P01607,Meena Pillai,43,F,151.0,48.4,B-,+917022515069,86432314565181,Chennai,Kodambakkam,2026-07-04
P01608,Gopal Krishnan,41,M,154.5,68.6,A+,+918046403502,37432567405362,Chennai,Kodambakkam,2026-07-28
P01609,Kalaivani Naidu,59,F,161.3,61.5,A-,+917025239435,90206071369300,Chennai,Kodambakkam,2026-07-23
P01610,Nithya Naidu,45,F,158.4,52.6,B+,+919868752317,35384256116159,Chennai,Kodambakkam,2026-07-14
P01611,Kalaivani Rajan,36,F,159.4,59.3,B-,+919852510825,82682950814994,Chennai,Kodambakkam,2026-06-18
P01612,Bala Shanmugam,30,M,167.1,72.1,O-,+918056682659,80352880507507,Chennai,Kodambakkam,2026-06-13
P01613,Bala Naidu,6,M,156.5,56.0,O+,+918058067198,24777744496493,Chennai,Kodambakkam,2026-06-14
P01614,Karthik Sundaram,23,M,162.7,74.2,A+,+919886275940,88264862755377,Chennai,Kodambakkam,2026-06-04
P01615,Muthu Velu,45,M,150.6,41.0,A+,+917028752036,10407254539601,Chennai,Kodambakkam,2026-07-26
P01616,Revathi Iyer,23,F,169.1,66.4,O+,+919814171762,79262517431603,Chennai,Kodambakkam,2026-07-10
P01617,Kumar Reddy,19,M,173.4,67.1,B-,+919045894863,27895236179496,Chennai,Kodambakkam,2026-07-15
P01618,Uma Subramaniam,64,F,147.6,76.4,AB-,+917033260029,73174271832240,Chennai,Kodambakkam,2026-07-09
P01619,Gopal Velu,48,M,185.2,51.0,A-,+919864848745,40404655112863,Chennai,Kodambakkam,2026-06-09
P01620,Arun Iyer,54,M,184.9,56.7,B+,+918015081624,74595282767742,Chennai,Kodambakkam,2026-06-23
P01621,Elango Chettiar,26,M,160.0,62.5,B+,+919879797193,39692151002607,Chennai,Kodambakkam,2026-06-15
P01622,Suganya Perumal,77,F,155.1,53.5,AB+,+919856072417,37155731052089,Chennai,Kodambakkam,2026-06-13
P01623,Karthik Balasubramaniam,56,M,168.5,86.5,B-,+918072689431,73129734148502,Chennai,Kodambakkam,2026-06-24
P01624,Priya Perumal,44,F,141.5,30,B+,+919883029297,00907220871218,Chennai,Kodambakkam,2026-07-09
P01625,Vidya Krishnan,30,F,159.9,76.6,B+,+918038146130,15998751757903,Chennai,Kodambakkam,2026-07-07
P01626,Ravi Shanmugam,37,M,169.9,86.0,A+,+919810406039,94175024130078,Chennai,Kodambakkam,2026-07-06
P01627,Geetha Rajan,21,F,155.3,53.8,A+,+919087180611,14504972366946,Chennai,Kodambakkam,2026-06-22
P01628,Manoj Shanmugam,18,M,156.1,69.8,A-,+919028029931,04384504621764,Chennai,Kodambakkam,2026-06-22
P01629,Manoj Sundaram,60,M,160.3,69.7,AB+,+919844414723,07886985857491,Chennai,Kodambakkam,2026-06-19
P01630,Ashok Natarajan,60,M,175.9,70.8,B+,+919848882460,18793978953770,Chennai,Kodambakkam,2026-07-30
P01631,Saravanan Subramaniam,52,M,163.7,70.4,B+,+919043131349,78047040793651,Chennai,Kodambakkam,2026-06-28
P01632,Vidya Iyer,71,F,145.2,73.1,A+,+918099688354,27357125672123,Chennai,Kodambakkam,2026-06-12
P01633,Bala Pillai,68,M,167.3,51.2,O-,+918029040328,42566009805783,Chennai,Kodambakkam,2026-07-07
P01634,Priya Chettiar,43,F,153.6,55.0,O+,+917043002771,65329856849977,Chennai,Kodambakkam,2026-06-14
P01635,Naveen Pillai,35,M,150.7,62.6,O+,+918043221646,70049174436871,Chennai,Kodambakkam,2026-06-18
P01636,Vidya Nair,39,F,156.3,84.3,A-,+919074157331,74054586618248,Chennai,Kodambakkam,2026-06-30
P01637,Divya Naidu,32,F,161.0,46.7,A-,+919833235901,63492122339982,Chennai,Kodambakkam,2026-06-15
P01638,Elango Pillai,39,M,159.5,84.4,B-,+918098827591,04484567715417,Chennai,Kodambakkam,2026-06-01
P01639,Sowmya Murugan,26,F,159.3,44.1,A-,+919851623157,57677657666476,Chennai,Kodambakkam,2026-06-15
P01640,Selvam Iyer,49,M,161.2,62.6,AB+,+919054229072,52175049988782,Chennai,Kodambakkam,2026-07-03
P01641,Priya Sundaram,58,F,154.8,55.1,A-,+919015448206,69298738640067,Chennai,Kodambakkam,2026-06-11
P01642,Dinesh Krishnan,51,M,159.6,87.4,B-,+918021773592,43031839330111,Chennai,Kodambakkam,2026-06-28
P01643,Malar Balasubramaniam,29,F,147.9,57.9,O-,+919027908635,45296151436974,Chennai,Kodambakkam,2026-06-22
P01644,Kalaivani Murugan,60,F,136.0,66.3,AB-,+918097263926,87135566963389,Chennai,Kodambakkam,2026-06-14
P01645,Geetha Iyer,30,F,142.2,49.6,O-,+919816161969,19991624694762,Chennai,Kodambakkam,2026-06-30
P01646,Senthil Reddy,43,M,152.0,80.5,B+,+919880492586,51797367990102,Chennai,Kodambakkam,2026-07-30
P01647,Kalaivani Iyer,47,F,144.9,77.7,A+,+918082481128,72121519045624,Chennai,Kodambakkam,2026-07-10
P01648,Meena Velu,49,F,150.6,61.8,O-,+919864765439,33935082432625,Chennai,Kodambakkam,2026-06-03
P01649,Gopal Rajan,34,M,161.9,63.5,O-,+919018797403,42024843507450,Chennai,Kodambakkam,2026-07-12
P01650,Ravi Krishnan,50,M,164.5,56.0,AB-,+917028752079,44043109077182,Chennai,Kodambakkam,2026-06-12
P01651,Gopal Balasubramaniam,25,M,153.8,66.5,B-,+919868541098,55476172757355,Chennai,Kodambakkam,2026-07-19
P01652,Meena Nair,79,F,151.4,56.0,AB+,+919867443937,15393929427021,Chennai,Kodambakkam,2026-06-30
P01653,Revathi Gounder,62,F,159.1,60.4,A+,+919831152378,79895824773391,Chennai,Kodambakkam,2026-07-25
P01654,Praveen Natarajan,51,M,156.3,55.2,A-,+917029869353,75939557142116,Chennai,Kodambakkam,2026-06-03
P01655,Selvam Murugan,42,M,164.8,75.7,A+,+917047058337,43643644432969,Chennai,Kodambakkam,2026-07-12
P01656,Arun Krishnan,29,M,164.9,72.0,AB-,+918032166057,76835278087857,Chennai,Kodambakkam,2026-07-19
P01657,Karthik Raman,75,M,171.2,72.6,A+,+917018052671,63258677546586,Chennai,Kodambakkam,2026-06-14
P01658,Elango Raman,65,M,154.9,67.0,B-,+919046804875,63324656841546,Chennai,Kodambakkam,2026-06-20
P01659,Suresh Perumal,27,M,172.8,54.6,O-,+917077068267,69659596560033,Chennai,Kodambakkam,2026-07-19
P01660,Radha Naidu,38,F,154.8,51.1,O+,+918021848164,09222514557953,Chennai,Kodambakkam,2026-07-07
P01661,Nithya Iyer,29,F,150.5,55.1,AB+,+919038723100,02970813722982,Chennai,Kodambakkam,2026-06-05
P01662,Vignesh Reddy,41,M,178.8,67.1,B-,+918032306394,95014962840769,Chennai,Kodambakkam,2026-06-24
P01663,Nithya Balasubramaniam,39,F,157.5,43.7,AB+,+919893711907,00782446666948,Chennai,Kodambakkam,2026-06-14
P01664,Kumar Reddy,31,M,154.0,72.6,B-,+919877854979,25085592562972,Chennai,Kodambakkam,2026-06-01
P01665,Kavya Rajan,16,F,164.1,71.2,AB-,+918075476994,34689270472334,Chennai,Kodambakkam,2026-07-20
P01666,Radha Pillai,63,F,170.7,34.6,A+,+919023439234,49618068628868,Chennai,Kodambakkam,2026-06-27
P01667,Suganya Raman,61,F,151.1,73.6,B-,+919021191711,86956134408833,Chennai,Kodambakkam,2026-07-09
P01668,Naveen Chettiar,80,M,155.4,60.9,O+,+919866482582,91237793980122,Chennai,Kodambakkam,2026-06-08
P01669,Arun Iyer,49,M,167.6,53.5,B-,+917058830077,23133631409821,Chennai,Kodambakkam,2026-06-02
P01670,Senthil Sundaram,37,M,159.9,65.7,AB-,+918014692831,12959031775690,Chennai,Kodambakkam,2026-06-08
P01671,Suresh Natarajan,29,M,153.4,55.5,AB+,+919038530039,24483438715154,Chennai,Kodambakkam,2026-07-19
P01672,Sangeetha Krishnan,16,F,151.3,73.7,AB-,+917027901200,72820400938083,Chennai,Kodambakkam,2026-06-08
P01673,Meena Velu,21,F,147.6,75.2,A+,+917060285730,93241832527625,Chennai,Kodambakkam,2026-06-11
P01674,Suresh Gounder,60,M,163.7,62.1,A-,+917068606568,79542832670116,Chennai,Kodambakkam,2026-06-11
P01675,Geetha Sundaram,29,F,154.9,33.2,B+,+917034094550,51538642673022,Chennai,Kodambakkam,2026-07-21
P01676,Selvam Chettiar,54,M,159.9,58.3,A+,+919011600631,53198410507550,Chennai,Kodambakkam,2026-07-01
P01677,Lakshmi Gounder,27,F,154.9,50.9,AB-,+919068540931,79700830764405,Chennai,Kodambakkam,2026-06-29
P01678,Suresh Balasubramaniam,78,M,159.4,82.2,B+,+919832414082,79732829018320,Chennai,Kodambakkam,2026-06-01
P01679,Vidya Chettiar,61,F,163.4,65.3,AB+,+917019797356,99050240651174,Chennai,Kodambakkam,2026-06-02
P01680,Lakshmi Velu,42,F,159.1,39.9,O+,+919069046840,96886312407904,Chennai,Kodambakkam,2026-06-30
P01681,Meena Krishnan,30,F,154.1,58.8,A-,+917046825952,56767761952496,Chennai,Kodambakkam,2026-07-04
P01682,Manoj Natarajan,89,M,166.9,66.9,AB+,+919054440318,17702238045347,Chennai,Kodambakkam,2026-06-10
P01683,Karthik Subramaniam,13,M,169.3,61.6,B+,+919080348128,98735872729933,Chennai,Kodambakkam,2026-06-10
P01684,Priya Nair,48,F,149.8,33.9,O+,+917092195862,39866398464844,Chennai,Kodambakkam,2026-07-11
P01685,Naveen Subramaniam,32,M,159.6,55.2,B+,+918090907857,18867622735334,Chennai,Kodambakkam,2026-07-19
P01686,Manoj Sundaram,32,M,175.5,58.7,AB+,+918042996518,40142156345263,Chennai,Kodambakkam,2026-06-04
P01687,Deepa Subramaniam,55,F,169.2,50.9,AB-,+917048025542,44551434421117,Chennai,Kodambakkam,2026-06-14
P01688,Sowmya Rajan,34,F,154.0,73.6,AB-,+919032374171,18842463815129,Chennai,Kodambakkam,2026-06-19
P01689,Ramesh Naidu,66,M,177.3,63.0,AB+,+919033895240,99872473539987,Chennai,Kodambakkam,2026-07-10
P01690,Uma Gounder,58,F,156.0,42.5,A+,+917072373356,51451834792305,Chennai,Kodambakkam,2026-06-08
P01691,Priya Perumal,46,F,145.6,56.8,A-,+918043687852,64378624301460,Chennai,Kodambakkam,2026-06-05
P01692,Meena Raman,67,F,143.4,67.5,AB+,+919842527071,74912187906506,Chennai,Kodambakkam,2026-06-25
P01693,Manoj Nair,46,M,159.9,78.7,O-,+917028628500,31600402728986,Chennai,Kodambakkam,2026-06-07
P01694,Karthik Shanmugam,49,M,162.5,60.5,AB+,+917045470187,98425079669978,Chennai,Kodambakkam,2026-06-12
P01695,Suganya Iyer,59,F,170.9,52.1,O+,+919811857637,73723861595285,Chennai,Kodambakkam,2026-06-18
P01696,Vidya Chettiar,26,F,148.2,60.8,AB-,+918089595595,30557797983676,Chennai,Kodambakkam,2026-07-01
P01697,Prakash Naidu,9,M,167.5,74.3,A-,+919010596181,43903560285869,Chennai,Kodambakkam,2026-06-14
P01698,Vidya Chettiar,48,F,153.8,58.9,O-,+919072814294,60751210184262,Chennai,Kodambakkam,2026-07-10
P01699,Vignesh Naidu,12,M,175.5,63.8,O-,+919018171886,85935653524377,Chennai,Kodambakkam,2026-06-02
P01700,Vidya Subramaniam,46,F,163.5,61.1,O-,+919839998872,74852512258467,Chennai,Kodambakkam,2026-07-28
P01701,Gopal Nair,56,M,169.6,61.7,O+,+919853990574,23967499902038,Chennai,Kodambakkam,2026-06-11
P01702,Geetha Naidu,47,F,154.0,70.8,A-,+919086551083,12426957538513,Chennai,Kodambakkam,2026-06-04
P01703,Nithya Iyer,28,F,159.3,63.2,AB+,+918012921323,40852063346118,Chennai,Kodambakkam,2026-06-05
P01704,Malar Nair,50,F,149.9,56.8,AB+,+919090964469,33804191716033,Chennai,Kodambakkam,2026-06-10
P01705,Muthu Gounder,68,M,170.5,63.7,AB+,+919817277491,20931378802109,Chennai,Kodambakkam,2026-07-12
P01706,Ashok Balasubramaniam,45,M,173.3,59.1,AB-,+919871058248,36576455459034,Chennai,Kodambakkam,2026-07-17
P01707,Manoj Pillai,13,M,155.5,62.3,A+,+918061246837,93955330892333,Chennai,Kodambakkam,2026-07-20
P01708,Muthu Perumal,26,M,168.3,82.4,O-,+919013824113,70264062606741,Chennai,Kodambakkam,2026-06-05
P01709,Padma Sundaram,31,F,152.0,62.6,B+,+917066380241,48342797302940,Chennai,Kodambakkam,2026-07-03
P01710,Anitha Subramaniam,24,F,141.4,48.9,B+,+917031163870,35893771258284,Chennai,Kodambakkam,2026-07-29
P01711,Prakash Subramaniam,6,M,155.8,59.1,A-,+919854803688,99194564464523,Chennai,Kodambakkam,2026-06-20
P01712,Ramesh Reddy,1,M,168.0,65.9,B+,+919876506899,85547018977950,Chennai,Kodambakkam,2026-06-24
P01713,Prakash Gounder,49,M,160.8,61.6,AB+,+919829227061,50280041770734,Chennai,Kodambakkam,2026-07-30
P01714,Meena Gounder,39,F,160.8,60.4,O+,+917075407960,99216457527542,Chennai,Kodambakkam,2026-06-27
P01715,Ravi Rajan,58,M,155.1,65.4,A-,+919017010108,66881557155661,Chennai,Kodambakkam,2026-07-28
P01716,Nithya Krishnan,17,F,135.0,75.9,B-,+919842075796,64605955161133,Chennai,Kodambakkam,2026-07-28
P01717,Divya Perumal,27,F,157.6,75.7,B+,+919063006139,96192126974869,Chennai,Kodambakkam,2026-07-30
P01718,Malar Sundaram,66,F,145.8,53.2,B-,+917086726036,63052704369225,Chennai,Kodambakkam,2026-07-07
P01719,Muthu Velu,29,M,167.0,71.1,A+,+917075479127,63191986370855,Chennai,Kodambakkam,2026-07-01
P01720,Vignesh Nair,38,M,165.3,64.0,B-,+917065462526,35673577569429,Chennai,Kodambakkam,2026-07-21
P01721,Lakshmi Chettiar,38,F,154.5,57.5,B+,+919837278333,03248274635235,Chennai,Kodambakkam,2026-07-16
P01722,Kavya Raman,40,F,163.9,65.4,B-,+917067615305,95862185311128,Chennai,Kodambakkam,2026-07-15
P01723,Naveen Sundaram,6,M,168.0,92.9,AB+,+919840673472,69472813265984,Chennai,Kodambakkam,2026-07-11
P01724,Padma Krishnan,45,F,160.3,58.5,B+,+919014142791,37535313245275,Chennai,Kodambakkam,2026-07-14
P01725,Revathi Krishnan,30,F,156.1,55.5,O-,+919877286732,78071265249489,Chennai,Kodambakkam,2026-07-22
P01726,Prakash Perumal,33,M,160.3,65.0,B-,+918010533881,15149777649136,Chennai,Kodambakkam,2026-07-17
P01727,Ramesh Iyer,23,M,169.1,55.5,AB+,+917086168135,54902948494345,Chennai,Kodambakkam,2026-07-03
P01728,Radha Murugan,46,F,140.6,60.7,B-,+919856071748,50091595678323,Chennai,Kodambakkam,2026-06-27
P01729,Meena Reddy,67,F,151.6,58.5,A-,+918095512494,70661853608780,Chennai,Kodambakkam,2026-06-01
P01730,Revathi Chettiar,20,F,162.8,71.4,A-,+917031198792,09966763720373,Chennai,Kodambakkam,2026-06-02
P01731,Padma Raman,41,F,145.6,69.6,AB-,+917087753029,05657439677054,Chennai,Kodambakkam,2026-06-27
P01732,Divya Velu,36,F,157.2,50.7,O+,+917089234573,54688730588681,Chennai,Kodambakkam,2026-06-16
P01733,Ramesh Sundaram,47,M,159.2,71.5,AB+,+918052444556,47800958040146,Chennai,Kodambakkam,2026-07-08
P01734,Arun Krishnan,36,M,170.4,50.7,A+,+917087833796,00738854673474,Chennai,Kodambakkam,2026-06-30
P01735,Senthil Naidu,54,M,153.9,66.8,A-,+918024403243,98596718321305,Chennai,Kodambakkam,2026-06-03
P01736,Suganya Nair,61,F,163.3,70.5,O-,+917023900206,19035940942941,Chennai,Kodambakkam,2026-07-11
P01737,Praveen Iyer,30,M,173.0,49.3,B-,+919866202020,76606289513403,Chennai,Kodambakkam,2026-06-03
P01738,Nithya Chettiar,14,F,145.6,53.4,A+,+917078522639,36329397026638,Chennai,Kodambakkam,2026-06-19
P01739,Senthil Rajan,52,M,158.7,59.0,A-,+918039965846,11786057767719,Chennai,Kodambakkam,2026-06-06
P01740,Senthil Shanmugam,50,M,178.9,63.4,B+,+917040557194,02875740589230,Chennai,Kodambakkam,2026-07-23
P01741,Ramesh Naidu,22,M,168.9,51.3,AB-,+918060734981,55713649674514,Chennai,Kodambakkam,2026-07-09
P01742,Uma Natarajan,39,F,156.0,69.2,O+,+919079552700,82526990185111,Chennai,Kodambakkam,2026-06-12
P01743,Uma Murugan,36,F,145.9,58.0,O-,+919867421694,46705068098383,Chennai,Kodambakkam,2026-07-26
P01744,Selvam Krishnan,51,M,168.6,58.4,B+,+919852954810,86034563338923,Chennai,Kodambakkam,2026-06-28
P01745,Lakshmi Rajan,11,F,143.3,71.3,A-,+919055264038,78263880324271,Chennai,Kodambakkam,2026-06-29
P01746,Radha Nair,61,F,162.5,67.3,AB+,+919843680231,76237038547872,Chennai,Kodambakkam,2026-07-13
P01747,Yamuna Iyer,14,F,153.3,76.1,B+,+919022116693,23280625394185,Chennai,Kodambakkam,2026-07-21
P01748,Geetha Nair,8,F,151.5,66.1,O-,+918021480742,40035630328267,Chennai,Kodambakkam,2026-07-24
P01749,Kumar Shanmugam,30,M,171.0,57.2,AB+,+919069462324,16896213250862,Chennai,Kodambakkam,2026-06-29
P01750,Deepa Reddy,27,F,160.8,52.3,AB-,+919816783211,88230925872894,Chennai,Kodambakkam,2026-06-19
P01751,Deepa Gounder,2,F,158.4,59.9,A+,+919062001975,01726280336490,Chennai,Kodambakkam,2026-06-26
P01752,Sowmya Murugan,50,F,157.4,40.6,A-,+919842150820,43031016636622,Chennai,Kodambakkam,2026-06-19
P01753,Kalaivani Natarajan,27,F,160.3,76.0,AB+,+918031856191,95110848610660,Chennai,Kodambakkam,2026-07-05
P01754,Muthu Sundaram,51,M,168.3,75.9,A+,+917069350751,49538916244106,Chennai,Kodambakkam,2026-06-01
P01755,Revathi Iyer,22,F,147.8,49.7,A-,+919856861561,02423893544071,Chennai,Kodambakkam,2026-07-26
P01756,Ramesh Perumal,89,M,164.1,63.4,O-,+917032673496,30506671485333,Chennai,Kodambakkam,2026-06-30
P01757,Saravanan Murugan,30,M,165.0,45.5,B+,+918049286440,92202881520895,Chennai,Kodambakkam,2026-06-23
P01758,Senthil Raman,46,M,171.6,73.3,A-,+918065976237,96250507324913,Chennai,Kodambakkam,2026-06-26
P01759,Lakshmi Nair,38,F,161.0,77.5,AB-,+919090578161,62383844037654,Chennai,Kodambakkam,2026-06-24
P01760,Senthil Subramaniam,31,M,156.2,55.9,A+,+918040167384,08641486329085,Chennai,Kodambakkam,2026-06-10
P01761,Gopal Pillai,34,M,167.4,78.6,O-,+917052272287,18237721090744,Chennai,Kodambakkam,2026-07-03
P01762,Meena Murugan,1,F,143.0,61.4,AB-,+917075018436,40034568848657,Chennai,Kodambakkam,2026-07-07
P01763,Arun Natarajan,6,M,166.8,55.1,B+,+918062849311,60474120818036,Chennai,Kodambakkam,2026-07-31
P01764,Vignesh Shanmugam,27,M,160.4,65.0,O+,+917051088896,39351602695775,Chennai,Kodambakkam,2026-07-24
P01765,Karthik Chettiar,30,M,157.1,38.0,A-,+919836346748,67817524813537,Chennai,Kodambakkam,2026-07-30
P01766,Malar Gounder,21,F,158.5,53.4,B-,+917038077388,95395260885329,Chennai,Kodambakkam,2026-07-24
P01767,Yamuna Balasubramaniam,48,F,150.5,61.5,O+,+919854163422,47377049909678,Chennai,Kodambakkam,2026-06-17
P01768,Naveen Rajan,32,M,158.9,58.1,AB-,+919841274659,96103405736891,Chennai,Kodambakkam,2026-07-21
P01769,Gopal Rajan,8,M,163.4,63.4,AB+,+919038800037,07218877169916,Chennai,Kodambakkam,2026-07-14
P01770,Revathi Reddy,46,F,149.9,57.7,A-,+917014301620,48578671265728,Chennai,Kodambakkam,2026-06-27
P01771,Gopal Shanmugam,28,M,163.5,67.9,O-,+918044662351,99196084158553,Chennai,Kodambakkam,2026-06-11
P01772,Suganya Chettiar,3,F,154.3,53.8,AB-,+919837273286,18559670716944,Chennai,Kodambakkam,2026-07-21
P01773,Karthik Natarajan,35,M,171.8,84.9,O-,+919816058014,23106407972968,Chennai,Kodambakkam,2026-06-18
P01774,Selvam Reddy,38,M,169.6,78.8,B+,+919837666641,44979925197366,Chennai,Kodambakkam,2026-07-13
P01775,Sangeetha Shanmugam,57,F,154.6,71.3,B-,+919818982762,05392590677185,Chennai,Kodambakkam,2026-07-24
P01776,Manoj Balasubramaniam,30,M,164.9,64.3,O+,+918012687119,40256004131667,Chennai,Kodambakkam,2026-07-11
P01777,Sangeetha Natarajan,25,F,162.3,70.9,A-,+919867710197,35064272990438,Chennai,Kodambakkam,2026-06-10
P01778,Naveen Iyer,37,M,152.3,66.6,B+,+919814650051,25431639158464,Chennai,Kodambakkam,2026-06-30
P01779,Malar Nair,51,F,160.9,63.4,A+,+918068497039,90615502613409,Chennai,Kodambakkam,2026-06-30
P01780,Lakshmi Sundaram,22,F,157.4,81.8,AB+,+919868442003,65405324216943,Chennai,Kodambakkam,2026-06-10
P01781,Divya Natarajan,39,F,159.8,77.4,A+,+919084359376,13805732136788,Chennai,Kodambakkam,2026-07-29
P01782,Kavya Sundaram,31,F,152.9,68.3,A-,+919025991042,07055705295086,Chennai,Kodambakkam,2026-06-24
P01783,Sowmya Shanmugam,48,F,151.0,75.2,AB+,+918052676369,86926356006255,Chennai,Kodambakkam,2026-06-22
P01784,Kumar Natarajan,55,M,158.9,75.3,O-,+917088521426,37849531273445,Chennai,Kodambakkam,2026-07-19
P01785,Dinesh Naidu,25,M,155.2,46.7,AB+,+917063245660,46152653222470,Chennai,Kodambakkam,2026-06-08
P01786,Ravi Pillai,39,M,165.6,64.9,B+,+919819704171,98840894374812,Chennai,Kodambakkam,2026-06-18
P01787,Priya Perumal,17,F,154.1,66.1,A+,+919079120124,89905808140334,Chennai,Kodambakkam,2026-07-17
P01788,Manoj Krishnan,31,M,163.9,67.6,O-,+919839709916,58699021311669,Chennai,Kodambakkam,2026-07-24
P01789,Nithya Sundaram,5,F,163.3,62.6,AB-,+919844665589,28125983620749,Chennai,Kodambakkam,2026-07-29
P01790,Yamuna Murugan,36,F,144.4,48.7,B+,+919810603962,92033146565716,Chennai,Kodambakkam,2026-06-21
P01791,Priya Reddy,16,F,167.4,72.8,O-,+917050695666,38964164508629,Chennai,Kodambakkam,2026-06-14
P01792,Kavya Gounder,25,F,161.2,81.3,A+,+919829830506,48764126139557,Chennai,Kodambakkam,2026-07-20
P01793,Malar Chettiar,30,F,162.3,56.0,B-,+919014850195,83544278859881,Chennai,Kodambakkam,2026-06-21
P01794,Naveen Chettiar,37,M,176.0,66.6,B+,+919099161378,96276223683127,Chennai,Kodambakkam,2026-06-24
P01795,Uma Rajan,39,F,161.1,41.8,AB-,+917031608946,28017710629450,Chennai,Kodambakkam,2026-07-09
P01796,Muthu Naidu,32,M,164.9,47.4,AB-,+918058956495,34143910323186,Chennai,Kodambakkam,2026-07-07
P01797,Padma Naidu,72,F,151.7,41.6,AB-,+919896691181,20110408384378,Chennai,Kodambakkam,2026-06-28
P01798,Senthil Natarajan,9,M,153.8,78.1,AB-,+919893332110,53342253939224,Chennai,Kodambakkam,2026-07-12
P01799,Elango Naidu,18,M,175.5,44.6,O-,+919855510142,02188521148460,Chennai,Kodambakkam,2026-06-30
P01800,Kumar Velu,42,M,163.7,57.5,AB-,+919033668758,04759835894770,Chennai,Kodambakkam,2026-06-15
P01801,Malar Rajan,1,F,145.9,66.7,B-,+918096599160,02546167946778,Chennai,Kodambakkam,2026-06-12
P01802,Ashok Chettiar,14,M,151.6,62.5,AB+,+917040175519,95945921185723,Chennai,Kodambakkam,2026-07-04
P01803,Padma Sundaram,43,F,154.4,48.2,B+,+919836400904,89654997791782,Chennai,Kodambakkam,2026-07-02
P01804,Manoj Raman,24,M,175.0,66.9,A+,+917044295656,28669062515759,Chennai,Kodambakkam,2026-07-12
P01805,Radha Natarajan,66,F,165.1,60.2,A-,+917099093739,80045872422749,Chennai,Kodambakkam,2026-07-07
P01806,Yamuna Reddy,7,F,143.9,66.7,B-,+917056349568,17197251234335,Chennai,Kodambakkam,2026-06-09
P01807,Elango Chettiar,56,M,162.0,56.8,O+,+918062076839,58750310497914,Chennai,Kodambakkam,2026-07-02
P01808,Ramesh Perumal,13,M,156.0,67.5,A+,+919821454014,99074666974721,Chennai,Kodambakkam,2026-07-11
P01809,Vidya Perumal,68,F,167.8,55.8,B-,+917039262663,25369525587673,Chennai,Kodambakkam,2026-06-25
P01810,Divya Krishnan,50,F,153.8,44.5,AB-,+918080141098,39476461261499,Chennai,Kodambakkam,2026-07-06
P01811,Ramesh Natarajan,23,M,155.1,66.7,O-,+919850012072,43909519566300,Chennai,Kodambakkam,2026-06-26
P01812,Meena Krishnan,68,F,156.4,64.4,O-,+917062189329,40787048113537,Chennai,Kodambakkam,2026-07-30
P01813,Ramesh Rajan,24,M,160.4,79.5,AB+,+919871848990,70554899071299,Chennai,Kodambakkam,2026-07-27
P01814,Kalaivani Reddy,72,F,146.6,47.7,B+,+919811270443,02933132689374,Chennai,Kodambakkam,2026-06-07
P01815,Nithya Murugan,44,F,155.4,44.2,O-,+919874696916,12918425195617,Chennai,Kodambakkam,2026-07-05
P01816,Geetha Nair,47,F,146.3,35.4,B+,+918059472852,52858706302282,Chennai,Kodambakkam,2026-06-22
P01817,Prakash Balasubramaniam,42,M,157.8,79.6,A-,+919036023004,59647268474645,Chennai,Kodambakkam,2026-07-04
P01818,Malar Gounder,65,F,166.9,61.8,A-,+917026495865,85088087564505,Chennai,Kodambakkam,2026-07-28
P01819,Senthil Sundaram,28,M,159.3,65.7,AB-,+919844895909,47619378866364,Chennai,Kodambakkam,2026-07-28
P01820,Revathi Reddy,38,F,155.5,49.1,AB-,+919847111493,96337922628191,Chennai,Kodambakkam,2026-06-15
P01821,Padma Gounder,50,F,155.0,54.2,O+,+919016748299,52194050472609,Chennai,Kodambakkam,2026-07-11
P01822,Anitha Murugan,60,F,162.5,45.1,O+,+919088852673,77366098591981,Chennai,Kodambakkam,2026-06-28
P01823,Deepa Natarajan,38,F,145.8,55.8,O-,+919850190001,89557131984449,Chennai,Kodambakkam,2026-06-24
P01824,Sowmya Rajan,20,F,162.9,63.1,B+,+919074275797,47774372123848,Chennai,Kodambakkam,2026-07-25
P01825,Yamuna Murugan,21,F,157.7,66.3,AB-,+919060105198,79832290005905,Chennai,Kodambakkam,2026-07-29
P01826,Radha Rajan,9,F,152.7,62.7,O-,+919014350940,59193442462712,Chennai,Kodambakkam,2026-06-15
P01827,Ashok Rajan,27,M,161.2,68.0,B-,+918059910108,35975980962821,Chennai,Kodambakkam,2026-07-19
P01828,Padma Rajan,33,F,163.4,50.6,AB-,+918073900081,37630977398366,Chennai,Kodambakkam,2026-07-06
P01829,Kalaivani Rajan,58,F,156.6,45.2,A+,+917096246474,44507296290107,Chennai,Kodambakkam,2026-07-22
P01830,Naveen Subramaniam,29,M,162.0,47.2,B+,+919879362876,25463059415671,Chennai,Kodambakkam,2026-06-10
P01831,Elango Nair,22,M,166.8,45.2,O+,+919084305052,19870884075538,Chennai,Kodambakkam,2026-07-17
P01832,Prakash Balasubramaniam,20,M,156.3,79.8,B+,+919880004440,39507051306967,Chennai,Kodambakkam,2026-06-22
P01833,Senthil Natarajan,46,M,166.7,74.3,A+,+918074894960,85379821492413,Chennai,Kodambakkam,2026-06-16
P01834,Vidya Chettiar,49,F,159.7,63.4,A+,+919081228662,30684836816723,Chennai,Kodambakkam,2026-07-26
P01835,Uma Subramaniam,14,F,160.3,69.6,O-,+919842683856,54105772504025,Chennai,Kodambakkam,2026-07-01
P01836,Selvam Perumal,43,M,174.8,67.4,AB-,+918038350840,57845720802410,Chennai,Kodambakkam,2026-06-21
P01837,Nithya Gounder,43,F,156.4,30,A-,+919860865177,08161155661340,Chennai,Kodambakkam,2026-07-19
P01838,Lakshmi Krishnan,47,F,144.1,64.4,O+,+919084087633,40892270699064,Chennai,Kodambakkam,2026-06-03
P01839,Malar Krishnan,26,F,150.0,46.4,B-,+919838342186,83647224558170,Chennai,Kodambakkam,2026-07-25
P01840,Muthu Nair,14,M,165.3,69.4,O+,+919096825963,96639000453980,Chennai,Kodambakkam,2026-07-19
P01841,Vidya Balasubramaniam,27,F,139.5,54.1,B+,+919024024381,40961709987317,Chennai,Kodambakkam,2026-07-05
P01842,Naveen Sundaram,2,M,174.0,60.8,A-,+918012391523,38469128150164,Chennai,Kodambakkam,2026-06-08
P01843,Meena Iyer,36,F,163.2,69.5,O-,+918066600116,12769876229579,Chennai,Kodambakkam,2026-06-15
P01844,Lakshmi Perumal,37,F,147.4,58.8,AB-,+917072578653,33157160426144,Chennai,Kodambakkam,2026-07-06
P01845,Meena Subramaniam,53,F,159.3,67.2,B+,+919845062480,45829694541913,Chennai,Kodambakkam,2026-07-20
P01846,Padma Sundaram,41,F,149.3,54.7,B+,+917090925291,38373965242760,Chennai,Kodambakkam,2026-07-03
P01847,Suganya Raman,32,F,166.8,54.5,B+,+919826639535,35342555618326,Chennai,Kodambakkam,2026-07-19
P01848,Manoj Subramaniam,50,M,167.7,57.9,O-,+917011193704,95425275056880,Chennai,Kodambakkam,2026-06-17
P01849,Padma Murugan,24,F,147.2,58.9,B+,+919835252711,34029378132672,Chennai,Kodambakkam,2026-06-11
P01850,Kavya Natarajan,40,F,155.1,65.0,AB-,+919868917054,46958819468774,Chennai,Kodambakkam,2026-06-27
P01851,Dinesh Sundaram,52,M,164.0,58.8,AB-,+919095524375,72668490536678,Chennai,Kodambakkam,2026-06-05
P01852,Naveen Pillai,30,M,165.2,62.0,B-,+917074916204,79053403883331,Chennai,Kodambakkam,2026-06-05
P01853,Meena Velu,45,F,143.7,62.1,AB+,+919082551511,02362801938895,Chennai,Kodambakkam,2026-06-02
P01854,Praveen Balasubramaniam,32,M,171.7,69.9,A-,+919075053619,34159106608623,Chennai,Kodambakkam,2026-07-20
P01855,Anitha Iyer,29,F,160.3,64.4,O+,+919884114323,92251826135062,Chennai,Kodambakkam,2026-07-29
P01856,Selvam Balasubramaniam,40,M,171.1,68.7,AB-,+917062973564,29810997526866,Chennai,Kodambakkam,2026-06-05
P01857,Geetha Nair,59,F,158.0,53.4,A-,+919015633410,73730871439039,Chennai,Kodambakkam,2026-06-26
P01858,Karthik Rajan,41,M,149.1,47.1,AB+,+918063392351,07024748579888,Chennai,Kodambakkam,2026-06-02
P01859,Ramesh Iyer,48,M,166.9,65.8,B-,+918028144088,97254014938475,Chennai,Kodambakkam,2026-06-22
P01860,Radha Reddy,46,F,155.3,63.0,O-,+919071004877,80079246366983,Chennai,Kodambakkam,2026-07-05
P01861,Suganya Rajan,47,F,148.7,50.6,B-,+919858435180,00770990317211,Chennai,Kodambakkam,2026-06-02
P01862,Ravi Raman,24,M,167.5,30,O+,+918038115633,31569640101460,Chennai,Kodambakkam,2026-07-16
P01863,Ramesh Raman,58,M,157.1,91.8,AB+,+918033373943,60931642663316,Chennai,Kodambakkam,2026-06-21
P01864,Dinesh Pillai,35,M,160.4,90.1,A+,+917073801569,17199457405199,Chennai,Kodambakkam,2026-06-10
P01865,Kalaivani Sundaram,44,F,155.6,59.5,AB-,+918095588990,52635951763524,Chennai,Kodambakkam,2026-07-24
P01866,Ramesh Perumal,36,M,166.2,93.9,AB+,+919823128472,06656024923577,Chennai,Kodambakkam,2026-06-10
P01867,Padma Rajan,31,F,166.5,47.9,B-,+918027247661,79975261587898,Chennai,Kodambakkam,2026-06-06
P01868,Praveen Pillai,29,M,154.5,76.3,AB-,+917052580365,11142412484546,Chennai,Kodambakkam,2026-07-26
P01869,Padma Naidu,46,F,172.4,69.9,A-,+917065011424,69545085703401,Chennai,Kodambakkam,2026-07-30
P01870,Suresh Natarajan,30,M,172.4,60.0,A+,+919823994332,30112738318172,Chennai,Kodambakkam,2026-07-29
P01871,Ashok Naidu,81,M,157.1,53.5,A+,+917018543139,91542607824116,Chennai,Kodambakkam,2026-07-24
P01872,Nithya Murugan,41,F,158.7,77.6,A-,+919073488552,54662482230642,Chennai,Kodambakkam,2026-06-12
P01873,Ravi Subramaniam,43,M,157.0,52.9,A-,+919092326687,23466521746453,Chennai,Kodambakkam,2026-06-15
P01874,Saravanan Rajan,36,M,171.9,72.4,A+,+919814527529,54113713463107,Chennai,Kodambakkam,2026-07-26
P01875,Elango Velu,23,M,157.4,48.8,A+,+917084816737,83041544747334,Chennai,Kodambakkam,2026-06-21
P01876,Prakash Balasubramaniam,25,M,157.0,77.7,B-,+919890930823,70168525317504,Chennai,Kodambakkam,2026-07-12
P01877,Ravi Rajan,41,M,159.7,91.3,AB+,+919846059690,09529055095792,Chennai,Kodambakkam,2026-06-08
P01878,Naveen Velu,42,M,156.5,62.5,A+,+919837580366,99241611954062,Chennai,Kodambakkam,2026-06-10
P01879,Lakshmi Velu,1,F,153.6,47.0,B-,+917026473634,21795928223312,Chennai,Kodambakkam,2026-07-05
P01880,Priya Chettiar,24,F,147.8,67.0,O-,+919826547218,62714134277323,Chennai,Kodambakkam,2026-06-23
P01881,Meena Reddy,30,F,150.3,48.8,B+,+917091765645,42079374158719,Chennai,Kodambakkam,2026-07-29
P01882,Kalaivani Iyer,38,F,156.6,61.0,O-,+918096033091,09558779936427,Chennai,Kodambakkam,2026-07-26
P01883,Manoj Sundaram,21,M,166.8,73.6,A-,+918088248308,21351113301075,Chennai,Kodambakkam,2026-07-11
P01884,Ramesh Naidu,55,M,155.5,79.6,AB+,+919080500672,41232223208738,Chennai,Kodambakkam,2026-06-03
P01885,Sowmya Reddy,64,F,144.6,30,B-,+917043360060,70858783792131,Chennai,Kodambakkam,2026-07-19
P01886,Kavya Velu,44,F,160.3,39.9,A+,+917092848703,93715193178449,Chennai,Kodambakkam,2026-06-12
P01887,Praveen Shanmugam,26,M,163.7,42.6,A-,+917039975121,37049462455407,Chennai,Kodambakkam,2026-06-29
P01888,Revathi Subramaniam,1,F,156.0,56.6,O-,+918037442718,48118082938502,Chennai,Kodambakkam,2026-06-21
P01889,Malar Balasubramaniam,13,F,155.5,51.2,O-,+918072343681,15641533070666,Chennai,Kodambakkam,2026-06-22
P01890,Radha Chettiar,34,F,170.6,67.4,B-,+917023404218,91611955309373,Chennai,Kodambakkam,2026-07-15
P01891,Suresh Natarajan,45,M,159.8,78.0,A+,+918075182224,93061892004582,Chennai,Kodambakkam,2026-07-10
P01892,Ramesh Naidu,45,M,150.7,68.2,AB-,+919027042809,46847325506529,Chennai,Kodambakkam,2026-06-26
P01893,Prakash Pillai,18,M,179.5,45.0,B+,+917070437744,20957890355081,Chennai,Kodambakkam,2026-06-29
P01894,Suganya Naidu,64,F,141.1,52.7,O-,+919853841141,78174420540515,Chennai,Kodambakkam,2026-07-30
P01895,Lakshmi Pillai,9,F,161.9,55.0,AB+,+919852407306,99300134140580,Chennai,Kodambakkam,2026-06-12
P01896,Suganya Naidu,60,F,153.9,56.3,AB+,+919051517465,84000040046454,Chennai,Kodambakkam,2026-06-05
P01897,Sangeetha Subramaniam,14,F,164.4,49.1,B+,+919064531069,04899246625760,Chennai,Kodambakkam,2026-07-22
P01898,Gopal Rajan,83,M,174.6,61.9,A-,+917078067549,12165250815959,Chennai,Kodambakkam,2026-07-15
P01899,Suresh Balasubramaniam,34,M,168.6,77.0,O+,+917094819371,64776310323197,Chennai,Kodambakkam,2026-07-24
P01900,Radha Pillai,30,F,150.3,59.3,AB+,+919049261929,46964589244183,Chennai,Kodambakkam,2026-06-20
P01901,Praveen Natarajan,7,M,164.3,80.8,B+,+919047452871,79297591448940,Chennai,Kodambakkam,2026-07-21
P01902,Senthil Naidu,11,M,158.9,60.3,AB+,+918087851575,24887807376764,Chennai,Kodambakkam,2026-06-22
P01903,Kavya Subramaniam,55,F,151.0,66.7,A-,+917082211782,71628974767666,Chennai,Kodambakkam,2026-07-25
P01904,Prakash Chettiar,41,M,163.8,60.4,O-,+918061076274,42599317697085,Chennai,Kodambakkam,2026-06-08
P01905,Vidya Chettiar,38,F,146.3,55.5,AB+,+919816228797,44777140577025,Chennai,Kodambakkam,2026-06-24
P01906,Saravanan Reddy,36,M,162.5,54.3,A+,+919071510769,52563744845557,Chennai,Kodambakkam,2026-06-19
P01907,Kalaivani Naidu,77,F,148.3,54.2,B+,+917054823974,09530727728276,Chennai,Kodambakkam,2026-07-23
P01908,Lakshmi Shanmugam,27,F,147.3,36.1,O+,+918096585737,66036698027644,Chennai,Kodambakkam,2026-07-02
P01909,Dinesh Subramaniam,18,M,154.3,86.1,A+,+917074685696,96165377784247,Chennai,Kodambakkam,2026-06-19
P01910,Kumar Pillai,30,M,159.2,69.8,AB+,+918067489072,95072592501691,Chennai,Kodambakkam,2026-06-05
P01911,Deepa Krishnan,19,F,159.0,73.5,AB-,+917012836662,81334902374326,Chennai,Kodambakkam,2026-06-10
P01912,Manoj Shanmugam,47,M,165.3,55.3,A+,+917060913451,95991129464031,Chennai,Kodambakkam,2026-06-19
P01913,Ashok Subramaniam,15,M,162.3,91.1,O-,+917021020482,20339059666942,Chennai,Kodambakkam,2026-06-17
P01914,Dinesh Shanmugam,36,M,148.6,52.7,B-,+919857948850,42884637734850,Chennai,Kodambakkam,2026-07-23
P01915,Vignesh Murugan,88,M,166.4,70.6,AB-,+918020015321,62505532679924,Chennai,Kodambakkam,2026-07-21
P01916,Sangeetha Iyer,55,F,149.4,41.3,AB+,+919875419891,93889491286728,Chennai,Kodambakkam,2026-06-16
P01917,Lakshmi Reddy,17,F,156.2,31.9,A+,+919860922178,29696524157318,Chennai,Kodambakkam,2026-06-06
P01918,Suresh Raman,28,M,169.2,72.6,AB-,+917086071767,12943370265781,Chennai,Kodambakkam,2026-06-17
P01919,Deepa Subramaniam,28,F,151.1,56.1,B-,+917098814834,10158456731370,Chennai,Kodambakkam,2026-07-08
P01920,Elango Naidu,41,M,162.9,46.2,B-,+917070533728,56073021737339,Chennai,Kodambakkam,2026-07-13
P01921,Meena Reddy,47,F,144.1,79.6,B+,+919831003025,18922400613865,Chennai,Kodambakkam,2026-06-01
P01922,Radha Krishnan,56,F,161.1,44.8,B+,+919021409636,43580471180045,Chennai,Kodambakkam,2026-07-30
P01923,Kumar Rajan,51,M,168.5,65.2,AB+,+917030280595,76934779660548,Chennai,Kodambakkam,2026-06-08
P01924,Priya Naidu,44,F,150.0,65.4,B+,+918051555860,64069486175418,Chennai,Kodambakkam,2026-06-23
P01925,Manoj Velu,16,M,165.1,67.7,A+,+919084670499,01975570826786,Chennai,Kodambakkam,2026-07-06
P01926,Nithya Murugan,23,F,159.8,51.9,O+,+919028441367,94267088050151,Chennai,Kodambakkam,2026-07-17
P01927,Ashok Perumal,18,M,168.6,47.3,O+,+919815771413,42416981420768,Chennai,Kodambakkam,2026-06-12
P01928,Senthil Murugan,53,M,163.9,65.7,O+,+918067168130,59723976610541,Chennai,Kodambakkam,2026-06-28
P01929,Divya Natarajan,41,F,148.1,71.8,O-,+917082059413,00778428455761,Chennai,Kodambakkam,2026-06-01
P01930,Vidya Sundaram,41,F,163.1,51.4,AB-,+918022393623,92283491430921,Chennai,Kodambakkam,2026-06-03
P01931,Revathi Chettiar,62,F,171.5,57.5,AB+,+919847633060,08912059944769,Chennai,Kodambakkam,2026-07-05
P01932,Selvam Velu,12,M,175.0,74.6,B+,+917081419537,36108802570162,Chennai,Kodambakkam,2026-06-11
P01933,Bala Rajan,36,M,157.0,65.2,O-,+917052686567,16761662965863,Chennai,Kodambakkam,2026-07-28
P01934,Uma Gounder,44,F,156.7,54.8,AB+,+919835233943,20922545080694,Chennai,Kodambakkam,2026-07-20
P01935,Senthil Balasubramaniam,20,M,158.3,85.2,A-,+918095362380,41000665848439,Chennai,Kodambakkam,2026-07-23
P01936,Ashok Krishnan,24,M,177.9,59.3,B-,+919097255872,60897064937590,Chennai,Kodambakkam,2026-06-18
P01937,Kalaivani Shanmugam,30,F,171.2,74.9,B-,+917045273044,70278902764513,Chennai,Kodambakkam,2026-07-31
P01938,Karthik Pillai,34,M,159.6,46.1,O-,+919854077539,47388084274062,Chennai,Kodambakkam,2026-06-21
P01939,Ramesh Raman,6,M,164.9,54.6,O-,+918081973483,51550135247117,Chennai,Kodambakkam,2026-06-15
P01940,Priya Subramaniam,43,F,144.5,30,A-,+918093532006,18418051412007,Chennai,Kodambakkam,2026-06-23
P01941,Kalaivani Sundaram,34,F,153.3,52.9,B-,+918030672859,76926899473879,Chennai,Kodambakkam,2026-06-05
P01942,Bala Nair,86,M,183.1,72.3,B-,+917060395249,05636071241373,Chennai,Kodambakkam,2026-07-14
P01943,Sowmya Gounder,30,F,152.1,44.2,AB+,+919887658711,43643653145945,Chennai,Kodambakkam,2026-06-05
P01944,Geetha Rajan,87,F,151.2,56.1,A-,+919061200602,31879897633023,Chennai,Kodambakkam,2026-06-03
P01945,Ravi Perumal,31,M,179.3,70.4,B-,+917098773575,96025092704004,Chennai,Kodambakkam,2026-07-15
P01946,Naveen Sundaram,69,M,166.6,50.1,O+,+919815382740,72602757896636,Chennai,Kodambakkam,2026-06-28
P01947,Senthil Perumal,8,M,181.7,50.3,B+,+918035488922,09701998247707,Chennai,Kodambakkam,2026-07-24
P01948,Kavya Pillai,40,F,165.0,68.8,A+,+919835249294,67828168960066,Chennai,Kodambakkam,2026-06-26
P01949,Ramesh Subramaniam,45,M,161.7,56.2,B+,+919060658162,58068179224199,Chennai,Kodambakkam,2026-07-26
P01950,Meena Krishnan,29,F,163.6,57.5,A+,+918045487678,80985448789048,Chennai,Kodambakkam,2026-06-14
P01951,Elango Iyer,44,M,172.8,69.2,AB+,+917034534730,13180666405997,Chennai,Kodambakkam,2026-07-29
P01952,Geetha Raman,16,F,155.3,60.6,B-,+919880335189,25371268870415,Chennai,Kodambakkam,2026-07-02
P01953,Deepa Murugan,1,F,156.6,71.8,O+,+918026031199,75624799443317,Chennai,Kodambakkam,2026-06-29
P01954,Bala Balasubramaniam,52,M,152.8,71.0,AB+,+919828100931,08407846401577,Chennai,Kodambakkam,2026-06-03
P01955,Malar Rajan,23,F,159.4,70.3,AB+,+919094708451,25542458667292,Chennai,Kodambakkam,2026-07-02
P01956,Ashok Balasubramaniam,54,M,169.8,64.7,O+,+917068177314,01541382738688,Chennai,Kodambakkam,2026-07-16
P01957,Prakash Perumal,62,M,164.2,72.5,AB+,+918030821907,54686296610356,Chennai,Kodambakkam,2026-07-13
P01958,Geetha Reddy,5,F,143.5,58.3,B-,+919897486229,14926273506001,Chennai,Kodambakkam,2026-06-04
P01959,Karthik Sundaram,46,M,157.6,62.4,A-,+919091184060,09100916659545,Chennai,Kodambakkam,2026-07-23
P01960,Meena Balasubramaniam,55,F,160.6,54.4,O+,+919827487636,74205225898730,Chennai,Kodambakkam,2026-06-04
P01961,Radha Pillai,39,F,149.7,86.8,A+,+919817934675,86117134025006,Chennai,Kodambakkam,2026-06-24
P01962,Suganya Gounder,73,F,164.9,87.8,O+,+919065552368,52650534774116,Chennai,Kodambakkam,2026-06-27
P01963,Senthil Shanmugam,47,M,171.5,55.0,AB-,+919058204331,98759204155282,Chennai,Kodambakkam,2026-07-16
P01964,Saravanan Gounder,30,M,180.2,72.3,A+,+918094178443,29774443329457,Chennai,Kodambakkam,2026-06-26
P01965,Lakshmi Reddy,75,F,149.4,51.2,AB-,+919827378338,46497283419067,Chennai,Kodambakkam,2026-07-27
P01966,Senthil Reddy,10,M,175.7,67.2,O+,+918092357168,82993164212826,Chennai,Kodambakkam,2026-06-29
P01967,Anitha Reddy,1,F,154.2,37.7,A-,+917055954451,57999158434565,Chennai,Kodambakkam,2026-07-29
P01968,Muthu Chettiar,43,M,150.1,33.9,O+,+919017499261,70806313959435,Chennai,Kodambakkam,2026-06-15
P01969,Priya Balasubramaniam,7,F,151.5,78.5,B-,+917030944246,82111264218154,Chennai,Kodambakkam,2026-07-10
P01970,Sowmya Chettiar,20,F,157.5,30,AB-,+919816959101,70507095062632,Chennai,Kodambakkam,2026-07-03
P01971,Deepa Iyer,3,F,165.4,52.5,AB+,+919070801166,20798047078937,Chennai,Kodambakkam,2026-07-27
P01972,Deepa Sundaram,2,F,147.9,58.4,B-,+919885928628,18454419838579,Chennai,Kodambakkam,2026-07-15
P01973,Ashok Subramaniam,20,M,163.6,74.9,A-,+919090970512,95274787155333,Chennai,Kodambakkam,2026-06-07
P01974,Praveen Murugan,57,M,173.6,63.0,B-,+919076451708,56196176502100,Chennai,Kodambakkam,2026-07-31
P01975,Bala Perumal,48,M,173.6,59.2,AB-,+917010670907,51253806319053,Chennai,Kodambakkam,2026-07-07
P01976,Deepa Nair,61,F,159.0,47.8,AB-,+918076832297,46226897531152,Chennai,Kodambakkam,2026-07-09
P01977,Sangeetha Rajan,38,F,149.6,34.3,AB-,+918023022574,44494199645962,Chennai,Kodambakkam,2026-06-02
P01978,Sowmya Iyer,39,F,150.1,44.7,AB-,+919899232414,15736850705182,Chennai,Kodambakkam,2026-06-01
P01979,Geetha Sundaram,71,F,164.2,65.1,AB-,+918012542259,75914456619667,Chennai,Kodambakkam,2026-06-06
P01980,Kalaivani Krishnan,1,F,161.0,30,O+,+918046522087,01026557647566,Chennai,Kodambakkam,2026-07-17
P01981,Padma Reddy,37,F,138.5,55.5,A-,+917055306853,06859023309462,Chennai,Kodambakkam,2026-07-01
P01982,Ashok Pillai,14,M,161.6,77.8,AB+,+919039568345,73053428907816,Chennai,Kodambakkam,2026-06-02
P01983,Bala Krishnan,32,M,163.6,49.5,AB-,+917016775479,66169036705904,Chennai,Kodambakkam,2026-06-08
P01984,Gopal Natarajan,26,M,173.5,77.0,AB+,+918023946443,99467099608749,Chennai,Kodambakkam,2026-07-07
P01985,Revathi Raman,54,F,140.9,72.1,AB-,+919072960358,79888243759686,Chennai,Kodambakkam,2026-07-03
P01986,Malar Nair,66,F,163.7,57.7,B-,+917014798914,97154759501336,Chennai,Kodambakkam,2026-06-17
P01987,Sangeetha Perumal,56,F,145.0,77.4,A-,+919012384156,82824649137165,Chennai,Kodambakkam,2026-06-25
P01988,Dinesh Pillai,55,M,154.2,57.6,O-,+919895722957,37813191518136,Chennai,Kodambakkam,2026-06-11
P01989,Muthu Reddy,76,M,167.8,56.5,O+,+917056589213,81519394278911,Chennai,Kodambakkam,2026-07-17
P01990,Karthik Raman,29,M,150.9,74.3,AB+,+917095965392,68144166611772,Chennai,Kodambakkam,2026-07-09
P01991,Priya Rajan,38,F,155.4,68.3,O-,+918047598487,04977957240030,Chennai,Kodambakkam,2026-07-06
P01992,Ravi Sundaram,24,M,167.5,67.2,A-,+919856647252,98962249476419,Chennai,Kodambakkam,2026-07-21
P01993,Uma Murugan,8,F,146.8,76.3,A+,+917011345171,26334922777085,Chennai,Kodambakkam,2026-06-12
P01994,Anitha Gounder,6,F,157.8,52.2,O-,+919045422655,34482138011557,Chennai,Kodambakkam,2026-07-03
P01995,Deepa Shanmugam,12,F,146.7,52.6,O-,+919043342162,23750839731752,Chennai,Kodambakkam,2026-06-07
P01996,Kavya Naidu,22,F,168.2,85.2,B-,+919029427364,13957965628073,Chennai,Kodambakkam,2026-06-15
P01997,Selvam Perumal,36,M,165.9,59.0,A+,+919079595130,29407828625587,Chennai,Kodambakkam,2026-06-21
P01998,Elango Raman,3,M,150.7,53.8,AB+,+918094562069,58736080558226,Chennai,Kodambakkam,2026-07-18
P01999,Bala Raman,39,M,146.2,48.6,A-,+917059672955,32703414775688,Chennai,Kodambakkam,2026-06-30
P02000,Sangeetha Shanmugam,1,F,157.2,71.5,AB-,+917080466148,05382898122396,Chennai,Kodambakkam,2026-06-16
P02001,Radha Naidu,9,F,158.9,69.4,O+,+919025270299,25622208346442,Chennai,T Nagar,2026-07-02
P02002,Divya Shanmugam,12,F,162.0,68.1,AB+,+917068052224,99399451068382,Chennai,T Nagar,2026-06-29
P02003,Arun Reddy,47,M,166.9,30,B+,+919878027968,57103630569562,Chennai,T Nagar,2026-06-25
P02004,Yamuna Reddy,1,F,146.5,44.9,A-,+918038757141,52888990888608,Chennai,T Nagar,2026-06-25
P02005,Ramesh Chettiar,70,M,174.3,55.5,AB+,+917042814461,68085884443721,Chennai,T Nagar,2026-07-18
P02006,Gopal Balasubramaniam,41,M,172.3,86.1,AB+,+918085036915,31918043843097,Chennai,T Nagar,2026-07-16
P02007,Meena Shanmugam,23,F,167.1,37.0,A-,+917018819004,87472913112659,Chennai,T Nagar,2026-06-12
P02008,Kavya Chettiar,35,F,154.6,59.4,A-,+918019686009,78170423275888,Chennai,T Nagar,2026-06-04
P02009,Dinesh Raman,53,M,157.9,59.4,O+,+917061144320,52726189109531,Chennai,T Nagar,2026-06-27
P02010,Elango Nair,31,M,182.0,68.0,O-,+917040266432,62238013702098,Chennai,T Nagar,2026-06-05
P02011,Naveen Velu,45,M,159.0,88.8,A-,+918064087544,07727204509806,Chennai,T Nagar,2026-06-18
P02012,Praveen Gounder,56,M,158.8,41.7,B-,+919013653729,16262510494617,Chennai,T Nagar,2026-06-23
P02013,Selvam Pillai,75,M,168.8,53.9,B-,+918098251709,20967309240741,Chennai,T Nagar,2026-07-31
P02014,Ashok Rajan,9,M,159.1,79.4,B-,+918085626989,03638574339195,Chennai,T Nagar,2026-06-27
P02015,Naveen Balasubramaniam,36,M,163.2,59.7,O-,+917022418201,46831465003945,Chennai,T Nagar,2026-06-10
P02016,Nithya Velu,35,F,143.0,56.8,O+,+918017872454,18190232016519,Chennai,T Nagar,2026-07-16
P02017,Bala Krishnan,35,M,165.8,45.5,AB-,+919026104022,92677504616228,Chennai,T Nagar,2026-07-20
P02018,Vidya Subramaniam,18,F,168.0,57.0,AB+,+919832101323,02048710365347,Chennai,T Nagar,2026-07-14
P02019,Padma Pillai,38,F,151.6,56.3,AB-,+919055246912,31459550800290,Chennai,T Nagar,2026-07-16
P02020,Deepa Rajan,47,F,153.6,47.1,AB+,+919028150421,72943610909824,Chennai,T Nagar,2026-07-01
P02021,Sangeetha Krishnan,58,F,158.4,56.9,B+,+918066148977,07417060225255,Chennai,T Nagar,2026-06-20
P02022,Suresh Natarajan,57,M,163.3,60.8,AB+,+918035059720,80954175401637,Chennai,T Nagar,2026-06-17
P02023,Dinesh Chettiar,24,M,173.1,50.6,B-,+919893005212,10829656120646,Chennai,T Nagar,2026-06-29
P02024,Radha Naidu,30,F,152.2,35.5,AB-,+919061326806,25084501439992,Chennai,T Nagar,2026-07-01
P02025,Vidya Pillai,34,F,155.3,36.2,A+,+918079923012,55143825520328,Chennai,T Nagar,2026-07-03
P02026,Meena Perumal,19,F,149.6,71.2,A+,+919034921059,83905306730830,Chennai,T Nagar,2026-07-05
P02027,Gopal Natarajan,17,M,161.3,84.5,AB+,+918018746572,91050719709574,Chennai,T Nagar,2026-07-11
P02028,Vidya Pillai,41,F,147.7,73.3,O+,+918078428857,76738431556769,Chennai,T Nagar,2026-06-02
P02029,Vidya Gounder,21,F,149.8,64.0,B+,+919839318531,24370391905665,Chennai,T Nagar,2026-07-18
P02030,Praveen Reddy,52,M,170.6,60.7,B-,+917070173994,68329876816051,Chennai,T Nagar,2026-07-14
P02031,Ashok Gounder,35,M,165.2,61.8,AB-,+919098796322,37380131843413,Chennai,T Nagar,2026-06-16
P02032,Vidya Shanmugam,27,F,160.8,47.4,B+,+919826687988,11476207347873,Chennai,T Nagar,2026-06-08
P02033,Vidya Reddy,32,F,161.0,85.1,AB-,+918018618261,16885926637008,Chennai,T Nagar,2026-07-21
P02034,Nithya Shanmugam,28,F,155.9,65.8,O-,+919878062142,16560880418902,Chennai,T Nagar,2026-06-08
P02035,Anitha Sundaram,34,F,162.9,54.7,A-,+919837544893,46087363149318,Chennai,T Nagar,2026-07-21
P02036,Vignesh Chettiar,15,M,171.5,89.5,A+,+919055548514,03083491164764,Chennai,T Nagar,2026-07-19
P02037,Manoj Chettiar,36,M,159.8,60.5,B-,+919897104002,22781815539258,Chennai,T Nagar,2026-07-22
P02038,Naveen Balasubramaniam,20,M,169.8,66.6,A-,+919816892493,33841787602874,Chennai,T Nagar,2026-06-13
P02039,Suresh Raman,19,M,166.4,61.7,O-,+917043310319,91678128837939,Chennai,T Nagar,2026-07-03
P02040,Lakshmi Shanmugam,25,F,163.6,49.3,B+,+918070134699,81469539536982,Chennai,T Nagar,2026-07-31
P02041,Ravi Sundaram,67,M,160.4,72.0,A-,+917055722671,62306780194670,Chennai,T Nagar,2026-06-20
P02042,Vignesh Shanmugam,40,M,161.1,98.9,A+,+919049574632,71208362487485,Chennai,T Nagar,2026-07-25
P02043,Divya Balasubramaniam,51,F,168.5,30,B-,+918070680126,76063951368990,Chennai,T Nagar,2026-06-28
P02044,Vidya Shanmugam,24,F,149.2,68.5,O+,+918065728340,63375618453577,Chennai,T Nagar,2026-06-05
P02045,Suganya Rajan,29,F,138.6,53.8,B-,+919819893263,88374489239604,Chennai,T Nagar,2026-07-10
P02046,Bala Velu,45,M,164.2,75.6,AB-,+917030858205,17829598816103,Chennai,T Nagar,2026-06-12
P02047,Malar Raman,35,F,149.6,63.2,O+,+918075880335,41269808655108,Chennai,T Nagar,2026-06-15
P02048,Sowmya Natarajan,50,F,155.6,52.5,A+,+919877436131,39313294027594,Chennai,T Nagar,2026-07-23
P02049,Bala Subramaniam,34,M,166.8,74.3,O-,+919850437200,86328107056055,Chennai,T Nagar,2026-06-29
P02050,Nithya Pillai,26,F,158.1,76.5,A+,+919810889793,06616153176602,Chennai,T Nagar,2026-07-19
P02051,Malar Murugan,33,F,162.5,42.9,O+,+918040889293,69757554606834,Chennai,T Nagar,2026-06-06
P02052,Ravi Shanmugam,21,M,158.3,70.7,B+,+919091604458,96966081875880,Chennai,T Nagar,2026-06-16
P02053,Nithya Perumal,58,F,162.2,69.9,AB-,+919054780981,12619379022930,Chennai,T Nagar,2026-07-31
P02054,Anitha Murugan,85,F,149.7,85.7,B-,+919053425075,57999007256687,Chennai,T Nagar,2026-06-05
P02055,Elango Perumal,43,M,164.0,46.9,B-,+919819891997,51041367776795,Chennai,T Nagar,2026-06-23
P02056,Saravanan Velu,4,M,164.5,45.9,AB-,+918072802428,19675579120945,Chennai,T Nagar,2026-06-09
P02057,Suganya Reddy,18,F,139.1,41.7,B-,+918060609171,97694136674886,Chennai,T Nagar,2026-07-15
P02058,Padma Perumal,32,F,154.2,57.1,AB+,+918085812225,14183590949044,Chennai,T Nagar,2026-07-20
P02059,Suganya Rajan,26,F,156.1,64.2,B+,+919885258597,61095472874075,Chennai,T Nagar,2026-06-20
P02060,Saravanan Velu,41,M,169.2,58.5,A+,+918070241479,82803568991085,Chennai,T Nagar,2026-06-08
P02061,Deepa Chettiar,37,F,155.0,55.9,B+,+919062840139,79746317718626,Chennai,T Nagar,2026-06-07
P02062,Malar Sundaram,21,F,153.5,38.6,A-,+919841196548,38638130326249,Chennai,T Nagar,2026-07-25
P02063,Suganya Balasubramaniam,29,F,165.4,48.6,AB-,+917051983557,36443495412176,Chennai,T Nagar,2026-07-23
P02064,Suresh Nair,47,M,174.5,69.5,B-,+919078139535,28009205365045,Chennai,T Nagar,2026-06-03
P02065,Yamuna Nair,13,F,153.3,55.3,B-,+918022009003,52404157584276,Chennai,T Nagar,2026-06-06
P02066,Anitha Balasubramaniam,35,F,158.5,57.2,AB-,+918042414762,33569420184457,Chennai,T Nagar,2026-07-22
P02067,Anitha Subramaniam,45,F,154.2,71.0,A+,+919847761076,10318417326523,Chennai,T Nagar,2026-07-31
P02068,Uma Reddy,16,F,149.4,48.5,AB+,+917027109332,03846726440198,Chennai,T Nagar,2026-07-15
P02069,Dinesh Rajan,32,M,155.8,44.6,B-,+919095982938,42562860781384,Chennai,T Nagar,2026-07-14
P02070,Suganya Krishnan,15,F,159.3,35.7,AB-,+919093005306,18505824055465,Chennai,T Nagar,2026-06-16
P02071,Manoj Pillai,50,M,170.9,81.7,O-,+919839329906,72530315846439,Chennai,T Nagar,2026-06-28
P02072,Geetha Raman,41,F,153.0,80.5,O-,+919012263579,09231950787305,Chennai,T Nagar,2026-06-09
P02073,Dinesh Nair,7,M,157.3,65.6,B+,+919829084167,05555628497565,Chennai,T Nagar,2026-07-17
P02074,Revathi Gounder,52,F,149.6,55.6,O+,+918019615379,09518885787828,Chennai,T Nagar,2026-07-22
P02075,Ravi Gounder,27,M,155.7,45.8,AB-,+918011626331,18986598460745,Chennai,T Nagar,2026-07-24
P02076,Radha Natarajan,41,F,158.9,66.8,A+,+918031010826,71887587509802,Chennai,T Nagar,2026-07-18
P02077,Naveen Krishnan,1,M,166.5,61.8,AB-,+919037938376,90648477392024,Chennai,T Nagar,2026-06-17
P02078,Padma Gounder,29,F,161.3,39.4,A-,+919820832250,89011203672916,Chennai,T Nagar,2026-06-01
P02079,Vidya Sundaram,72,F,147.6,72.9,O+,+919818896148,07935275652083,Chennai,T Nagar,2026-06-26
P02080,Dinesh Raman,50,M,181.5,57.6,A+,+917061842438,18321529007416,Chennai,T Nagar,2026-07-19
P02081,Nithya Iyer,34,F,148.9,72.4,B-,+917063394721,72324644710606,Chennai,T Nagar,2026-06-02
P02082,Gopal Natarajan,30,M,146.7,77.9,B+,+917044310978,18100729084798,Chennai,T Nagar,2026-06-16
P02083,Naveen Naidu,34,M,153.5,46.2,AB-,+919854431738,85757903367594,Chennai,T Nagar,2026-07-20
P02084,Priya Chettiar,45,F,175.0,44.3,AB-,+919082468717,65230804533430,Chennai,T Nagar,2026-07-24
P02085,Priya Raman,20,F,148.5,71.2,B+,+919872895999,55475396416382,Chennai,T Nagar,2026-06-03
P02086,Kavya Chettiar,41,F,162.9,64.6,A+,+918056836354,82172633080480,Chennai,T Nagar,2026-07-23
P02087,Nithya Reddy,43,F,152.8,63.8,B-,+917063392853,57721127168109,Chennai,T Nagar,2026-06-02
P02088,Elango Sundaram,52,M,180.2,59.8,AB+,+918059318619,21526737110706,Chennai,T Nagar,2026-07-26
P02089,Meena Reddy,19,F,153.6,40.8,AB-,+918056965181,94689537425257,Chennai,T Nagar,2026-06-20
P02090,Sowmya Balasubramaniam,52,F,163.9,51.3,AB-,+918086845199,51660323701409,Chennai,T Nagar,2026-07-24
P02091,Divya Subramaniam,27,F,134.7,48.8,A-,+919899580808,32304772596115,Chennai,T Nagar,2026-07-22
P02092,Revathi Perumal,9,F,150.6,42.4,O+,+917062820887,29062881566030,Chennai,T Nagar,2026-06-15
P02093,Saravanan Chettiar,33,M,167.7,55.7,AB+,+918053182086,68087793472441,Chennai,T Nagar,2026-06-13
P02094,Geetha Balasubramaniam,36,F,150.6,59.5,O+,+918012763625,96474293268348,Chennai,T Nagar,2026-07-22
P02095,Meena Sundaram,66,F,156.9,47.8,B+,+917084690545,45482627733125,Chennai,T Nagar,2026-06-22
P02096,Senthil Natarajan,19,M,174.3,80.0,AB+,+919839922635,40419744765224,Chennai,T Nagar,2026-07-24
P02097,Vidya Nair,48,F,148.3,66.5,A-,+919859755406,17135284547050,Chennai,T Nagar,2026-06-08
P02098,Selvam Perumal,1,M,154.9,84.8,A+,+919865832892,64878413831276,Chennai,T Nagar,2026-06-17
P02099,Ramesh Iyer,7,M,165.4,70.4,O+,+919027018505,48816035341765,Chennai,T Nagar,2026-07-05
P02100,Meena Pillai,61,F,142.9,70.0,A+,+917049312528,73912983584480,Chennai,T Nagar,2026-06-07
P02101,Manoj Rajan,51,M,171.8,73.5,AB+,+919036123526,90917447940803,Chennai,T Nagar,2026-07-02
P02102,Senthil Nair,52,M,170.7,34.3,B+,+917064003319,41996584029376,Chennai,T Nagar,2026-07-19
P02103,Malar Raman,23,F,168.4,48.3,B+,+918083838054,65626008059801,Chennai,T Nagar,2026-06-09
P02104,Selvam Chettiar,20,M,171.0,65.4,AB-,+918083303635,68722030710816,Chennai,T Nagar,2026-06-01
P02105,Naveen Nair,49,M,163.0,61.5,A-,+919046119868,15198070272929,Chennai,T Nagar,2026-07-31
P02106,Geetha Sundaram,18,F,165.8,35.4,B-,+919082200772,34926389874955,Chennai,T Nagar,2026-07-13
P02107,Bala Subramaniam,47,M,166.4,66.3,O-,+919829932519,83463891619055,Chennai,T Nagar,2026-06-16
P02108,Kavya Sundaram,25,F,154.0,59.7,A-,+919088542409,90941679520279,Chennai,T Nagar,2026-07-11
P02109,Senthil Pillai,32,M,180.4,69.4,AB-,+918078897058,45848749400926,Chennai,T Nagar,2026-06-05
P02110,Bala Shanmugam,34,M,151.8,58.2,A+,+919898152337,20080570197435,Chennai,T Nagar,2026-06-26
P02111,Uma Sundaram,33,F,159.1,63.3,A+,+919066954946,90015812362424,Chennai,T Nagar,2026-06-23
P02112,Kavya Subramaniam,32,F,157.6,40.4,A-,+917062767226,72446095772487,Chennai,T Nagar,2026-06-01
P02113,Geetha Chettiar,33,F,162.7,86.8,O-,+919827720923,89091006347418,Chennai,T Nagar,2026-07-31
P02114,Karthik Iyer,24,M,172.1,42.2,B+,+918012068302,59757336828765,Chennai,T Nagar,2026-06-09
P02115,Kalaivani Velu,27,F,160.8,67.2,O-,+917067203420,64878264871300,Chennai,T Nagar,2026-07-06
P02116,Saravanan Rajan,54,M,168.4,75.0,B-,+918048347907,79852948447041,Chennai,T Nagar,2026-06-26
P02117,Padma Krishnan,26,F,160.2,57.7,AB+,+919097075083,11819613875955,Chennai,T Nagar,2026-06-13
P02118,Meena Chettiar,25,F,160.4,71.4,B-,+918048763550,19977118016774,Chennai,T Nagar,2026-07-31
P02119,Kumar Perumal,13,M,175.4,34.2,O-,+918068853038,14369474934768,Chennai,T Nagar,2026-07-26
P02120,Suresh Perumal,24,M,163.2,52.8,AB-,+919861418720,45808431965217,Chennai,T Nagar,2026-06-26
P02121,Ashok Raman,35,M,163.5,57.3,O-,+919075779047,40284595876955,Chennai,T Nagar,2026-06-09
P02122,Praveen Krishnan,61,M,159.7,55.4,AB-,+918070535116,31835941234592,Chennai,T Nagar,2026-06-06
P02123,Muthu Subramaniam,45,M,171.9,34.1,O-,+919820410027,16274351492863,Chennai,T Nagar,2026-06-12
P02124,Manoj Natarajan,33,M,162.3,65.1,O+,+917027409552,81060763443346,Chennai,T Nagar,2026-06-14
P02125,Praveen Subramaniam,68,M,194.7,73.8,AB+,+919019910171,62987025215143,Chennai,T Nagar,2026-06-14
P02126,Deepa Velu,26,F,157.2,53.7,O-,+917045331206,48526023547224,Chennai,T Nagar,2026-06-09
P02127,Praveen Krishnan,70,M,153.5,84.7,AB+,+917025559073,39004589275234,Chennai,T Nagar,2026-07-28
P02128,Ashok Shanmugam,24,M,162.8,64.9,B-,+918054891624,55638598182843,Chennai,T Nagar,2026-06-24
P02129,Uma Subramaniam,28,F,168.5,54.9,AB-,+918037170879,80792660940447,Chennai,T Nagar,2026-07-26
P02130,Priya Rajan,35,F,163.7,60.2,AB+,+919856574888,58990658697223,Chennai,T Nagar,2026-06-21
P02131,Suresh Pillai,36,M,167.3,65.3,A+,+919885659071,71363591142028,Chennai,T Nagar,2026-06-16
P02132,Anitha Shanmugam,44,F,166.4,71.9,AB+,+917046180940,02454224922430,Chennai,T Nagar,2026-06-14
P02133,Dinesh Iyer,39,M,169.2,64.4,AB-,+918083091377,24350979135329,Chennai,T Nagar,2026-06-07
P02134,Padma Sundaram,35,F,158.9,57.0,B+,+919079718807,46764089779536,Chennai,T Nagar,2026-07-31
P02135,Prakash Krishnan,39,M,164.6,71.4,AB+,+918041874283,60273156726173,Chennai,T Nagar,2026-06-03
P02136,Yamuna Shanmugam,61,F,156.7,64.2,AB-,+919871053371,38243821462922,Chennai,T Nagar,2026-06-21
P02137,Suresh Chettiar,81,M,164.0,69.8,O-,+918031923013,35906270940144,Chennai,T Nagar,2026-07-17
P02138,Ramesh Iyer,28,M,168.4,74.6,O+,+919062059096,70893935046293,Chennai,T Nagar,2026-06-11
P02139,Selvam Shanmugam,25,M,158.1,85.6,B-,+918080100281,78959190530945,Chennai,T Nagar,2026-07-25
P02140,Anitha Subramaniam,64,F,150.3,66.5,AB-,+918040198320,23007086186948,Chennai,T Nagar,2026-07-03
P02141,Anitha Pillai,22,F,160.5,41.5,O+,+918059222062,65086922702525,Chennai,T Nagar,2026-06-23
P02142,Lakshmi Subramaniam,43,F,157.9,54.5,O-,+919833882612,41266768094059,Chennai,T Nagar,2026-06-08
P02143,Nithya Rajan,36,F,157.0,64.8,B-,+918013149034,65432614340371,Chennai,T Nagar,2026-06-11
P02144,Deepa Pillai,69,F,164.1,76.6,A+,+917054982975,68309531225264,Chennai,T Nagar,2026-06-18
P02145,Radha Reddy,33,F,164.9,69.9,O+,+918077949458,63070781010124,Chennai,T Nagar,2026-07-11
P02146,Yamuna Reddy,45,F,153.9,57.8,B+,+917025095530,87490044910072,Chennai,T Nagar,2026-06-26
P02147,Arun Reddy,26,M,153.0,74.2,B-,+917065599477,40412107043105,Chennai,T Nagar,2026-06-12
P02148,Malar Perumal,1,F,156.2,49.8,AB-,+919015220638,66067514148351,Chennai,T Nagar,2026-06-24
P02149,Sangeetha Balasubramaniam,18,F,160.9,71.9,A+,+918018729541,53861151116271,Chennai,T Nagar,2026-07-30
P02150,Suganya Pillai,57,F,157.0,69.1,A+,+919824098028,65047255310737,Chennai,T Nagar,2026-06-13
P02151,Muthu Rajan,38,M,165.9,77.0,B+,+919012684464,88609692533601,Chennai,T Nagar,2026-07-05
P02152,Prakash Gounder,61,M,174.4,57.6,A-,+917046089816,00998129719228,Chennai,T Nagar,2026-07-12
P02153,Suganya Iyer,47,F,149.7,74.7,O-,+919095352109,34502664273869,Chennai,T Nagar,2026-07-26
P02154,Divya Murugan,51,F,164.1,36.5,A+,+919019404642,29272430677798,Chennai,T Nagar,2026-07-06
P02155,Ravi Iyer,27,M,157.5,63.2,O+,+917077554064,93513315792082,Chennai,T Nagar,2026-06-01
P02156,Naveen Nair,37,M,167.0,53.6,A+,+917069890186,29512660869611,Chennai,T Nagar,2026-07-24
P02157,Ramesh Balasubramaniam,37,M,164.8,65.2,AB+,+919839038461,60863339950666,Chennai,T Nagar,2026-07-07
P02158,Uma Raman,42,F,142.2,67.3,A+,+917055601680,09083069250980,Chennai,T Nagar,2026-06-22
P02159,Divya Reddy,84,F,152.9,79.3,A-,+918045064286,36160502999076,Chennai,T Nagar,2026-06-20
P02160,Manoj Reddy,11,M,153.2,55.1,B-,+919876211719,84903217749117,Chennai,T Nagar,2026-07-03
P02161,Lakshmi Naidu,21,F,157.9,97.9,B-,+919855498560,31575229508386,Chennai,T Nagar,2026-07-21
P02162,Dinesh Sundaram,26,M,181.2,49.0,AB-,+919084519756,67567535153474,Chennai,T Nagar,2026-06-04
P02163,Elango Shanmugam,30,M,162.5,70.6,A+,+917037848623,78101032082341,Chennai,T Nagar,2026-06-04
P02164,Sowmya Natarajan,38,F,167.1,59.1,O-,+919879827495,85166190764449,Chennai,T Nagar,2026-06-02
P02165,Naveen Murugan,31,M,178.7,60.7,AB+,+918026795720,27726105402602,Chennai,T Nagar,2026-07-28
P02166,Kalaivani Iyer,64,F,159.9,48.1,A-,+919061413427,88649933974539,Chennai,T Nagar,2026-07-17
P02167,Suresh Reddy,27,M,164.0,50.2,O+,+919040045657,37360908575379,Chennai,T Nagar,2026-06-27
P02168,Malar Chettiar,32,F,142.5,65.1,O+,+918086829711,00249278523461,Chennai,T Nagar,2026-06-07
P02169,Vidya Balasubramaniam,82,F,164.3,63.6,AB+,+917080201375,96010665897824,Chennai,T Nagar,2026-07-23
P02170,Senthil Iyer,35,M,163.5,41.8,B-,+919043627309,04450398638346,Chennai,T Nagar,2026-06-24
P02171,Malar Velu,34,F,154.0,64.8,A+,+918091204508,65328315307079,Chennai,T Nagar,2026-07-09
P02172,Ravi Balasubramaniam,47,M,154.5,50.6,AB+,+917020160648,50833451298294,Chennai,T Nagar,2026-07-16
P02173,Malar Pillai,36,F,158.4,63.3,O+,+919851280790,25074382039500,Chennai,T Nagar,2026-07-06
P02174,Kalaivani Rajan,68,F,146.3,57.3,A+,+917053063783,35760367336142,Chennai,T Nagar,2026-07-26
P02175,Vidya Gounder,30,F,155.6,44.1,B+,+919068617724,61482436485178,Chennai,T Nagar,2026-07-24
P02176,Gopal Balasubramaniam,64,M,160.9,47.9,B-,+917061918559,14601741964000,Chennai,T Nagar,2026-07-18
P02177,Selvam Sundaram,25,M,175.6,71.5,B+,+919879831617,38777654023471,Chennai,T Nagar,2026-07-14
P02178,Suganya Raman,1,F,145.7,78.7,B+,+918066123259,56529367562754,Chennai,T Nagar,2026-06-29
P02179,Malar Gounder,31,F,149.5,59.0,AB-,+919093238446,55364220947054,Chennai,T Nagar,2026-07-11
P02180,Deepa Raman,53,F,146.9,58.4,A-,+919861685932,92704388528715,Chennai,T Nagar,2026-07-03
P02181,Kumar Natarajan,31,M,186.2,66.5,B-,+919051705731,42402948046886,Chennai,T Nagar,2026-06-09
P02182,Saravanan Nair,25,M,156.5,61.8,AB-,+918051250768,77115787378156,Chennai,T Nagar,2026-06-13
P02183,Gopal Murugan,47,M,158.1,77.8,B-,+919836506446,14031916661624,Chennai,T Nagar,2026-06-25
P02184,Sowmya Sundaram,46,F,147.6,47.9,AB-,+919833124737,18224792247686,Chennai,T Nagar,2026-07-17
P02185,Suganya Perumal,64,F,158.2,76.4,O-,+919891830476,25785235298009,Chennai,T Nagar,2026-06-06
P02186,Elango Gounder,58,M,164.2,69.4,O+,+919046156385,24711558221819,Chennai,T Nagar,2026-07-20
P02187,Priya Sundaram,44,F,156.8,57.4,AB-,+919897665531,69313164538336,Chennai,T Nagar,2026-07-23
P02188,Revathi Subramaniam,37,F,158.7,67.0,B-,+918033465831,10125467591499,Chennai,T Nagar,2026-06-01
P02189,Meena Balasubramaniam,55,F,144.0,58.6,A+,+919067525093,82583201435456,Chennai,T Nagar,2026-06-15
P02190,Ravi Perumal,17,M,168.6,41.1,B-,+919877183002,63644498106326,Chennai,T Nagar,2026-07-10
P02191,Priya Naidu,39,F,144.7,50.2,B+,+919029706049,99211924743506,Chennai,T Nagar,2026-07-16
P02192,Sowmya Chettiar,24,F,150.3,56.1,AB-,+918025927183,12038299839901,Chennai,T Nagar,2026-07-07
P02193,Yamuna Subramaniam,62,F,146.0,75.2,O+,+919867151463,16806803040054,Chennai,T Nagar,2026-06-24
P02194,Deepa Pillai,29,F,151.8,57.4,O+,+918042245691,60574321115495,Chennai,T Nagar,2026-07-15
P02195,Prakash Velu,11,M,158.7,45.7,A+,+917041533557,64176592059483,Chennai,T Nagar,2026-06-07
P02196,Divya Sundaram,42,F,165.3,60.4,A+,+917021023370,53609643945349,Chennai,T Nagar,2026-06-02
P02197,Meena Subramaniam,39,F,157.7,65.3,B-,+919037039652,05325624888804,Chennai,T Nagar,2026-07-31
P02198,Kalaivani Rajan,22,F,162.9,61.3,O-,+917064294032,93240574119353,Chennai,T Nagar,2026-07-06
P02199,Naveen Velu,28,M,160.8,55.2,AB-,+919813564169,95218586804394,Chennai,T Nagar,2026-07-15
P02200,Ravi Perumal,19,M,163.3,63.3,B+,+919082454714,57839803703773,Chennai,T Nagar,2026-07-21
P02201,Muthu Perumal,47,M,171.3,50.5,O-,+918018261095,74878134095140,Chennai,T Nagar,2026-07-07
P02202,Revathi Velu,30,F,157.9,59.6,A-,+919814493816,00485412348109,Chennai,T Nagar,2026-06-07
P02203,Radha Iyer,33,F,150.7,53.8,O-,+919067896611,14412987010932,Chennai,T Nagar,2026-07-07
P02204,Gopal Sundaram,50,M,159.7,78.9,A-,+917022916816,48324096526121,Chennai,T Nagar,2026-06-07
P02205,Lakshmi Raman,45,F,147.5,55.8,A-,+917032105253,33016796556732,Chennai,T Nagar,2026-06-06
P02206,Naveen Perumal,23,M,154.0,59.8,O+,+917049383671,34462280749053,Chennai,T Nagar,2026-06-13
P02207,Saravanan Nair,24,M,174.2,85.3,A-,+919882933966,36257721087274,Chennai,T Nagar,2026-07-29
P02208,Kumar Murugan,39,M,179.5,58.5,O-,+919886848845,81555184955296,Chennai,T Nagar,2026-06-24
P02209,Geetha Reddy,38,F,162.0,66.9,B+,+919080396280,72980202917265,Chennai,T Nagar,2026-06-09
P02210,Vignesh Krishnan,53,M,161.6,57.6,O+,+919075852770,81314562530302,Chennai,T Nagar,2026-06-17
P02211,Nithya Sundaram,45,F,150.4,63.9,O+,+919034818695,14377805592277,Chennai,T Nagar,2026-06-05
P02212,Muthu Natarajan,38,M,168.9,62.8,AB+,+919892218448,98725696411350,Chennai,T Nagar,2026-06-04
P02213,Sangeetha Velu,26,F,141.9,49.3,B-,+918085797704,68007119475052,Chennai,T Nagar,2026-06-11
P02214,Gopal Raman,26,M,167.8,66.3,O+,+918027258607,59332381433161,Chennai,T Nagar,2026-07-27
P02215,Nithya Sundaram,67,F,153.8,45.2,AB-,+917075463086,11989511157872,Chennai,T Nagar,2026-06-20
P02216,Manoj Rajan,19,M,149.6,51.8,O-,+919811404325,26423624588469,Chennai,T Nagar,2026-07-02
P02217,Arun Perumal,6,M,169.9,50.2,A+,+919096722819,71178444002748,Chennai,T Nagar,2026-06-23
P02218,Sangeetha Chettiar,43,F,158.3,67.0,AB+,+919867413674,04486711881618,Chennai,T Nagar,2026-06-15
P02219,Elango Reddy,36,M,152.3,58.8,AB+,+919879508709,45273318815675,Chennai,T Nagar,2026-06-29
P02220,Suganya Subramaniam,26,F,159.0,63.7,O-,+919890151113,70790770455300,Chennai,T Nagar,2026-06-22
P02221,Ramesh Subramaniam,29,M,165.4,70.1,B+,+917095673118,29856724055525,Chennai,T Nagar,2026-07-01
P02222,Bala Sundaram,34,M,158.4,65.1,O-,+918097252676,64243742822022,Chennai,T Nagar,2026-07-05
P02223,Elango Nair,37,M,165.7,60.9,AB+,+919030989596,01487609673725,Chennai,T Nagar,2026-06-03
P02224,Manoj Rajan,60,M,170.6,68.0,AB+,+918034075158,05065069615884,Chennai,T Nagar,2026-06-11
P02225,Divya Pillai,33,F,151.4,45.4,A+,+917032902802,08967604062321,Chennai,T Nagar,2026-06-17
P02226,Kalaivani Pillai,52,F,170.0,79.1,AB+,+919889220762,29605865314342,Chennai,T Nagar,2026-06-30
P02227,Karthik Natarajan,70,M,168.1,71.9,AB-,+918032276038,28749958936742,Chennai,T Nagar,2026-07-21
P02228,Padma Perumal,30,F,164.0,60.8,AB-,+918077466237,80111305292383,Chennai,T Nagar,2026-06-26
P02229,Suganya Reddy,47,F,152.8,61.5,A+,+919897642319,32448968460412,Chennai,T Nagar,2026-06-03
P02230,Kalaivani Reddy,58,F,165.2,69.8,B+,+919888590173,33997021461690,Chennai,T Nagar,2026-06-24
P02231,Vidya Subramaniam,20,F,156.3,87.5,O+,+919021078785,90437702967050,Chennai,T Nagar,2026-07-25
P02232,Ramesh Gounder,52,M,159.0,83.8,AB-,+918046806554,64560485119906,Chennai,T Nagar,2026-07-24
P02233,Padma Murugan,38,F,142.0,61.5,A-,+917075952595,85125927291694,Chennai,T Nagar,2026-06-26
P02234,Prakash Iyer,48,M,165.3,58.7,O-,+918083320600,41875761765722,Chennai,T Nagar,2026-07-25
P02235,Revathi Sundaram,64,F,141.0,71.8,AB+,+917077062039,98334083378361,Chennai,T Nagar,2026-07-04
P02236,Radha Sundaram,5,F,160.2,44.4,AB+,+919896496542,80807956530002,Chennai,T Nagar,2026-07-25
P02237,Arun Naidu,20,M,165.7,51.3,AB-,+917093052838,28033714213747,Chennai,T Nagar,2026-07-13
P02238,Ramesh Iyer,19,M,154.6,65.1,AB+,+919086581651,54276293369832,Chennai,T Nagar,2026-07-08
P02239,Yamuna Subramaniam,57,F,156.7,62.3,A-,+919820107376,80980988040933,Chennai,T Nagar,2026-07-21
P02240,Nithya Rajan,17,F,153.6,45.3,B+,+918074948493,59426732722215,Chennai,T Nagar,2026-06-18
P02241,Sowmya Chettiar,39,F,162.0,60.0,B+,+919844037937,51165160862495,Chennai,T Nagar,2026-07-26
P02242,Arun Rajan,20,M,166.7,80.6,AB-,+919029990503,96647118132072,Chennai,T Nagar,2026-06-28
P02243,Selvam Subramaniam,37,M,161.0,61.3,A+,+919839167155,69851676559991,Chennai,T Nagar,2026-06-26
P02244,Radha Krishnan,16,F,163.3,57.9,B+,+918036482710,64499514370434,Chennai,T Nagar,2026-06-29
P02245,Gopal Natarajan,35,M,168.6,53.9,AB-,+919046696983,22212421973819,Chennai,T Nagar,2026-06-08
P02246,Manoj Natarajan,47,M,170.3,60.4,O-,+917014194973,29583850833271,Chennai,T Nagar,2026-06-14
P02247,Selvam Sundaram,34,M,170.2,69.9,B-,+919040222198,17191633547154,Chennai,T Nagar,2026-06-14
P02248,Ramesh Rajan,35,M,165.5,82.1,O+,+917075064008,68922068299458,Chennai,T Nagar,2026-07-03
P02249,Senthil Sundaram,47,M,173.5,60.6,A-,+917067340525,25499314536513,Chennai,T Nagar,2026-07-14
P02250,Praveen Sundaram,56,M,183.3,50.1,AB-,+919061812041,16160543370736,Chennai,T Nagar,2026-06-08
P02251,Uma Gounder,56,F,159.4,57.9,A-,+918024497831,78940697296720,Chennai,T Nagar,2026-07-09
P02252,Deepa Murugan,39,F,162.2,64.8,A-,+919869564466,87586474019255,Chennai,T Nagar,2026-07-10
P02253,Naveen Pillai,52,M,158.9,54.1,AB+,+917049588876,38403972675457,Chennai,T Nagar,2026-06-17
P02254,Nithya Murugan,65,F,159.7,42.6,O+,+918057752548,09563603855288,Chennai,T Nagar,2026-07-08
P02255,Gopal Perumal,53,M,182.7,74.9,B-,+919037202296,58599197763858,Chennai,T Nagar,2026-06-28
P02256,Kavya Rajan,58,F,151.6,41.2,O+,+918075463132,63662871171653,Chennai,T Nagar,2026-06-10
P02257,Uma Krishnan,24,F,150.9,74.2,AB+,+919077451493,29486309972855,Chennai,T Nagar,2026-07-30
P02258,Yamuna Reddy,34,F,162.6,68.9,B-,+917051907043,91421544096762,Chennai,T Nagar,2026-07-15
P02259,Nithya Raman,57,F,149.6,71.4,O-,+918099890253,77035476630779,Chennai,T Nagar,2026-06-03
P02260,Sowmya Raman,31,F,149.9,74.1,AB+,+919023214760,94072346150411,Chennai,T Nagar,2026-06-01
P02261,Kalaivani Murugan,47,F,156.4,60.3,B-,+917010586896,29501147472990,Chennai,T Nagar,2026-06-10
P02262,Padma Perumal,42,F,162.1,57.9,B-,+917043883863,97574568442633,Chennai,T Nagar,2026-06-16
P02263,Muthu Sundaram,44,M,159.6,78.7,O-,+917086602349,03483082413016,Chennai,T Nagar,2026-07-05
P02264,Saravanan Krishnan,22,M,153.6,76.5,B-,+919095741381,93417733430718,Chennai,T Nagar,2026-06-17
P02265,Naveen Raman,42,M,161.8,69.2,AB+,+918086366816,23186781108023,Chennai,T Nagar,2026-07-22
P02266,Gopal Raman,29,M,185.9,38.2,B+,+919070361926,95356441193547,Chennai,T Nagar,2026-07-14
P02267,Muthu Raman,24,M,164.1,83.5,B+,+918077404022,49203175914509,Chennai,T Nagar,2026-06-11
P02268,Prakash Subramaniam,34,M,163.6,63.4,AB-,+918079953276,69395391067333,Chennai,T Nagar,2026-06-13
P02269,Muthu Shanmugam,1,M,172.2,61.4,A+,+918050258354,96689923858552,Chennai,T Nagar,2026-07-19
P02270,Bala Reddy,49,M,175.8,73.1,O+,+919083896036,47920740518703,Chennai,T Nagar,2026-06-08
P02271,Karthik Iyer,51,M,176.2,54.8,O-,+919094170418,98391032041037,Chennai,T Nagar,2026-07-10
P02272,Prakash Natarajan,42,M,162.0,64.8,B+,+919070136290,55126370079633,Chennai,T Nagar,2026-06-10
P02273,Senthil Nair,41,M,160.5,74.5,A-,+918075646130,46213345958295,Chennai,T Nagar,2026-06-28
P02274,Sowmya Nair,48,F,162.4,53.3,O-,+917088311373,94414753763782,Chennai,T Nagar,2026-06-05
P02275,Nithya Balasubramaniam,78,F,150.5,59.4,AB+,+919888323693,55770518650679,Chennai,T Nagar,2026-06-28
P02276,Meena Subramaniam,21,F,169.2,46.9,A+,+919092711001,25687042646979,Chennai,T Nagar,2026-06-05
P02277,Radha Sundaram,65,F,158.7,77.9,A+,+919839577836,82850416275020,Chennai,T Nagar,2026-07-15
P02278,Praveen Shanmugam,47,M,167.1,71.7,A+,+918087960463,44627635148749,Chennai,T Nagar,2026-06-12
P02279,Kalaivani Naidu,27,F,149.9,72.7,O-,+918083307962,53358499991695,Chennai,T Nagar,2026-07-31
P02280,Prakash Rajan,53,M,182.0,55.7,B+,+918083836456,75120901817497,Chennai,T Nagar,2026-07-12
P02281,Dinesh Sundaram,38,M,160.9,61.2,A+,+917017220733,50459619740059,Chennai,T Nagar,2026-06-16
P02282,Nithya Subramaniam,61,F,148.5,68.8,O+,+918021946991,04208418286549,Chennai,T Nagar,2026-06-17
P02283,Bala Reddy,49,M,156.3,69.9,A-,+919026213131,90937577079606,Chennai,T Nagar,2026-07-16
P02284,Manoj Chettiar,52,M,172.0,58.1,O-,+917033063373,84836955958277,Chennai,T Nagar,2026-06-18
P02285,Prakash Pillai,29,M,155.1,79.3,O-,+919885612068,49060827610023,Chennai,T Nagar,2026-06-27
P02286,Yamuna Naidu,7,F,159.6,41.8,O-,+919888321078,15734943856337,Chennai,T Nagar,2026-06-02
P02287,Revathi Shanmugam,18,F,151.1,55.1,AB-,+919810364864,18811133795233,Chennai,T Nagar,2026-06-06
P02288,Elango Raman,14,M,164.5,72.2,AB-,+917029401369,78796338790813,Chennai,T Nagar,2026-06-06
P02289,Karthik Reddy,40,M,167.3,58.4,O+,+919098423842,35197881649571,Chennai,T Nagar,2026-07-27
P02290,Selvam Raman,37,M,171.8,34.5,A+,+918078613503,42241701831377,Chennai,T Nagar,2026-07-13
P02291,Kalaivani Balasubramaniam,39,F,157.1,84.1,B+,+919095781007,17333581368220,Chennai,T Nagar,2026-07-24
P02292,Prakash Balasubramaniam,34,M,160.0,57.2,AB+,+919048621507,62116700620821,Chennai,T Nagar,2026-06-10
P02293,Selvam Chettiar,35,M,173.8,66.8,AB+,+918087180500,21350113449689,Chennai,T Nagar,2026-06-19
P02294,Divya Perumal,20,F,159.2,59.1,O+,+919057777697,49497254720474,Chennai,T Nagar,2026-07-07
P02295,Sowmya Naidu,65,F,154.4,47.3,A+,+919061576479,51444465748145,Chennai,T Nagar,2026-06-15
P02296,Ravi Shanmugam,43,M,159.9,82.1,AB+,+919060855991,50893043178421,Chennai,T Nagar,2026-07-03
P02297,Gopal Rajan,45,M,163.6,68.1,O+,+918092577001,37772715422412,Chennai,T Nagar,2026-07-10
P02298,Deepa Perumal,10,F,178.5,51.4,B-,+919023145445,24722372074197,Chennai,T Nagar,2026-06-01
P02299,Revathi Nair,42,F,163.9,61.7,B-,+919871209672,33521085837558,Chennai,T Nagar,2026-06-28
P02300,Suresh Perumal,35,M,183.9,59.5,O+,+919023434411,08858998181199,Chennai,T Nagar,2026-06-11
P02301,Nithya Iyer,41,F,158.7,65.8,A+,+919844253299,33955343349719,Chennai,T Nagar,2026-06-16
P02302,Sowmya Chettiar,12,F,155.9,59.4,B+,+919029906739,43009173163324,Chennai,T Nagar,2026-06-04
P02303,Muthu Naidu,59,M,165.2,69.0,AB-,+918086884840,07121257989691,Chennai,T Nagar,2026-06-11
P02304,Ravi Nair,17,M,174.5,83.6,AB-,+918047712895,49520769915283,Chennai,T Nagar,2026-07-07
P02305,Manoj Sundaram,64,M,172.4,51.1,AB+,+919017562566,18005440277601,Chennai,T Nagar,2026-06-23
P02306,Gopal Subramaniam,42,M,166.4,76.7,A-,+917014513759,03668574397384,Chennai,T Nagar,2026-06-22
P02307,Uma Perumal,70,F,152.4,73.5,A-,+919840450185,02129182363725,Chennai,T Nagar,2026-06-18
P02308,Karthik Chettiar,52,M,174.0,73.9,A-,+917030700538,62370506748252,Chennai,T Nagar,2026-07-04
P02309,Saravanan Balasubramaniam,23,M,161.7,77.6,AB+,+918020317568,69145590365354,Chennai,T Nagar,2026-06-22
P02310,Saravanan Sundaram,11,M,167.7,58.0,AB+,+919861536249,22676174790455,Chennai,T Nagar,2026-06-11
P02311,Prakash Sundaram,38,M,158.3,65.8,O+,+918059153335,49780643719603,Chennai,T Nagar,2026-06-24
P02312,Padma Gounder,10,F,163.5,40.5,A-,+917067471859,01565399521154,Chennai,T Nagar,2026-07-10
P02313,Elango Krishnan,37,M,168.5,84.5,AB+,+917081299646,83585583645487,Chennai,T Nagar,2026-06-14
P02314,Padma Naidu,42,F,155.9,45.0,B+,+919049251762,29043682756849,Chennai,T Nagar,2026-07-07
P02315,Sangeetha Perumal,54,F,148.6,75.1,AB+,+919834335321,53081580867894,Chennai,T Nagar,2026-07-29
P02316,Yamuna Gounder,48,F,167.0,72.6,B+,+919065395437,71999275237100,Chennai,T Nagar,2026-07-28
P02317,Naveen Chettiar,34,M,153.9,71.3,O-,+917085093801,75705320936130,Chennai,T Nagar,2026-07-12
P02318,Manoj Balasubramaniam,2,M,161.5,86.1,B+,+919019526915,03675806932894,Chennai,T Nagar,2026-06-18
P02319,Praveen Balasubramaniam,45,M,166.5,71.9,A+,+919823601817,84679087737316,Chennai,T Nagar,2026-06-03
P02320,Muthu Sundaram,43,M,154.6,70.3,A+,+917015789413,06977400970183,Chennai,T Nagar,2026-07-02
P02321,Suresh Shanmugam,19,M,173.7,67.4,A+,+919822583082,08537007001022,Chennai,T Nagar,2026-07-26
P02322,Senthil Chettiar,20,M,164.2,57.8,A+,+919022857845,01181693491067,Chennai,T Nagar,2026-06-26
P02323,Nithya Reddy,9,F,143.5,59.9,A-,+917067115803,32822519642958,Chennai,T Nagar,2026-06-08
P02324,Divya Balasubramaniam,33,F,161.3,67.0,A+,+918053857055,44965502421825,Chennai,T Nagar,2026-06-07
P02325,Kalaivani Raman,34,F,153.1,48.2,B+,+919029012058,42633523175487,Chennai,T Nagar,2026-07-10
P02326,Kavya Raman,1,F,169.4,49.9,B+,+917063770294,13920318676744,Chennai,T Nagar,2026-06-13
P02327,Prakash Krishnan,51,M,176.9,51.7,A+,+919092159937,63096667629602,Chennai,T Nagar,2026-06-13
P02328,Yamuna Murugan,30,F,161.5,54.5,A+,+919076136537,16495458446577,Chennai,T Nagar,2026-07-10
P02329,Saravanan Nair,39,M,179.7,61.1,AB-,+918095310421,28732276654842,Chennai,T Nagar,2026-06-13
P02330,Nithya Sundaram,31,F,163.8,42.3,O+,+919094290265,40300214366594,Chennai,T Nagar,2026-07-20
P02331,Kavya Gounder,47,F,151.8,65.4,O+,+919042842570,35668228965754,Chennai,T Nagar,2026-06-14
P02332,Prakash Shanmugam,37,M,154.0,37.3,A+,+917037089767,37619157701411,Chennai,T Nagar,2026-06-15
P02333,Dinesh Murugan,18,M,175.8,74.1,O-,+918091812972,42811587650916,Chennai,T Nagar,2026-06-10
P02334,Bala Raman,49,M,172.0,57.2,O-,+919891269233,21510981009443,Chennai,T Nagar,2026-07-11
P02335,Naveen Rajan,57,M,167.0,68.1,AB+,+919029600614,76380826326763,Chennai,T Nagar,2026-07-14
P02336,Karthik Natarajan,67,M,170.1,69.7,O-,+918090091267,87141426429306,Chennai,T Nagar,2026-07-18
P02337,Deepa Perumal,33,F,138.4,56.4,A-,+919876736016,42895405847438,Chennai,T Nagar,2026-07-17
P02338,Malar Balasubramaniam,49,F,147.8,58.8,B+,+919054792475,97989822455404,Chennai,T Nagar,2026-07-21
P02339,Manoj Pillai,39,M,165.8,60.0,AB-,+919880698642,54539057986626,Chennai,T Nagar,2026-06-26
P02340,Selvam Gounder,60,M,168.3,58.2,A+,+917094400837,25539525637731,Chennai,T Nagar,2026-07-07
P02341,Karthik Pillai,42,M,160.7,52.6,B-,+917025699798,17517335836249,Chennai,T Nagar,2026-07-02
P02342,Kumar Reddy,59,M,167.4,68.6,O+,+918084248525,78717135935891,Chennai,T Nagar,2026-06-28
P02343,Ramesh Rajan,64,M,157.8,60.4,AB+,+918074949243,39643316120992,Chennai,T Nagar,2026-07-20
P02344,Padma Shanmugam,75,F,148.8,43.0,O+,+918099475185,77515367209750,Chennai,T Nagar,2026-07-16
P02345,Geetha Rajan,20,F,162.6,51.1,AB+,+919085883139,44164933111568,Chennai,T Nagar,2026-07-17
P02346,Kavya Pillai,14,F,154.3,60.7,A+,+919898090833,03632351852291,Chennai,T Nagar,2026-06-25
P02347,Sangeetha Gounder,45,F,147.7,66.0,AB-,+917096971093,48454430074577,Chennai,T Nagar,2026-07-24
P02348,Nithya Sundaram,74,F,158.6,55.1,O-,+917077300297,31633253363057,Chennai,T Nagar,2026-07-27
P02349,Lakshmi Nair,17,F,157.2,40.2,O-,+917071268193,66606950852610,Chennai,T Nagar,2026-06-30
P02350,Deepa Iyer,63,F,146.8,57.0,AB+,+919076632720,41412404396848,Chennai,T Nagar,2026-06-23
P02351,Suresh Shanmugam,24,M,177.8,63.9,B+,+917078940216,71638819392719,Chennai,T Nagar,2026-07-27
P02352,Senthil Pillai,39,M,154.5,64.4,AB-,+918022928390,65018175760180,Chennai,T Nagar,2026-06-15
P02353,Kavya Reddy,31,F,143.2,55.4,A-,+919027273309,89328166517731,Chennai,T Nagar,2026-06-27
P02354,Elango Reddy,46,M,174.6,73.3,B-,+917042116883,52762559376511,Chennai,T Nagar,2026-07-22
P02355,Naveen Chettiar,25,M,177.1,46.6,A-,+919832750828,71548362813413,Chennai,T Nagar,2026-06-08
P02356,Priya Balasubramaniam,52,F,160.3,59.2,O+,+919895188406,87574465448218,Chennai,T Nagar,2026-06-26
P02357,Kalaivani Rajan,48,F,177.0,54.9,AB-,+919847513237,05031513465086,Chennai,T Nagar,2026-06-09
P02358,Vidya Gounder,30,F,151.1,42.4,AB-,+919049346656,77134125383410,Chennai,T Nagar,2026-07-29
P02359,Yamuna Natarajan,24,F,161.5,71.2,AB+,+919859215553,62067039336777,Chennai,T Nagar,2026-07-17
P02360,Geetha Naidu,23,F,153.7,63.0,B-,+919826375051,18200340935827,Chennai,T Nagar,2026-07-26
P02361,Karthik Chettiar,56,M,160.5,54.7,A-,+917068672300,66465184788797,Chennai,T Nagar,2026-07-23
P02362,Padma Subramaniam,1,F,149.5,69.5,AB-,+919821449064,14917946190692,Chennai,T Nagar,2026-07-16
P02363,Dinesh Iyer,22,M,157.0,63.5,AB-,+919862678062,86899842003265,Chennai,T Nagar,2026-07-26
P02364,Selvam Iyer,40,M,148.2,34.0,O+,+917022970820,42076513352949,Chennai,T Nagar,2026-07-27
P02365,Vidya Murugan,32,F,155.4,54.0,A+,+919094907945,92970453868761,Chennai,T Nagar,2026-07-07
P02366,Gopal Velu,13,M,161.5,50.4,B+,+917095453540,35456143153834,Chennai,T Nagar,2026-06-27
P02367,Lakshmi Perumal,39,F,173.4,73.1,O-,+917051850765,00241703642373,Chennai,T Nagar,2026-06-04
P02368,Vignesh Reddy,84,M,171.0,69.7,A-,+919094057543,71897621779429,Chennai,T Nagar,2026-07-11
P02369,Senthil Iyer,64,M,173.5,51.0,A-,+919021662821,75079631324049,Chennai,T Nagar,2026-06-18
P02370,Kalaivani Murugan,38,F,159.5,42.7,AB+,+919833045176,71457065868623,Chennai,T Nagar,2026-06-27
P02371,Sangeetha Pillai,10,F,154.1,52.9,B+,+917087205008,99391767070022,Chennai,T Nagar,2026-07-27
P02372,Suganya Reddy,40,F,147.6,52.1,O-,+918069385274,84300398780646,Chennai,T Nagar,2026-06-11
P02373,Geetha Sundaram,45,F,149.1,43.6,O+,+919846472558,93203922686870,Chennai,T Nagar,2026-07-25
P02374,Gopal Shanmugam,22,M,157.4,67.1,O-,+919053980379,76530924643081,Chennai,T Nagar,2026-07-18
P02375,Suresh Iyer,45,M,168.6,76.4,B+,+919862779104,43509455731492,Chennai,T Nagar,2026-06-17
P02376,Suganya Balasubramaniam,35,F,151.0,61.2,AB-,+919810327612,38280710024588,Chennai,T Nagar,2026-07-13
P02377,Radha Balasubramaniam,34,F,166.1,53.0,B-,+918092250177,33833876883868,Chennai,T Nagar,2026-07-09
P02378,Dinesh Shanmugam,26,M,162.7,70.1,AB+,+917060854176,52235079937873,Chennai,T Nagar,2026-06-29
P02379,Suganya Velu,53,F,162.8,46.4,A+,+918037999379,42995086722662,Chennai,T Nagar,2026-07-04
P02380,Elango Natarajan,35,M,172.0,57.2,AB+,+919840725180,97181905974689,Chennai,T Nagar,2026-06-29
P02381,Ashok Nair,41,M,172.4,61.5,O+,+918062064902,10332487736518,Chennai,T Nagar,2026-07-13
P02382,Vidya Velu,24,F,155.7,52.3,A-,+918028955713,94063572476398,Chennai,T Nagar,2026-07-05
P02383,Lakshmi Raman,27,F,155.7,43.2,AB-,+918084189684,43858009998669,Chennai,T Nagar,2026-06-21
P02384,Selvam Raman,54,M,169.6,33.0,O-,+917045874160,90487359754345,Chennai,T Nagar,2026-07-12
P02385,Karthik Balasubramaniam,72,M,164.2,56.2,AB-,+919871273693,22226461533002,Chennai,T Nagar,2026-07-16
P02386,Lakshmi Balasubramaniam,25,F,163.9,58.9,AB+,+919868639350,93805145386901,Chennai,T Nagar,2026-06-24
P02387,Padma Rajan,1,F,153.4,74.9,A+,+917013395347,69915585939224,Chennai,T Nagar,2026-06-03
P02388,Anitha Chettiar,75,F,147.0,84.1,B+,+918022873699,48944139995176,Chennai,T Nagar,2026-06-22
P02389,Selvam Krishnan,39,M,167.5,55.1,AB-,+917056872413,69510636112874,Chennai,T Nagar,2026-07-08
P02390,Suresh Natarajan,32,M,162.4,51.4,B-,+917060433050,99382145287899,Chennai,T Nagar,2026-06-08
P02391,Anitha Shanmugam,53,F,162.9,59.4,O+,+917058401384,21850560831912,Chennai,T Nagar,2026-07-12
P02392,Uma Perumal,37,F,166.7,64.1,AB+,+919045358920,98184409386547,Chennai,T Nagar,2026-07-05
P02393,Bala Naidu,29,M,161.4,41.9,AB-,+919081066769,70566230056094,Chennai,T Nagar,2026-06-04
P02394,Priya Pillai,38,F,143.6,40.7,B+,+918054899994,06656605059085,Chennai,T Nagar,2026-06-24
P02395,Padma Gounder,31,F,147.0,32.8,A-,+919075433002,43729903521960,Chennai,T Nagar,2026-06-14
P02396,Saravanan Balasubramaniam,41,M,173.7,67.2,A-,+919035137889,43211190266237,Chennai,T Nagar,2026-07-29
P02397,Revathi Raman,47,F,165.6,38.1,B-,+917045322620,52378034633287,Chennai,T Nagar,2026-07-31
P02398,Kalaivani Velu,27,F,145.3,41.9,AB+,+919881333490,05800058953815,Chennai,T Nagar,2026-06-27
P02399,Suganya Gounder,55,F,141.1,63.0,O-,+919882538784,18077949148815,Chennai,T Nagar,2026-06-21
P02400,Suresh Rajan,40,M,171.1,62.3,O+,+917070954188,10065626668854,Chennai,T Nagar,2026-06-27
P02401,Padma Balasubramaniam,31,F,149.9,70.8,AB+,+919858395853,99599023442381,Chennai,Adyar,2026-06-15
P02402,Malar Reddy,18,F,158.3,68.7,A-,+919822978055,46288363580533,Chennai,Adyar,2026-06-18
P02403,Bala Sundaram,33,M,162.2,70.6,A-,+917069629685,02784734479372,Chennai,Adyar,2026-06-13
P02404,Manoj Balasubramaniam,63,M,166.6,81.5,AB+,+917091892931,68225885843135,Chennai,Adyar,2026-07-22
P02405,Sangeetha Chettiar,30,F,164.2,54.6,AB-,+918087135766,61756577990618,Chennai,Adyar,2026-07-26
P02406,Manoj Murugan,51,M,164.6,55.7,A+,+919044990692,55192415286348,Chennai,Adyar,2026-06-22
P02407,Lakshmi Velu,84,F,155.8,60.9,O+,+917050840618,45337520156914,Chennai,Adyar,2026-06-29
P02408,Nithya Murugan,31,F,158.6,55.9,O-,+919840588256,37684091341781,Chennai,Adyar,2026-07-14
P02409,Muthu Subramaniam,22,M,158.7,52.7,A-,+919088232126,51495583873680,Chennai,Adyar,2026-06-07
P02410,Divya Perumal,28,F,158.6,68.7,A+,+919042379188,88168482723099,Chennai,Adyar,2026-07-17
P02411,Saravanan Rajan,34,M,165.4,54.3,A+,+918012938952,06045199081873,Chennai,Adyar,2026-06-18
P02412,Naveen Gounder,77,M,169.7,67.4,B+,+919834607987,23736950432605,Chennai,Adyar,2026-07-11
P02413,Ashok Subramaniam,37,M,170.8,70.6,O+,+918017035937,53973451359964,Chennai,Adyar,2026-06-11
P02414,Karthik Raman,71,M,155.0,73.1,AB-,+918072686674,40514316411991,Chennai,Adyar,2026-07-23
P02415,Ramesh Subramaniam,20,M,168.4,58.4,O+,+918067447556,00628922384357,Chennai,Adyar,2026-07-19
P02416,Kumar Reddy,1,M,154.5,61.2,O-,+918030885561,51747529497756,Chennai,Adyar,2026-07-30
P02417,Yamuna Rajan,33,F,159.4,70.4,AB+,+918081950173,36766570310122,Chennai,Adyar,2026-07-14
P02418,Ravi Balasubramaniam,10,M,165.3,82.2,O-,+918096034304,42144835457498,Chennai,Adyar,2026-07-30
P02419,Bala Iyer,10,M,153.7,80.2,O-,+919038874287,09353521517346,Chennai,Adyar,2026-06-09
P02420,Vidya Shanmugam,33,F,156.6,57.2,B+,+919073111238,15756108010302,Chennai,Adyar,2026-07-21
P02421,Manoj Nair,60,M,156.9,67.7,A-,+919890035624,83232854142263,Chennai,Adyar,2026-06-24
P02422,Manoj Reddy,53,M,139.4,88.6,O+,+919037234447,71504519678778,Chennai,Adyar,2026-06-09
P02423,Prakash Pillai,42,M,144.8,57.6,B-,+918066736123,84232635546903,Chennai,Adyar,2026-07-19
P02424,Dinesh Murugan,14,M,162.0,43.2,A+,+919069650609,19732381545527,Chennai,Adyar,2026-07-07
P02425,Deepa Rajan,9,F,160.4,57.1,AB+,+919012939533,93099986891950,Chennai,Adyar,2026-06-12
P02426,Sowmya Velu,36,F,152.1,45.9,B-,+917086435528,19487461231900,Chennai,Adyar,2026-07-31
P02427,Ravi Velu,33,M,172.4,82.7,B-,+919838285372,53327028996668,Chennai,Adyar,2026-06-21
P02428,Geetha Naidu,60,F,161.8,31.9,B-,+917021931134,62106514947396,Chennai,Adyar,2026-06-24
P02429,Sangeetha Balasubramaniam,32,F,148.9,58.7,A-,+917037502162,02759608895869,Chennai,Adyar,2026-06-23
P02430,Malar Reddy,41,F,136.4,35.5,B-,+919031623380,31494521258606,Chennai,Adyar,2026-07-26
P02431,Senthil Krishnan,18,M,154.4,66.1,O+,+917097681824,99915141405085,Chennai,Adyar,2026-06-07
P02432,Saravanan Balasubramaniam,1,M,158.7,48.9,O+,+918090719704,63641226472543,Chennai,Adyar,2026-07-14
P02433,Muthu Iyer,35,M,170.4,75.9,O+,+917082057265,17442539685276,Chennai,Adyar,2026-07-25
P02434,Senthil Pillai,30,M,168.6,65.7,B+,+918051159252,66142809702097,Chennai,Adyar,2026-07-12
P02435,Selvam Murugan,16,M,157.5,48.3,A-,+919855845652,33170253379708,Chennai,Adyar,2026-07-24
P02436,Sangeetha Balasubramaniam,69,F,171.2,66.1,O-,+919834168722,53717201533300,Chennai,Adyar,2026-06-16
P02437,Ashok Naidu,48,M,162.7,80.0,AB-,+919019012683,33115196839484,Chennai,Adyar,2026-07-22
P02438,Suresh Subramaniam,30,M,172.4,78.6,O+,+918012364615,99034913156536,Chennai,Adyar,2026-06-13
P02439,Deepa Rajan,25,F,155.1,49.4,A-,+919053596771,22823253485297,Chennai,Adyar,2026-07-16
P02440,Bala Natarajan,72,M,162.5,49.3,AB-,+919083790366,33521970640641,Chennai,Adyar,2026-06-27
P02441,Saravanan Krishnan,47,M,176.6,68.9,B+,+919045069708,78307501632703,Chennai,Adyar,2026-06-21
P02442,Priya Subramaniam,12,F,149.5,54.0,B+,+919891229567,63642721264543,Chennai,Adyar,2026-07-26
P02443,Padma Reddy,16,F,155.8,70.9,AB+,+919894500376,26986301333279,Chennai,Adyar,2026-06-28
P02444,Ramesh Sundaram,30,M,170.7,44.1,AB-,+917090936925,96149491851475,Chennai,Adyar,2026-06-01
P02445,Nithya Rajan,84,F,148.4,56.5,B+,+919813925750,68228795614109,Chennai,Adyar,2026-07-05
P02446,Yamuna Nair,5,F,146.2,70.1,B-,+918055278000,78908850690303,Chennai,Adyar,2026-06-24
P02447,Divya Murugan,34,F,135.1,56.2,B+,+917028430653,73023859512920,Chennai,Adyar,2026-07-19
P02448,Deepa Gounder,4,F,158.0,64.5,O-,+918039875256,39895111399773,Chennai,Adyar,2026-07-21
P02449,Geetha Nair,22,F,149.9,69.9,B-,+919811032014,84229665144486,Chennai,Adyar,2026-06-29
P02450,Radha Iyer,37,F,149.9,60.0,A+,+919880844992,14849919872029,Chennai,Adyar,2026-07-28
P02451,Dinesh Pillai,40,M,165.4,74.6,O+,+917087739240,81179633050749,Chennai,Adyar,2026-07-30
P02452,Anitha Natarajan,38,F,161.2,61.2,A-,+918086555240,80284416169362,Chennai,Adyar,2026-06-16
P02453,Meena Sundaram,48,F,146.5,47.4,B-,+918042282921,81370574103762,Chennai,Adyar,2026-07-26
P02454,Saravanan Pillai,35,M,153.9,74.9,O-,+918058335092,83851635781164,Chennai,Adyar,2026-07-09
P02455,Deepa Nair,33,F,147.0,36.3,A+,+917017898324,29158511858110,Chennai,Adyar,2026-06-07
P02456,Bala Gounder,37,M,164.5,68.6,O-,+919878366750,28901408123563,Chennai,Adyar,2026-06-13
P02457,Naveen Shanmugam,11,M,173.7,59.7,B+,+919880957758,88478718193834,Chennai,Adyar,2026-06-07
P02458,Uma Murugan,44,F,150.8,46.6,A+,+919073662285,30802821311482,Chennai,Adyar,2026-06-03
P02459,Priya Naidu,13,F,143.6,62.9,O+,+919061243011,97894259634900,Chennai,Adyar,2026-06-15
P02460,Prakash Gounder,24,M,158.0,58.2,B-,+919058278366,00419511303076,Chennai,Adyar,2026-07-17
P02461,Radha Shanmugam,39,F,155.3,56.3,O+,+919851715879,82098728481818,Chennai,Adyar,2026-07-14
P02462,Suganya Naidu,29,F,145.3,50.7,O+,+917053831241,57247721396362,Chennai,Adyar,2026-06-15
P02463,Kumar Reddy,31,M,154.8,40.4,A-,+919831148744,31901706686372,Chennai,Adyar,2026-06-18
P02464,Senthil Chettiar,62,M,160.4,44.8,O-,+919097941200,04705712656564,Chennai,Adyar,2026-07-21
P02465,Elango Pillai,31,M,158.7,54.8,A-,+917028837221,07018058935967,Chennai,Adyar,2026-06-22
P02466,Bala Rajan,50,M,170.5,41.5,B+,+919071797494,61503359848086,Chennai,Adyar,2026-06-12
P02467,Dinesh Raman,11,M,164.7,56.7,O+,+918047615771,22997853210133,Chennai,Adyar,2026-07-18
P02468,Karthik Gounder,15,M,166.3,65.1,AB-,+919856264215,84901405650257,Chennai,Adyar,2026-06-01
P02469,Yamuna Krishnan,66,F,158.0,59.2,B+,+919890780731,90463691991838,Chennai,Adyar,2026-06-21
P02470,Deepa Velu,32,F,162.2,48.0,B+,+919888752277,61636771775296,Chennai,Adyar,2026-07-05
P02471,Suganya Shanmugam,66,F,149.3,51.7,AB-,+917095433781,41245277050875,Chennai,Adyar,2026-06-23
P02472,Nithya Shanmugam,14,F,163.2,61.2,A-,+919869311335,89501391938707,Chennai,Adyar,2026-06-17
P02473,Suganya Shanmugam,41,F,152.2,59.8,O+,+918084102410,28140462478635,Chennai,Adyar,2026-06-16
P02474,Anitha Balasubramaniam,35,F,159.6,54.6,B-,+918016365160,89034544684321,Chennai,Adyar,2026-06-27
P02475,Ashok Pillai,54,M,157.0,60.4,AB-,+919899294689,30790991998467,Chennai,Adyar,2026-07-06
P02476,Uma Pillai,61,F,156.4,59.0,A-,+917038908654,56257621090280,Chennai,Adyar,2026-07-07
P02477,Priya Raman,1,F,160.1,42.2,A+,+919049972222,41566305727562,Chennai,Adyar,2026-06-24
P02478,Senthil Nair,22,M,168.9,65.8,B-,+917053006386,37013760720324,Chennai,Adyar,2026-06-21
P02479,Bala Sundaram,42,M,161.2,49.9,AB-,+919892051962,46685324148426,Chennai,Adyar,2026-07-01
P02480,Muthu Sundaram,7,M,171.6,56.6,O-,+919068920059,85645192427934,Chennai,Adyar,2026-07-01
P02481,Uma Murugan,28,F,154.0,47.7,AB+,+919029379688,28735118778634,Chennai,Adyar,2026-07-31
P02482,Gopal Natarajan,16,M,163.5,80.2,O+,+919864705566,39710318872779,Chennai,Adyar,2026-07-01
P02483,Radha Natarajan,73,F,151.8,50.9,O+,+918011229796,50578462216346,Chennai,Adyar,2026-07-04
P02484,Kalaivani Pillai,19,F,165.7,68.5,O-,+918021528282,21413829879086,Chennai,Adyar,2026-07-25
P02485,Lakshmi Pillai,34,F,158.5,49.7,AB-,+917056967722,93967015522641,Chennai,Adyar,2026-06-27
P02486,Bala Rajan,23,M,164.4,76.8,B+,+919075272502,87351683202271,Chennai,Adyar,2026-07-28
P02487,Saravanan Perumal,39,M,168.2,71.3,A+,+917081615128,47555773432823,Chennai,Adyar,2026-07-18
P02488,Suresh Shanmugam,41,M,174.7,100.7,B-,+919862375381,94983598084698,Chennai,Adyar,2026-07-16
P02489,Suganya Rajan,44,F,165.1,63.0,AB+,+918073644176,13702446984598,Chennai,Adyar,2026-07-03
P02490,Arun Reddy,1,M,158.7,58.0,AB-,+918017335930,62646588998724,Chennai,Adyar,2026-07-30
P02491,Malar Naidu,39,F,147.1,66.6,B+,+917087741469,27493909811220,Chennai,Adyar,2026-06-10
P02492,Manoj Iyer,34,M,168.0,63.8,O-,+917038214233,68405416523700,Chennai,Adyar,2026-07-12
P02493,Anitha Nair,20,F,155.1,42.9,AB+,+917073862177,34784326748464,Chennai,Adyar,2026-06-14
P02494,Dinesh Iyer,18,M,167.5,67.0,B-,+918083116295,54376730585821,Chennai,Adyar,2026-07-22
P02495,Geetha Iyer,48,F,150.7,41.5,B+,+919037653315,12125588983923,Chennai,Adyar,2026-06-27
P02496,Vignesh Rajan,76,M,161.0,65.9,AB-,+917098983740,67077924454759,Chennai,Adyar,2026-06-08
P02497,Vidya Perumal,49,F,157.4,74.8,AB-,+918025719084,02426459639468,Chennai,Adyar,2026-07-15
P02498,Priya Raman,58,F,151.2,64.0,B-,+919084462545,58726327502719,Chennai,Adyar,2026-06-07
P02499,Elango Nair,29,M,168.3,64.8,A+,+919843476287,66497069599019,Chennai,Adyar,2026-07-06
P02500,Revathi Subramaniam,26,F,147.3,39.1,AB+,+918035354596,95021118700008,Chennai,Adyar,2026-06-15
P02501,Karthik Shanmugam,61,M,186.5,61.0,B-,+919061469967,08980466171014,Chennai,Adyar,2026-06-11
P02502,Sangeetha Subramaniam,45,F,158.3,52.3,A-,+917075376004,39066506888576,Chennai,Adyar,2026-07-22
P02503,Bala Krishnan,55,M,182.8,69.1,B+,+919055670381,06327052416945,Chennai,Adyar,2026-06-16
P02504,Radha Natarajan,55,F,161.3,50.9,AB+,+919065262142,91428400001374,Chennai,Adyar,2026-06-27
P02505,Praveen Perumal,24,M,167.1,64.7,B+,+918034218667,25833762233450,Chennai,Adyar,2026-07-01
P02506,Naveen Subramaniam,34,M,162.8,70.0,AB-,+919868665225,10000591186247,Chennai,Adyar,2026-07-02
P02507,Kumar Murugan,19,M,157.2,67.8,O+,+917027232834,69631555800875,Chennai,Adyar,2026-07-13
P02508,Deepa Pillai,52,F,156.2,44.8,B-,+918035847705,70844468501381,Chennai,Adyar,2026-06-07
P02509,Senthil Reddy,9,M,164.5,73.4,B+,+918031587520,64570177337010,Chennai,Adyar,2026-06-07
P02510,Nithya Balasubramaniam,29,F,149.8,67.3,A-,+918073482521,93108262775699,Chennai,Adyar,2026-06-23
P02511,Naveen Raman,34,M,165.7,74.6,O-,+919864080098,11828921075864,Chennai,Adyar,2026-07-23
P02512,Kumar Balasubramaniam,50,M,155.6,81.7,O-,+918036601799,63149289691861,Chennai,Adyar,2026-06-02
P02513,Suganya Velu,30,F,162.3,49.7,O+,+918033158368,06992558300358,Chennai,Adyar,2026-06-21
P02514,Elango Subramaniam,43,M,158.5,48.9,AB+,+918044085977,49108853488319,Chennai,Adyar,2026-07-20
P02515,Elango Perumal,1,M,173.7,86.3,B-,+919016319384,79328181671771,Chennai,Adyar,2026-07-22
P02516,Karthik Balasubramaniam,24,M,171.5,65.4,B-,+919818864941,74574179184800,Chennai,Adyar,2026-06-12
P02517,Ramesh Pillai,41,M,165.2,69.0,O+,+917044261160,01139215819277,Chennai,Adyar,2026-06-04
P02518,Ashok Reddy,26,M,164.4,74.0,O-,+919820133434,84689158336597,Chennai,Adyar,2026-06-29
P02519,Nithya Perumal,32,F,155.2,88.8,AB-,+917090967812,29083382656197,Chennai,Adyar,2026-06-07
P02520,Radha Sundaram,37,F,152.1,56.8,A-,+919887049773,92770866574865,Chennai,Adyar,2026-06-25
P02521,Vidya Balasubramaniam,1,F,162.0,36.8,B-,+917015266319,75068233733934,Chennai,Adyar,2026-07-02
P02522,Anitha Sundaram,14,F,156.7,39.8,AB-,+919855342937,70738546052173,Chennai,Adyar,2026-07-30
P02523,Senthil Nair,49,M,167.3,55.7,A+,+918030995196,95576930888370,Chennai,Adyar,2026-06-29
P02524,Yamuna Raman,21,F,146.4,48.8,AB+,+918035289754,15434491974708,Chennai,Adyar,2026-06-05
P02525,Anitha Reddy,20,F,152.9,71.3,O-,+919842159669,43650941626724,Chennai,Adyar,2026-07-19
P02526,Gopal Krishnan,57,M,157.2,64.6,A-,+918029149792,15667019187171,Chennai,Adyar,2026-07-06
P02527,Karthik Balasubramaniam,36,M,172.2,48.4,A-,+917030112430,21318960503461,Chennai,Adyar,2026-06-11
P02528,Gopal Naidu,17,M,158.4,66.7,A-,+919064721272,55451233559164,Chennai,Adyar,2026-07-31
P02529,Dinesh Gounder,27,M,171.7,71.4,AB+,+919078313005,65007443525019,Chennai,Adyar,2026-06-25
P02530,Elango Raman,63,M,160.0,69.5,AB+,+919892319814,67781341452448,Chennai,Adyar,2026-06-17
P02531,Priya Raman,34,F,165.5,53.8,O+,+918057132050,18406392946513,Chennai,Adyar,2026-06-23
P02532,Muthu Pillai,23,M,167.9,62.5,B+,+919847616658,38470981920509,Chennai,Adyar,2026-06-03
P02533,Vignesh Gounder,73,M,164.4,66.2,AB+,+918052658553,93286571192491,Chennai,Adyar,2026-07-31
P02534,Dinesh Raman,64,M,151.8,63.6,A+,+919833244939,38183924516791,Chennai,Adyar,2026-07-20
P02535,Yamuna Murugan,29,F,156.3,55.2,A-,+919828877039,92335913353153,Chennai,Adyar,2026-07-02
P02536,Sangeetha Iyer,19,F,143.5,65.9,O+,+919095051128,04094147716828,Chennai,Adyar,2026-07-05
P02537,Manoj Velu,61,M,170.4,62.0,B-,+919827471367,97038647322322,Chennai,Adyar,2026-06-11
P02538,Geetha Chettiar,55,F,159.6,68.7,AB+,+917031281703,54145287847590,Chennai,Adyar,2026-06-29
P02539,Suganya Naidu,37,F,161.5,68.6,A-,+917056195679,79406525329324,Chennai,Adyar,2026-06-14
P02540,Revathi Naidu,48,F,161.1,42.8,O-,+917087411036,95508977547281,Chennai,Adyar,2026-07-19
P02541,Priya Pillai,35,F,153.3,51.2,AB+,+918035125507,04377149487248,Chennai,Adyar,2026-07-21
P02542,Uma Nair,42,F,151.4,54.8,B-,+917053314971,68208082078098,Chennai,Adyar,2026-06-08
P02543,Manoj Raman,40,M,166.9,70.3,O+,+918036243608,54791302792990,Chennai,Adyar,2026-07-11
P02544,Ramesh Nair,23,M,164.3,67.4,AB-,+918058468322,79988359432603,Chennai,Adyar,2026-07-21
P02545,Gopal Krishnan,46,M,159.3,42.6,A+,+918074581564,81715068524608,Chennai,Adyar,2026-06-30
P02546,Lakshmi Shanmugam,26,F,157.1,51.6,O-,+917058069260,12286600999749,Chennai,Adyar,2026-07-14
P02547,Lakshmi Gounder,45,F,153.2,47.2,AB+,+919077218949,73725901259968,Chennai,Adyar,2026-07-08
P02548,Revathi Iyer,44,F,149.6,56.9,AB-,+919894383757,71542959957194,Chennai,Adyar,2026-07-19
P02549,Yamuna Murugan,25,F,144.7,70.8,A+,+918059191340,33635921723405,Chennai,Adyar,2026-06-06
P02550,Senthil Sundaram,44,M,158.1,75.6,AB+,+918024793590,43870611542118,Chennai,Adyar,2026-07-17
P02551,Radha Rajan,19,F,148.0,71.2,O-,+917073869079,33666481431374,Chennai,Adyar,2026-07-17
P02552,Suresh Shanmugam,22,M,178.2,63.9,A+,+917024431556,06382244326549,Chennai,Adyar,2026-07-15
P02553,Sowmya Balasubramaniam,56,F,159.6,48.0,O-,+919018732048,79154369803459,Chennai,Adyar,2026-07-12
P02554,Nithya Naidu,22,F,144.5,54.6,A+,+917091643498,10069569819833,Chennai,Adyar,2026-06-02
P02555,Naveen Reddy,55,M,169.6,72.1,A+,+918016467218,75059990640810,Chennai,Adyar,2026-07-22
P02556,Sangeetha Velu,35,F,152.4,59.3,O-,+917012370090,59208653749455,Chennai,Adyar,2026-06-07
P02557,Naveen Rajan,31,M,163.1,49.8,O+,+918044327904,78126888107863,Chennai,Adyar,2026-06-28
P02558,Dinesh Raman,64,M,175.1,70.9,AB-,+917072308679,62325588119127,Chennai,Adyar,2026-06-03
P02559,Malar Naidu,5,F,163.1,67.0,O+,+918045333950,67600425976571,Chennai,Adyar,2026-06-29
P02560,Senthil Reddy,19,M,161.4,73.6,AB-,+919021773957,96149901409054,Chennai,Adyar,2026-06-23
P02561,Kavya Pillai,29,F,164.7,67.5,AB+,+919043039518,89739076667524,Chennai,Adyar,2026-06-24
P02562,Meena Rajan,64,F,163.7,86.6,AB-,+919811215337,65811245077836,Chennai,Adyar,2026-06-16
P02563,Manoj Iyer,25,M,175.6,51.1,B+,+919826074216,66239352601772,Chennai,Adyar,2026-06-04
P02564,Deepa Iyer,17,F,149.8,69.9,AB+,+917035489534,54270182332002,Chennai,Adyar,2026-07-24
P02565,Radha Balasubramaniam,55,F,145.8,79.8,O+,+917070822689,18533115648356,Chennai,Adyar,2026-07-26
P02566,Elango Rajan,47,M,183.0,56.4,B-,+917078324277,48336492152964,Chennai,Adyar,2026-07-06
P02567,Yamuna Chettiar,57,F,152.3,68.9,A+,+918027793692,21688070182155,Chennai,Adyar,2026-07-12
P02568,Divya Iyer,44,F,153.8,79.9,O-,+917033943633,18833401791944,Chennai,Adyar,2026-07-14
P02569,Sowmya Velu,12,F,143.0,73.5,B+,+919037062442,67117120345741,Chennai,Adyar,2026-07-30
P02570,Yamuna Nair,20,F,151.0,67.3,B-,+917016349546,22422371664333,Chennai,Adyar,2026-07-26
P02571,Anitha Murugan,66,F,147.7,48.6,A-,+917052511066,29270993067642,Chennai,Adyar,2026-07-18
P02572,Manoj Murugan,24,M,156.6,50.8,AB-,+918020087808,01091046005204,Chennai,Adyar,2026-07-21
P02573,Divya Raman,56,F,139.9,46.2,B-,+919038260831,72278392902532,Chennai,Adyar,2026-06-23
P02574,Priya Balasubramaniam,34,F,153.9,72.9,AB+,+919857901974,77654395928914,Chennai,Adyar,2026-07-26
P02575,Revathi Naidu,38,F,158.1,72.4,AB-,+919088110116,11608478182223,Chennai,Adyar,2026-06-22
P02576,Nithya Naidu,15,F,150.1,42.6,AB-,+919081922965,48569445142157,Chennai,Adyar,2026-07-22
P02577,Gopal Murugan,20,M,157.7,64.5,B-,+918087757367,14382764612395,Chennai,Adyar,2026-06-04
P02578,Kavya Rajan,55,F,153.9,77.6,A-,+918069255859,20677309780399,Chennai,Adyar,2026-07-31
P02579,Dinesh Pillai,37,M,175.2,75.1,A-,+918083686217,28918350739848,Chennai,Adyar,2026-06-22
P02580,Malar Pillai,62,F,150.9,67.6,O-,+917021629347,46278566217627,Chennai,Adyar,2026-06-26
P02581,Saravanan Subramaniam,25,M,178.7,79.3,AB+,+919021178113,49975301446338,Chennai,Adyar,2026-06-20
P02582,Priya Murugan,1,F,152.2,66.8,B+,+918028762731,19884813120593,Chennai,Adyar,2026-07-22
P02583,Vignesh Nair,17,M,161.8,64.4,B+,+917032135304,41766970683828,Chennai,Adyar,2026-07-07
P02584,Karthik Raman,34,M,159.1,73.5,A+,+919875463211,35496259590121,Chennai,Adyar,2026-06-19
P02585,Saravanan Chettiar,11,M,178.4,71.8,AB+,+919062189103,69370675644031,Chennai,Adyar,2026-06-15
P02586,Yamuna Naidu,41,F,149.9,57.3,O-,+919834232023,05553216855502,Chennai,Adyar,2026-06-05
P02587,Deepa Velu,48,F,145.4,58.6,A+,+919831337761,28849939288668,Chennai,Adyar,2026-07-04
P02588,Selvam Nair,35,M,171.6,72.0,O-,+919051827508,30523614163707,Chennai,Adyar,2026-07-14
P02589,Bala Krishnan,24,M,165.1,66.9,B+,+919010625362,79939778810485,Chennai,Adyar,2026-07-26
P02590,Bala Naidu,41,M,177.7,57.2,B+,+919084642441,78404147140887,Chennai,Adyar,2026-06-02
P02591,Radha Nair,50,F,142.6,60.8,B+,+917096677754,37901688404763,Chennai,Adyar,2026-07-15
P02592,Kumar Reddy,32,M,176.1,66.2,AB-,+917050905264,15928427677416,Chennai,Adyar,2026-07-30
P02593,Sangeetha Shanmugam,38,F,163.7,75.0,O-,+919837645628,71643611168595,Chennai,Adyar,2026-07-19
P02594,Ashok Perumal,23,M,158.5,89.2,AB-,+919075859304,82563432510110,Chennai,Adyar,2026-06-08
P02595,Saravanan Murugan,20,M,152.9,57.4,O+,+917017143918,11201747481579,Chennai,Adyar,2026-06-08
P02596,Suganya Iyer,33,F,163.8,67.1,B-,+917034977648,12458247080709,Chennai,Adyar,2026-07-22
P02597,Ashok Reddy,12,M,167.8,58.8,B+,+919046844333,24702691546669,Chennai,Adyar,2026-06-13
P02598,Ramesh Natarajan,48,M,165.4,64.7,B+,+918041607297,18708633445397,Chennai,Adyar,2026-07-20
P02599,Deepa Perumal,41,F,153.2,69.9,O-,+919889883454,80284402783626,Chennai,Adyar,2026-06-02
P02600,Nithya Natarajan,71,F,150.1,51.2,A+,+919048432692,75153792606082,Chennai,Adyar,2026-07-14
P02601,Ramesh Balasubramaniam,33,M,160.9,67.1,A+,+919895612668,78246553092222,Chennai,Adyar,2026-07-14
P02602,Prakash Raman,37,M,172.0,75.9,B-,+919082011749,32232723442416,Chennai,Adyar,2026-06-26
P02603,Senthil Naidu,15,M,164.0,81.3,B+,+918038805054,32284661999710,Chennai,Adyar,2026-06-17
P02604,Manoj Gounder,27,M,165.8,52.9,B-,+919852682146,21455447227004,Chennai,Adyar,2026-06-10
P02605,Yamuna Natarajan,47,F,142.0,61.8,B-,+917039310234,74850837432006,Chennai,Adyar,2026-06-22
P02606,Arun Natarajan,47,M,171.8,46.7,AB-,+918068345741,67585987715733,Chennai,Adyar,2026-06-16
P02607,Karthik Nair,31,M,169.9,69.9,B-,+919017518690,56947619278120,Chennai,Adyar,2026-07-08
P02608,Geetha Krishnan,67,F,148.6,50.5,O-,+918031460907,42756173720170,Chennai,Adyar,2026-06-18
P02609,Elango Reddy,50,M,169.6,56.1,AB-,+918059442200,10674449989071,Chennai,Adyar,2026-06-30
P02610,Malar Krishnan,62,F,145.7,59.0,B-,+917032239995,49230083341871,Chennai,Adyar,2026-07-28
P02611,Deepa Krishnan,29,F,141.4,79.7,B-,+917035551562,54313731295048,Chennai,Adyar,2026-07-10
P02612,Bala Natarajan,41,M,166.3,50.2,B-,+918033812173,92780992839863,Chennai,Adyar,2026-07-15
P02613,Elango Shanmugam,25,M,159.0,93.9,AB+,+918015410387,38169194867076,Chennai,Adyar,2026-07-24
P02614,Suganya Murugan,46,F,163.5,39.8,A-,+919020986562,01542725573018,Chennai,Adyar,2026-06-18
P02615,Arun Iyer,28,M,164.3,57.5,B+,+919834118408,75215272311434,Chennai,Adyar,2026-06-15
P02616,Praveen Shanmugam,37,M,163.9,53.3,B+,+919872010289,75972777198460,Chennai,Adyar,2026-07-26
P02617,Sangeetha Reddy,53,F,171.9,83.7,A+,+919882241049,34869871646292,Chennai,Adyar,2026-06-22
P02618,Naveen Raman,26,M,165.8,51.3,O-,+918090132527,08110007783182,Chennai,Adyar,2026-06-13
P02619,Lakshmi Chettiar,45,F,165.9,71.5,B+,+918052643200,08193392274454,Chennai,Adyar,2026-07-14
P02620,Padma Nair,47,F,154.0,48.3,AB-,+919890490920,24477174066867,Chennai,Adyar,2026-06-19
P02621,Vidya Shanmugam,39,F,155.6,58.8,B+,+918070752835,61825930878790,Chennai,Adyar,2026-07-01
P02622,Suresh Nair,28,M,175.1,95.6,AB+,+918052421927,81567102622519,Chennai,Adyar,2026-06-12
P02623,Muthu Reddy,44,M,172.8,71.0,B-,+919834600459,82840125200432,Chennai,Adyar,2026-07-26
P02624,Ravi Pillai,8,M,162.2,63.3,B+,+919074622174,96667830317294,Chennai,Adyar,2026-06-11
P02625,Gopal Sundaram,28,M,161.3,76.1,O+,+917050677934,19679918451920,Chennai,Adyar,2026-06-14
P02626,Revathi Perumal,37,F,168.3,57.0,O-,+917086501283,40568459340107,Chennai,Adyar,2026-06-23
P02627,Padma Nair,52,F,147.4,49.5,B+,+919073430830,50225931227254,Chennai,Adyar,2026-07-10
P02628,Kalaivani Raman,1,F,150.4,44.0,B-,+917070791638,95825467723967,Chennai,Adyar,2026-06-24
P02629,Vidya Chettiar,15,F,153.7,68.2,A+,+919867205300,26794099073722,Chennai,Adyar,2026-06-06
P02630,Dinesh Velu,34,M,158.6,65.0,A-,+919095150175,54402919565058,Chennai,Adyar,2026-06-01
P02631,Kavya Shanmugam,31,F,153.9,48.0,B-,+919063894453,02293511748636,Chennai,Adyar,2026-07-22
P02632,Senthil Naidu,20,M,176.6,56.2,AB+,+917073696176,04351759317261,Chennai,Adyar,2026-06-23
P02633,Suresh Naidu,5,M,161.2,61.3,AB-,+919823957094,26508899755853,Chennai,Adyar,2026-07-12
P02634,Malar Murugan,48,F,145.0,48.4,AB+,+919879117795,09651198887447,Chennai,Adyar,2026-07-05
P02635,Selvam Reddy,39,M,161.8,40.6,O-,+919848275555,77060855883485,Chennai,Adyar,2026-07-19
P02636,Anitha Natarajan,1,F,151.0,86.2,O-,+919021046215,15652770156266,Chennai,Adyar,2026-06-15
P02637,Vignesh Raman,5,M,161.3,89.9,A+,+919044204327,63164606649323,Chennai,Adyar,2026-07-08
P02638,Deepa Perumal,75,F,148.7,73.9,B-,+918040431960,14932548592820,Chennai,Adyar,2026-07-05
P02639,Divya Krishnan,23,F,158.0,57.1,A+,+917030354914,81000326661780,Chennai,Adyar,2026-07-29
P02640,Sowmya Murugan,62,F,157.0,48.1,AB+,+918076327923,76502942501229,Chennai,Adyar,2026-07-10
P02641,Ramesh Balasubramaniam,30,M,169.1,68.1,A-,+919863033749,61624293380107,Chennai,Adyar,2026-07-08
P02642,Muthu Reddy,53,M,171.7,73.9,AB+,+917082373911,34864917507831,Chennai,Adyar,2026-07-29
P02643,Saravanan Balasubramaniam,50,M,163.6,79.6,AB+,+918023831980,74103751416486,Chennai,Adyar,2026-06-15
P02644,Deepa Natarajan,10,F,144.7,55.2,B-,+918069760759,86028496355501,Chennai,Adyar,2026-06-12
P02645,Kumar Subramaniam,60,M,169.4,72.1,B+,+919035678609,59530196549705,Chennai,Adyar,2026-06-17
P02646,Sowmya Pillai,7,F,162.4,55.9,O+,+919029839357,10203887071360,Chennai,Adyar,2026-07-13
P02647,Priya Krishnan,44,F,153.9,63.3,O+,+919882656408,79752100848654,Chennai,Adyar,2026-07-27
P02648,Ashok Perumal,35,M,154.1,88.5,AB+,+918034536891,29054417105673,Chennai,Adyar,2026-07-16
P02649,Karthik Natarajan,17,M,156.5,69.4,A+,+919843713560,87235838951752,Chennai,Adyar,2026-07-07
P02650,Muthu Perumal,20,M,161.9,78.0,B-,+917069949857,62732553827438,Chennai,Adyar,2026-06-03
P02651,Selvam Krishnan,56,M,177.3,65.6,AB+,+918050812834,83732301464675,Chennai,Adyar,2026-06-09
P02652,Selvam Reddy,27,M,165.0,69.1,A-,+919032206441,03971010443305,Chennai,Adyar,2026-07-09
P02653,Saravanan Krishnan,32,M,163.7,42.7,AB+,+917017360965,87684865584225,Chennai,Adyar,2026-06-16
P02654,Bala Natarajan,19,M,170.0,54.5,O-,+919068347863,44292775019325,Chennai,Adyar,2026-07-04
P02655,Ramesh Nair,29,M,150.6,61.3,A-,+919861724632,09523814987142,Chennai,Adyar,2026-07-25
P02656,Selvam Natarajan,51,M,163.5,46.5,AB-,+919893593636,31240493863623,Chennai,Adyar,2026-07-13
P02657,Dinesh Reddy,52,M,161.5,60.0,AB-,+919897265508,63065858276546,Chennai,Adyar,2026-06-30
P02658,Kumar Balasubramaniam,48,M,158.6,79.1,B-,+917095933015,37858144298368,Chennai,Adyar,2026-07-06
P02659,Divya Pillai,16,F,161.0,55.5,O-,+919058830166,10749818869611,Chennai,Adyar,2026-06-26
P02660,Padma Murugan,38,F,144.7,52.5,AB-,+918089549028,70126831562420,Chennai,Adyar,2026-06-05
P02661,Yamuna Balasubramaniam,62,F,158.4,78.6,AB+,+917056076501,43526821947190,Chennai,Adyar,2026-06-26
P02662,Manoj Krishnan,33,M,162.5,58.6,AB-,+918026912354,57592123034899,Chennai,Adyar,2026-07-16
P02663,Suresh Natarajan,25,M,176.3,72.8,B+,+917017706317,46311867019878,Chennai,Adyar,2026-07-27
P02664,Muthu Subramaniam,34,M,157.9,79.7,B-,+917083447493,13125470997341,Chennai,Adyar,2026-06-20
P02665,Arun Natarajan,16,M,177.1,75.9,AB+,+919074799493,18629436813145,Chennai,Adyar,2026-07-15
P02666,Arun Natarajan,40,M,165.2,55.2,B+,+917069142018,84584584022277,Chennai,Adyar,2026-07-12
P02667,Vidya Balasubramaniam,34,F,151.1,54.2,B+,+919033734963,79344451906774,Chennai,Adyar,2026-07-19
P02668,Senthil Chettiar,35,M,178.9,74.1,A+,+919837997306,44371084257542,Chennai,Adyar,2026-07-25
P02669,Elango Iyer,25,M,166.5,67.3,O+,+919879820187,98322535022774,Chennai,Adyar,2026-07-25
P02670,Malar Naidu,51,F,154.4,56.9,AB-,+917039491155,70587752221200,Chennai,Adyar,2026-06-15
P02671,Lakshmi Chettiar,48,F,155.3,52.9,B-,+919895978451,38453500215638,Chennai,Adyar,2026-07-30
P02672,Dinesh Sundaram,25,M,158.2,72.1,O-,+919893592889,49199785134455,Chennai,Adyar,2026-06-18
P02673,Selvam Reddy,29,M,154.8,57.2,B+,+918021910636,88861666334280,Chennai,Adyar,2026-07-25
P02674,Naveen Perumal,38,M,170.1,70.3,B+,+919091281040,77054911406547,Chennai,Adyar,2026-06-08
P02675,Suganya Raman,8,F,172.5,69.3,AB-,+919040285582,51383456293349,Chennai,Adyar,2026-07-14
P02676,Geetha Iyer,29,F,148.7,63.1,B+,+918017075125,94760596765612,Chennai,Adyar,2026-06-22
P02677,Suganya Pillai,17,F,151.0,62.1,O+,+919875197401,96938925291493,Chennai,Adyar,2026-06-20
P02678,Anitha Krishnan,68,F,167.9,52.5,B-,+917020773209,68674478687320,Chennai,Adyar,2026-07-11
P02679,Meena Shanmugam,45,F,156.3,71.6,B+,+919890909562,71870153987405,Chennai,Adyar,2026-06-17
P02680,Sowmya Reddy,52,F,157.6,60.0,O-,+917026395343,74261422740451,Chennai,Adyar,2026-07-22
P02681,Ravi Chettiar,49,M,156.6,54.0,AB-,+917085106679,10357431891004,Chennai,Adyar,2026-07-22
P02682,Manoj Iyer,68,M,164.9,68.3,O-,+919099593072,99726315081086,Chennai,Adyar,2026-07-19
P02683,Sowmya Subramaniam,32,F,155.9,76.6,AB-,+917038578316,54064282359848,Chennai,Adyar,2026-07-18
P02684,Geetha Sundaram,24,F,146.0,68.0,O+,+919020182302,21234960593706,Chennai,Adyar,2026-06-06
P02685,Dinesh Velu,25,M,166.3,71.1,A-,+917042988238,88705716298475,Chennai,Adyar,2026-07-21
P02686,Lakshmi Sundaram,48,F,134.4,57.3,O+,+919825818960,46994838560166,Chennai,Adyar,2026-07-18
P02687,Yamuna Rajan,9,F,150.5,37.8,B-,+918051193039,97539303619993,Chennai,Adyar,2026-07-04
P02688,Senthil Velu,46,M,163.8,66.7,A-,+919068838370,42368378037171,Chennai,Adyar,2026-07-21
P02689,Meena Iyer,21,F,169.8,67.7,A+,+919065537003,54565663636381,Chennai,Adyar,2026-06-26
P02690,Vignesh Nair,39,M,168.8,61.7,B-,+917048139910,21037998204879,Chennai,Adyar,2026-07-13
P02691,Selvam Natarajan,32,M,165.0,65.3,B-,+919894530605,75901292992920,Chennai,Adyar,2026-06-13
P02692,Muthu Rajan,26,M,165.8,77.9,AB-,+919010945339,85074911392823,Chennai,Adyar,2026-07-18
P02693,Vidya Shanmugam,11,F,148.6,47.2,B-,+917042022446,80033833673614,Chennai,Adyar,2026-06-10
P02694,Prakash Reddy,22,M,162.5,82.5,O-,+919821708155,58181106994292,Chennai,Adyar,2026-06-05
P02695,Selvam Perumal,43,M,163.8,50.6,B-,+918015624378,10898107232274,Chennai,Adyar,2026-07-08
P02696,Yamuna Reddy,17,F,140.7,55.5,O+,+917010789557,88344425374249,Chennai,Adyar,2026-06-06
P02697,Padma Krishnan,55,F,160.1,53.4,B+,+918088350617,28310915719104,Chennai,Adyar,2026-07-18
P02698,Ramesh Gounder,50,M,164.4,52.0,O+,+917013778013,24250596310626,Chennai,Adyar,2026-07-07
P02699,Vidya Shanmugam,36,F,157.9,37.7,AB+,+917072951942,68729620429758,Chennai,Adyar,2026-06-30
P02700,Muthu Murugan,28,M,168.3,66.9,A+,+917080747152,25923065117682,Chennai,Adyar,2026-07-28
P02701,Malar Raman,50,F,150.7,70.3,A+,+919091723080,60546905084951,Chennai,Velachery,2026-07-03
P02702,Kavya Krishnan,64,F,155.0,56.0,O+,+919838277717,08788752632284,Chennai,Velachery,2026-06-17
P02703,Anitha Murugan,47,F,158.8,63.4,A+,+918074467263,70023358235062,Chennai,Velachery,2026-06-04
P02704,Uma Balasubramaniam,59,F,153.8,62.6,A+,+918032461556,86041614354349,Chennai,Velachery,2026-07-22
P02705,Bala Rajan,32,M,153.7,58.1,AB-,+919097371709,64333040305818,Chennai,Velachery,2026-06-20
P02706,Praveen Rajan,37,M,158.9,76.1,A+,+919826835130,92580994919437,Chennai,Velachery,2026-06-23
P02707,Dinesh Perumal,38,M,168.0,74.0,AB+,+919055132434,68502208053847,Chennai,Velachery,2026-07-26
P02708,Ramesh Naidu,6,M,157.7,68.6,AB+,+919020202701,83591461201407,Chennai,Velachery,2026-06-14
P02709,Ashok Krishnan,37,M,165.8,74.2,A-,+917085378045,31734996321553,Chennai,Velachery,2026-07-22
P02710,Selvam Chettiar,9,M,173.2,47.9,A-,+919853935671,28612240002593,Chennai,Velachery,2026-07-26
P02711,Lakshmi Krishnan,46,F,148.9,43.6,B+,+918085247394,74089757842351,Chennai,Velachery,2026-06-22
P02712,Muthu Nair,32,M,163.8,58.2,A-,+919088572643,28841634477927,Chennai,Velachery,2026-06-28
P02713,Kavya Raman,11,F,145.1,57.7,O-,+919020806899,57045330434948,Chennai,Velachery,2026-07-13
P02714,Ravi Iyer,26,M,158.3,76.9,AB+,+919849288342,43373140290300,Chennai,Velachery,2026-07-29
P02715,Muthu Raman,46,M,151.2,65.9,AB-,+919060158150,97862163484430,Chennai,Velachery,2026-06-08
P02716,Padma Rajan,45,F,159.2,84.7,O-,+917079092360,23828881613719,Chennai,Velachery,2026-07-30
P02717,Kavya Balasubramaniam,29,F,145.9,60.0,A-,+919061116052,35542846863872,Chennai,Velachery,2026-07-21
P02718,Ravi Gounder,17,M,169.1,88.3,B+,+918074619794,04943274026558,Chennai,Velachery,2026-06-13
P02719,Revathi Pillai,27,F,150.8,54.4,A+,+917077695647,54805143882737,Chennai,Velachery,2026-06-16
P02720,Suganya Naidu,35,F,157.0,55.9,AB-,+917081692201,13240621461335,Chennai,Velachery,2026-07-07
P02721,Kalaivani Rajan,8,F,160.4,58.1,O-,+919835633381,48141577180749,Chennai,Velachery,2026-07-26
P02722,Dinesh Sundaram,44,M,172.3,78.9,AB+,+919028337030,85141908274574,Chennai,Velachery,2026-07-30
P02723,Uma Raman,7,F,163.3,40.5,AB-,+919835543227,37364353712146,Chennai,Velachery,2026-06-10
P02724,Karthik Rajan,23,M,167.7,66.4,B-,+917044537180,28632310265574,Chennai,Velachery,2026-07-26
P02725,Kalaivani Iyer,36,F,161.6,61.7,A-,+919812161556,83402897409393,Chennai,Velachery,2026-06-15
P02726,Radha Naidu,55,F,164.3,49.1,AB-,+918058834397,39562154262671,Chennai,Velachery,2026-07-27
P02727,Kumar Murugan,64,M,159.4,72.6,AB+,+919868958287,32217759414477,Chennai,Velachery,2026-06-05
P02728,Praveen Natarajan,42,M,171.4,66.5,AB+,+919890289710,16276243960630,Chennai,Velachery,2026-06-15
P02729,Dinesh Shanmugam,61,M,164.2,72.0,A-,+919877124350,73563921187816,Chennai,Velachery,2026-07-16
P02730,Ravi Balasubramaniam,34,M,149.5,86.1,AB-,+918054071522,10597344685009,Chennai,Velachery,2026-07-07
P02731,Sowmya Nair,12,F,158.8,40.9,B-,+919897370586,16629087929686,Chennai,Velachery,2026-07-26
P02732,Gopal Natarajan,45,M,155.1,45.2,AB+,+918093685931,66352736007550,Chennai,Velachery,2026-07-17
P02733,Revathi Perumal,60,F,155.6,64.0,A+,+917018902918,75282079077988,Chennai,Velachery,2026-07-03
P02734,Vidya Murugan,45,F,161.9,68.1,AB+,+919845027019,02802802224466,Chennai,Velachery,2026-06-24
P02735,Senthil Sundaram,56,M,163.6,80.5,AB+,+919834584607,65704388339238,Chennai,Velachery,2026-06-24
P02736,Anitha Velu,53,F,165.4,60.5,A-,+919864387848,49857742735984,Chennai,Velachery,2026-06-08
P02737,Selvam Reddy,26,M,154.1,67.0,AB-,+918016452897,92646529679471,Chennai,Velachery,2026-07-23
P02738,Gopal Gounder,35,M,162.5,53.2,A-,+917013856812,17977660022003,Chennai,Velachery,2026-06-03
P02739,Kalaivani Nair,34,F,159.0,51.5,B+,+917090855661,41245621202540,Chennai,Velachery,2026-06-22
P02740,Radha Rajan,37,F,168.1,73.4,O+,+919031377759,55176569836495,Chennai,Velachery,2026-07-07
P02741,Prakash Balasubramaniam,50,M,154.7,68.0,O-,+919830482789,03143061432885,Chennai,Velachery,2026-07-30
P02742,Priya Sundaram,47,F,144.6,62.7,A-,+918039934626,71044907113646,Chennai,Velachery,2026-07-08
P02743,Selvam Shanmugam,50,M,159.5,50.6,A+,+918090368752,12779053875189,Chennai,Velachery,2026-07-03
P02744,Sowmya Natarajan,33,F,158.2,77.7,A+,+918086285681,77338004143269,Chennai,Velachery,2026-06-12
P02745,Deepa Iyer,31,F,151.9,67.4,A+,+917084033304,65862334878193,Chennai,Velachery,2026-06-09
P02746,Nithya Natarajan,38,F,165.8,38.2,O+,+919872909395,57325141561731,Chennai,Velachery,2026-06-05
P02747,Saravanan Balasubramaniam,36,M,169.5,63.3,AB+,+917072069188,40353005684172,Chennai,Velachery,2026-06-10
P02748,Padma Rajan,18,F,155.7,61.9,O+,+917040491229,26301508922983,Chennai,Velachery,2026-07-07
P02749,Arun Naidu,29,M,162.6,65.8,O-,+917039068668,86072943062873,Chennai,Velachery,2026-06-30
P02750,Meena Natarajan,25,F,152.8,63.6,B+,+919054715413,86793160278634,Chennai,Velachery,2026-06-24
P02751,Meena Iyer,50,F,142.3,50.3,A+,+919891356341,55211095316156,Chennai,Velachery,2026-07-29
P02752,Yamuna Natarajan,51,F,145.0,60.7,A-,+918045994087,11292881042385,Chennai,Velachery,2026-06-22
P02753,Bala Krishnan,37,M,176.1,55.4,O-,+919045060744,88598069043987,Chennai,Velachery,2026-06-19
P02754,Nithya Naidu,68,F,144.1,42.3,A+,+919815204411,26909594052198,Chennai,Velachery,2026-07-26
P02755,Karthik Shanmugam,38,M,165.3,66.8,A-,+919040847254,02933367705297,Chennai,Velachery,2026-06-13
P02756,Vignesh Natarajan,18,M,159.0,76.9,A-,+918029252803,53325888404162,Chennai,Velachery,2026-06-07
P02757,Kalaivani Reddy,36,F,159.3,73.5,O+,+919096839238,85024610168107,Chennai,Velachery,2026-06-06
P02758,Kumar Balasubramaniam,62,M,165.2,78.8,B-,+917093192710,51460737204032,Chennai,Velachery,2026-07-14
P02759,Geetha Rajan,53,F,155.4,65.0,AB+,+918098046344,43614550129043,Chennai,Velachery,2026-06-29
P02760,Senthil Sundaram,39,M,173.4,57.3,AB+,+919868871996,56469836332094,Chennai,Velachery,2026-06-28
P02761,Kumar Raman,9,M,173.5,74.1,AB-,+917019025028,46187027392467,Chennai,Velachery,2026-07-28
P02762,Naveen Naidu,72,M,182.9,81.8,B+,+919013867351,88232439696477,Chennai,Velachery,2026-07-21
P02763,Ramesh Nair,50,M,163.1,78.2,A-,+918040938805,24061869460569,Chennai,Velachery,2026-07-08
P02764,Arun Subramaniam,68,M,170.2,60.2,AB+,+919099426305,82616913438125,Chennai,Velachery,2026-06-24
P02765,Gopal Sundaram,52,M,179.7,72.9,A+,+919049870806,04241426562616,Chennai,Velachery,2026-06-18
P02766,Arun Natarajan,59,M,164.7,75.1,B+,+919072147620,66053139783747,Chennai,Velachery,2026-06-02
P02767,Padma Nair,17,F,163.8,60.8,O+,+918044484386,27841287612826,Chennai,Velachery,2026-07-17
P02768,Prakash Shanmugam,17,M,173.2,84.2,AB-,+919891774124,99481940681275,Chennai,Velachery,2026-07-08
P02769,Padma Chettiar,66,F,152.1,57.1,B+,+919079955480,68481062471656,Chennai,Velachery,2026-06-28
P02770,Senthil Sundaram,42,M,155.7,50.4,O-,+917034475703,05415280786477,Chennai,Velachery,2026-07-21
P02771,Vignesh Gounder,70,M,177.6,60.4,B-,+919826844949,70653813789562,Chennai,Velachery,2026-06-02
P02772,Suresh Nair,44,M,157.5,86.1,A+,+919058236833,89638595240500,Chennai,Velachery,2026-06-24
P02773,Radha Velu,52,F,142.5,57.4,AB+,+917060116703,88095924398158,Chennai,Velachery,2026-07-17
P02774,Gopal Krishnan,1,M,175.1,89.8,B+,+917024402824,68660289281498,Chennai,Velachery,2026-07-23
P02775,Meena Balasubramaniam,70,F,146.2,68.2,A-,+919044649409,83611538336644,Chennai,Velachery,2026-07-25
P02776,Karthik Gounder,19,M,162.5,83.3,O+,+918067742815,78456611556816,Chennai,Velachery,2026-06-15
P02777,Gopal Sundaram,23,M,160.5,59.6,AB+,+917020219266,78296147307480,Chennai,Velachery,2026-07-03
P02778,Vignesh Balasubramaniam,22,M,156.0,68.8,B-,+917025009225,99699465217456,Chennai,Velachery,2026-07-16
P02779,Geetha Sundaram,1,F,149.0,48.9,O+,+919040378769,80684145795573,Chennai,Velachery,2026-07-22
P02780,Kumar Balasubramaniam,33,M,160.4,75.5,B+,+917056140061,61302327639169,Chennai,Velachery,2026-06-29
P02781,Radha Perumal,41,F,145.7,80.0,AB-,+919859187878,96471817534096,Chennai,Velachery,2026-06-29
P02782,Prakash Natarajan,32,M,175.4,63.6,O-,+917021682332,75634406021091,Chennai,Velachery,2026-07-11
P02783,Padma Nair,52,F,140.2,46.6,AB-,+918038814847,22637319682436,Chennai,Velachery,2026-06-27
P02784,Ashok Balasubramaniam,45,M,165.5,39.9,AB-,+918066653716,71569147012983,Chennai,Velachery,2026-06-03
P02785,Priya Balasubramaniam,32,F,148.9,66.5,A-,+919015660356,06652853004557,Chennai,Velachery,2026-06-25
P02786,Anitha Iyer,25,F,141.0,53.4,B+,+918017013017,06597741442018,Chennai,Velachery,2026-07-10
P02787,Senthil Natarajan,41,M,171.4,76.8,B+,+917077051583,04668708179621,Chennai,Velachery,2026-07-17
P02788,Praveen Krishnan,60,M,173.8,61.2,O+,+919856032007,83659980166581,Chennai,Velachery,2026-06-10
P02789,Karthik Shanmugam,21,M,168.9,75.5,AB+,+917013701047,21305096399478,Chennai,Velachery,2026-06-10
P02790,Saravanan Velu,64,M,172.7,55.8,A+,+918044905944,74079434441756,Chennai,Velachery,2026-06-05
P02791,Revathi Nair,42,F,152.2,69.8,B-,+918093289175,50197610321658,Chennai,Velachery,2026-06-06
P02792,Gopal Krishnan,33,M,173.8,62.8,O-,+917025366187,93883090458167,Chennai,Velachery,2026-06-25
P02793,Karthik Murugan,31,M,163.0,66.6,O-,+917056949663,27311876567224,Chennai,Velachery,2026-06-09
P02794,Arun Gounder,37,M,169.4,74.9,O+,+917017329717,19599222492444,Chennai,Velachery,2026-06-22
P02795,Bala Nair,34,M,157.1,88.3,B+,+918017070670,97648618382559,Chennai,Velachery,2026-07-25
P02796,Manoj Balasubramaniam,20,M,163.6,72.2,B+,+919056982987,60518208086178,Chennai,Velachery,2026-06-05
P02797,Muthu Natarajan,1,M,162.1,67.7,B-,+918045586156,20570365959257,Chennai,Velachery,2026-07-04
P02798,Gopal Nair,50,M,159.9,65.4,A+,+919067775715,99811721370261,Chennai,Velachery,2026-07-27
P02799,Lakshmi Iyer,20,F,155.5,55.2,B+,+919020638226,02621083083209,Chennai,Velachery,2026-07-02
P02800,Kumar Gounder,27,M,163.1,73.1,O+,+917054227963,31189230731397,Chennai,Velachery,2026-06-08
P02801,Elango Murugan,18,M,161.0,71.0,B-,+917050620877,23876809007796,Chennai,Velachery,2026-07-30
P02802,Lakshmi Natarajan,17,F,159.9,69.1,O-,+918060076287,39913854131744,Chennai,Velachery,2026-06-30
P02803,Anitha Gounder,41,F,151.2,50.0,B-,+919044294062,02588551088921,Chennai,Velachery,2026-07-31
P02804,Sangeetha Naidu,31,F,155.3,58.4,O-,+918020763396,59964608725477,Chennai,Velachery,2026-07-04
P02805,Sangeetha Sundaram,16,F,171.9,58.8,B-,+919035484729,24781101621989,Chennai,Velachery,2026-07-18
P02806,Sowmya Chettiar,15,F,154.0,100.7,A-,+919885134702,15164919070445,Chennai,Velachery,2026-06-27
P02807,Arun Velu,23,M,160.5,77.0,AB+,+917092782739,01748425246719,Chennai,Velachery,2026-06-16
P02808,Muthu Balasubramaniam,6,M,176.7,72.3,B-,+917081007599,75358983243595,Chennai,Velachery,2026-07-12
P02809,Prakash Subramaniam,39,M,170.7,87.9,O+,+918027902471,32469355169788,Chennai,Velachery,2026-07-18
P02810,Gopal Balasubramaniam,14,M,159.8,53.3,B+,+917051341543,39718884271696,Chennai,Velachery,2026-07-23
P02811,Anitha Perumal,2,F,164.2,52.7,O+,+917037270015,47696454406689,Chennai,Velachery,2026-07-09
P02812,Deepa Velu,47,F,158.3,64.8,B-,+917093997069,80118721398302,Chennai,Velachery,2026-07-03
P02813,Elango Nair,26,M,151.3,81.5,B-,+919899526336,16018619136406,Chennai,Velachery,2026-06-22
P02814,Divya Perumal,32,F,156.9,57.0,O+,+917049768402,77350318849741,Chennai,Velachery,2026-06-24
P02815,Revathi Gounder,39,F,159.7,46.9,AB+,+919899065754,02352179211828,Chennai,Velachery,2026-07-25
P02816,Suresh Raman,35,M,165.2,87.0,B+,+919821526327,90581479605623,Chennai,Velachery,2026-06-21
P02817,Naveen Perumal,51,M,166.3,41.5,O-,+919036504938,46458295463733,Chennai,Velachery,2026-06-29
P02818,Arun Naidu,19,M,167.2,63.6,AB-,+917061156320,62342530128194,Chennai,Velachery,2026-07-17
P02819,Gopal Perumal,38,M,161.2,72.2,A-,+919898125984,41465663707043,Chennai,Velachery,2026-06-04
P02820,Uma Murugan,50,F,161.2,83.7,O+,+918060162303,35546222847660,Chennai,Velachery,2026-07-16
P02821,Kumar Murugan,26,M,160.6,82.3,B+,+919824477980,93581514185940,Chennai,Velachery,2026-06-01
P02822,Naveen Rajan,20,M,161.4,78.3,AB+,+917084098587,46954495697755,Chennai,Velachery,2026-07-09
P02823,Divya Rajan,64,F,148.0,63.3,B+,+918092190882,04015076294201,Chennai,Velachery,2026-06-03
P02824,Ramesh Krishnan,50,M,164.7,51.7,O+,+918044327679,22082419857787,Chennai,Velachery,2026-07-20
P02825,Karthik Natarajan,31,M,176.6,65.9,B-,+919076172432,13618774978953,Chennai,Velachery,2026-06-14
P02826,Kalaivani Gounder,57,F,159.0,54.1,O-,+919095282699,99515414360438,Chennai,Velachery,2026-07-05
P02827,Geetha Velu,48,F,159.7,73.0,A+,+919845318545,14425096933757,Chennai,Velachery,2026-06-19
P02828,Ravi Shanmugam,38,M,181.1,82.8,A+,+919837122582,95845450529653,Chennai,Velachery,2026-06-02
P02829,Lakshmi Shanmugam,72,F,159.6,57.7,O-,+919883602292,35051834402755,Chennai,Velachery,2026-07-03
P02830,Suganya Nair,56,F,147.0,44.5,O-,+917042251056,36936834021104,Chennai,Velachery,2026-06-08
P02831,Nithya Velu,31,F,164.9,74.3,A+,+919858249526,34930966634916,Chennai,Velachery,2026-07-31
P02832,Padma Natarajan,44,F,160.2,49.3,B-,+917045023582,55436233193121,Chennai,Velachery,2026-06-21
P02833,Gopal Balasubramaniam,29,M,163.6,68.4,B-,+917014511426,77898196870666,Chennai,Velachery,2026-07-05
P02834,Divya Sundaram,36,F,168.5,48.6,O-,+917090182853,83381272490140,Chennai,Velachery,2026-07-31
P02835,Malar Perumal,17,F,179.9,59.4,O+,+919898102500,38439537258015,Chennai,Velachery,2026-07-10
P02836,Kumar Sundaram,55,M,161.1,55.1,B+,+917014734409,32302019268601,Chennai,Velachery,2026-06-19
P02837,Uma Pillai,40,F,162.4,53.8,A-,+919860586755,14266244367704,Chennai,Velachery,2026-06-04
P02838,Ramesh Velu,22,M,173.1,72.3,O+,+917037232398,59748956425275,Chennai,Velachery,2026-06-04
P02839,Praveen Natarajan,55,M,170.0,61.0,B+,+919065040907,56337343488919,Chennai,Velachery,2026-06-24
P02840,Arun Raman,34,M,179.9,68.6,B+,+919033752353,01277606625957,Chennai,Velachery,2026-07-19
P02841,Nithya Nair,35,F,158.7,67.8,A-,+919833543835,74219404789136,Chennai,Velachery,2026-07-03
P02842,Malar Reddy,53,F,157.3,60.9,A-,+918061517329,38279414550973,Chennai,Velachery,2026-06-27
P02843,Ravi Nair,39,M,167.3,77.1,O+,+918089518366,85270497344463,Chennai,Velachery,2026-06-15
P02844,Vidya Rajan,28,F,148.2,67.2,A-,+918023233359,10152218159588,Chennai,Velachery,2026-07-07
P02845,Naveen Krishnan,47,M,172.2,80.2,B+,+918029883543,35113952254945,Chennai,Velachery,2026-06-27
P02846,Geetha Pillai,34,F,158.2,58.6,A+,+917097728142,32470730814142,Chennai,Velachery,2026-06-26
P02847,Bala Pillai,20,M,168.2,63.2,AB-,+918096077857,30165487657815,Chennai,Velachery,2026-06-18
P02848,Bala Rajan,54,M,148.7,78.3,A-,+919829468118,86421360171472,Chennai,Velachery,2026-07-28
P02849,Muthu Rajan,41,M,161.2,85.8,B-,+917085730401,65164418054008,Chennai,Velachery,2026-07-22
P02850,Priya Naidu,30,F,153.6,43.7,B+,+917072571790,96199097989659,Chennai,Velachery,2026-07-22
P02851,Ravi Natarajan,39,M,168.7,66.9,A-,+919070083821,49167165670986,Chennai,Velachery,2026-07-25
P02852,Kalaivani Pillai,35,F,140.0,59.1,AB+,+918013103160,38528579401541,Chennai,Velachery,2026-07-05
P02853,Meena Shanmugam,54,F,152.0,61.4,A-,+917061072574,78734808514966,Chennai,Velachery,2026-06-06
P02854,Radha Rajan,15,F,146.7,70.5,O+,+917028870361,31342683969957,Chennai,Velachery,2026-07-15
P02855,Elango Raman,70,M,161.9,54.1,A+,+917066697797,84512240238789,Chennai,Velachery,2026-06-23
P02856,Muthu Natarajan,19,M,174.6,69.1,AB+,+917046903291,09626292259537,Chennai,Velachery,2026-07-28
P02857,Deepa Nair,55,F,168.7,55.6,AB-,+918068975448,20667549059730,Chennai,Velachery,2026-06-24
P02858,Saravanan Subramaniam,15,M,153.6,69.8,A+,+918010534656,68294817049672,Chennai,Velachery,2026-07-01
P02859,Divya Sundaram,56,F,164.6,60.5,B-,+919892649447,80047202888239,Chennai,Velachery,2026-07-30
P02860,Priya Shanmugam,1,F,140.2,48.8,AB-,+919815237299,15242443102993,Chennai,Velachery,2026-07-02
P02861,Saravanan Krishnan,69,M,174.5,78.6,A+,+918055724682,42709831818034,Chennai,Velachery,2026-07-25
P02862,Senthil Shanmugam,37,M,173.7,67.4,B-,+917054362852,45082759868581,Chennai,Velachery,2026-06-20
P02863,Sangeetha Naidu,33,F,165.0,54.9,B+,+918035495748,28642504647174,Chennai,Velachery,2026-07-12
P02864,Senthil Reddy,23,M,153.9,79.4,A+,+919868448489,12450116012418,Chennai,Velachery,2026-07-05
P02865,Arun Velu,52,M,169.9,57.8,B+,+919834313432,16847202063141,Chennai,Velachery,2026-06-07
P02866,Dinesh Nair,41,M,168.7,61.9,O-,+919010567179,56864296172472,Chennai,Velachery,2026-06-17
P02867,Vidya Krishnan,34,F,152.3,68.0,O+,+919062251334,20374457199167,Chennai,Velachery,2026-06-03
P02868,Suresh Naidu,20,M,164.1,71.7,B+,+917023322651,40781366492907,Chennai,Velachery,2026-07-11
P02869,Manoj Gounder,49,M,178.7,70.8,O+,+918049948854,70649222571640,Chennai,Velachery,2026-06-30
P02870,Kumar Subramaniam,25,M,163.2,78.9,B+,+919025730458,43456466397180,Chennai,Velachery,2026-07-31
P02871,Gopal Subramaniam,63,M,178.8,58.3,AB-,+919090210905,75675646676674,Chennai,Velachery,2026-07-30
P02872,Naveen Naidu,46,M,167.4,83.4,A+,+918032284361,42216453244214,Chennai,Velachery,2026-06-07
P02873,Yamuna Krishnan,40,F,155.8,51.0,A+,+919077405321,19836514690591,Chennai,Velachery,2026-07-31
P02874,Elango Krishnan,32,M,157.6,66.3,A+,+919071582790,83410807509503,Chennai,Velachery,2026-07-10
P02875,Lakshmi Iyer,31,F,175.3,78.1,O+,+918030035110,08595031215595,Chennai,Velachery,2026-06-18
P02876,Divya Natarajan,63,F,150.5,54.8,A-,+919862535773,55360181170328,Chennai,Velachery,2026-06-18
P02877,Suresh Reddy,33,M,161.0,55.9,O+,+917073047881,92165148111468,Chennai,Velachery,2026-06-26
P02878,Padma Gounder,55,F,162.4,54.4,AB-,+917033220593,15384503559967,Chennai,Velachery,2026-06-08
P02879,Suresh Nair,60,M,171.2,69.7,O+,+918044245274,66629136215394,Chennai,Velachery,2026-07-26
P02880,Nithya Sundaram,47,F,162.8,59.1,A-,+918011255465,58498447539360,Chennai,Velachery,2026-06-05
P02881,Bala Gounder,16,M,166.2,85.6,B-,+918067529712,94175180075658,Chennai,Velachery,2026-06-13
P02882,Praveen Perumal,21,M,161.3,74.2,AB+,+919821840633,23587905073090,Chennai,Velachery,2026-07-03
P02883,Radha Gounder,53,F,147.3,75.2,AB+,+919864200901,73139628633897,Chennai,Velachery,2026-06-21
P02884,Divya Nair,30,F,154.4,60.4,A-,+919036421821,59393942728288,Chennai,Velachery,2026-07-13
P02885,Naveen Raman,42,M,148.5,53.7,O+,+917033575893,87447706481335,Chennai,Velachery,2026-07-22
P02886,Sowmya Iyer,56,F,136.5,54.1,O+,+919027541073,35068843939396,Chennai,Velachery,2026-07-10
P02887,Praveen Pillai,30,M,167.8,51.7,B+,+919073116856,87454560318686,Chennai,Velachery,2026-06-10
P02888,Yamuna Reddy,48,F,147.1,51.3,A-,+918091351301,64548277195911,Chennai,Velachery,2026-07-23
P02889,Padma Nair,60,F,163.2,49.7,A-,+917082797090,84401470823196,Chennai,Velachery,2026-06-29
P02890,Senthil Iyer,47,M,160.6,66.2,O+,+919032898765,71804559128995,Chennai,Velachery,2026-07-03
P02891,Muthu Natarajan,51,M,174.6,58.7,O-,+919840757252,65183704702371,Chennai,Velachery,2026-06-20
P02892,Ramesh Pillai,19,M,159.9,73.9,B+,+917039393049,58139795196245,Chennai,Velachery,2026-07-03
P02893,Bala Murugan,36,M,172.6,51.6,O-,+919031013187,29297702598458,Chennai,Velachery,2026-06-15
P02894,Anitha Krishnan,37,F,168.1,46.0,O-,+919077376013,72912989673353,Chennai,Velachery,2026-06-09
P02895,Priya Murugan,63,F,157.0,57.8,AB-,+917091660278,55763295166215,Chennai,Velachery,2026-06-04
P02896,Geetha Velu,27,F,144.9,40.8,B-,+919847938613,70303663860268,Chennai,Velachery,2026-06-18
P02897,Priya Rajan,50,F,144.3,50.9,B-,+917081327137,86585228876172,Chennai,Velachery,2026-07-29
P02898,Revathi Reddy,56,F,153.8,70.3,A-,+917060155055,88287035171994,Chennai,Velachery,2026-06-01
P02899,Lakshmi Sundaram,37,F,156.4,60.4,O+,+919016758817,71253461155524,Chennai,Velachery,2026-07-01
P02900,Ramesh Krishnan,37,M,170.0,36.8,A-,+919084150322,11308395311695,Chennai,Velachery,2026-07-06
P02901,Saravanan Rajan,32,M,168.3,90.2,A+,+919813912897,71376670806060,Chennai,Velachery,2026-06-14
P02902,Nithya Raman,4,F,154.4,53.9,O-,+917021825823,83284014407904,Chennai,Velachery,2026-06-27
P02903,Praveen Pillai,86,M,151.9,81.9,AB-,+918029654595,46155224113414,Chennai,Velachery,2026-06-21
P02904,Vignesh Velu,16,M,173.4,79.9,O-,+918054015753,27383968856069,Chennai,Velachery,2026-07-07
P02905,Yamuna Chettiar,29,F,162.3,51.4,A-,+919075987636,99659123944949,Chennai,Velachery,2026-06-04
P02906,Muthu Rajan,27,M,176.6,65.5,AB-,+919043614475,90230771465028,Chennai,Velachery,2026-07-06
P02907,Yamuna Murugan,45,F,155.3,66.1,A+,+917083394423,98137801104708,Chennai,Velachery,2026-06-27
P02908,Kalaivani Gounder,44,F,152.6,78.8,B+,+919064484376,72119511094526,Chennai,Velachery,2026-06-17
P02909,Uma Murugan,55,F,149.2,62.2,O+,+919833169103,00088887641437,Chennai,Velachery,2026-06-22
P02910,Kalaivani Sundaram,35,F,157.5,64.5,B-,+917047438725,93548810732761,Chennai,Velachery,2026-06-24
P02911,Ramesh Rajan,41,M,185.0,60.1,B-,+919898490720,59335851514940,Chennai,Velachery,2026-06-01
P02912,Gopal Iyer,40,M,146.9,65.9,B-,+919893590525,88118821076059,Chennai,Velachery,2026-06-28
P02913,Lakshmi Naidu,55,F,148.8,45.8,B+,+919039972320,77696732549660,Chennai,Velachery,2026-07-20
P02914,Padma Chettiar,17,F,156.1,50.7,AB-,+918038090757,80571216629668,Chennai,Velachery,2026-07-11
P02915,Saravanan Nair,24,M,165.9,41.1,AB+,+919049088770,46068895899321,Chennai,Velachery,2026-07-12
P02916,Dinesh Krishnan,32,M,158.0,45.7,O+,+919026975345,17953485645044,Chennai,Velachery,2026-06-15
P02917,Nithya Pillai,39,F,156.6,60.9,AB+,+918022312399,66417000337904,Chennai,Velachery,2026-07-19
P02918,Lakshmi Sundaram,10,F,154.6,64.2,AB+,+917060318996,80856902891708,Chennai,Velachery,2026-06-09
P02919,Praveen Raman,28,M,166.6,67.5,AB-,+919829580355,26966734958601,Chennai,Velachery,2026-06-22
P02920,Geetha Rajan,43,F,154.5,54.5,O+,+917049085582,65167921271952,Chennai,Velachery,2026-06-24
P02921,Vidya Perumal,45,F,157.3,54.3,B-,+919828833128,01648547133258,Chennai,Velachery,2026-07-08
P02922,Saravanan Shanmugam,41,M,161.2,47.1,A-,+918012433297,04362569153930,Chennai,Velachery,2026-06-14
P02923,Anitha Reddy,1,F,148.1,71.0,A+,+919067516013,61010619581618,Chennai,Velachery,2026-06-25
P02924,Ashok Rajan,29,M,162.8,49.7,B-,+919861661729,14501818785037,Chennai,Velachery,2026-07-05
P02925,Nithya Nair,38,F,149.6,53.5,AB+,+917080544119,91241521219338,Chennai,Velachery,2026-06-05
P02926,Lakshmi Gounder,29,F,155.7,61.5,B+,+919890809333,57377564108945,Chennai,Velachery,2026-06-25
P02927,Arun Chettiar,47,M,165.8,67.3,AB-,+919845190469,94133098455225,Chennai,Velachery,2026-06-18
P02928,Suganya Iyer,13,F,151.0,81.3,B+,+919019541726,41363255861333,Chennai,Velachery,2026-07-16
P02929,Manoj Murugan,56,M,165.6,70.9,A-,+918076121981,23679082135221,Chennai,Velachery,2026-06-15
P02930,Kumar Shanmugam,14,M,173.5,71.7,B-,+917078098313,79933309138919,Chennai,Velachery,2026-06-02
P02931,Malar Iyer,39,F,153.5,78.1,AB+,+917083229298,14335862835880,Chennai,Velachery,2026-07-28
P02932,Sangeetha Balasubramaniam,41,F,164.7,56.0,AB+,+917071374758,68790244644235,Chennai,Velachery,2026-07-20
P02933,Anitha Balasubramaniam,36,F,161.3,47.4,A+,+918087418475,07542248980147,Chennai,Velachery,2026-07-08
P02934,Deepa Velu,1,F,145.2,54.1,B-,+917055079377,96586681403484,Chennai,Velachery,2026-07-25
P02935,Deepa Nair,53,F,153.4,44.3,AB+,+918039237301,45708117596614,Chennai,Velachery,2026-07-27
P02936,Suganya Krishnan,49,F,150.7,47.9,O-,+919826494237,07061140223596,Chennai,Velachery,2026-07-04
P02937,Kumar Subramaniam,26,M,170.2,59.3,A+,+919048749076,36048848618174,Chennai,Velachery,2026-06-12
P02938,Malar Iyer,52,F,148.5,61.9,AB+,+918068201008,90089730365907,Chennai,Velachery,2026-06-26
P02939,Priya Natarajan,34,F,163.5,65.9,A+,+919055360805,50133343172749,Chennai,Velachery,2026-06-20
P02940,Uma Gounder,34,F,153.8,52.9,O+,+917029497465,61015852632310,Chennai,Velachery,2026-07-03
P02941,Padma Balasubramaniam,28,F,141.5,67.7,O+,+919828929388,05420118668272,Chennai,Velachery,2026-06-22
P02942,Malar Shanmugam,17,F,156.0,68.1,A-,+919085863151,77418182715131,Chennai,Velachery,2026-06-06
P02943,Revathi Naidu,8,F,152.9,51.9,B-,+919068003789,35718868354737,Chennai,Velachery,2026-06-27
P02944,Sangeetha Nair,34,F,153.1,63.1,AB-,+919071111149,93198071233678,Chennai,Velachery,2026-07-24
P02945,Ramesh Gounder,26,M,153.3,60.3,AB-,+918089068872,97704145886136,Chennai,Velachery,2026-07-22
P02946,Lakshmi Velu,50,F,157.0,66.4,B-,+918077879356,77554840042109,Chennai,Velachery,2026-07-07
P02947,Divya Velu,19,F,149.8,51.8,AB+,+919869355355,93992783607989,Chennai,Velachery,2026-06-01
P02948,Senthil Nair,53,M,162.7,49.9,A+,+919898437155,98338101362408,Chennai,Velachery,2026-07-18
P02949,Naveen Naidu,52,M,168.5,56.9,AB+,+919848373974,45632250546788,Chennai,Velachery,2026-07-16
P02950,Priya Subramaniam,12,F,144.8,57.9,O-,+919074310413,42002892343714,Chennai,Velachery,2026-07-24
P02951,Manoj Gounder,46,M,159.7,57.1,AB-,+918098584058,49288409696573,Chennai,Velachery,2026-06-04
P02952,Meena Nair,14,F,155.9,71.4,B+,+917075065630,21598056022247,Chennai,Velachery,2026-07-24
P02953,Dinesh Natarajan,41,M,176.4,70.0,A+,+917062122376,84096429385550,Chennai,Velachery,2026-07-21
P02954,Priya Krishnan,37,F,151.4,52.4,B+,+918050238512,49130610855704,Chennai,Velachery,2026-07-20
P02955,Saravanan Pillai,21,M,161.1,85.1,O-,+917026625932,82224132950102,Chennai,Velachery,2026-06-25
P02956,Manoj Chettiar,38,M,172.1,87.2,B+,+919078086005,14273502214916,Chennai,Velachery,2026-06-11
P02957,Praveen Iyer,66,M,169.4,46.2,A-,+917054107285,97842814351941,Chennai,Velachery,2026-06-22
P02958,Divya Balasubramaniam,17,F,168.2,50.7,AB+,+918012892492,19115431670141,Chennai,Velachery,2026-07-26
P02959,Ravi Iyer,80,M,157.4,53.2,A+,+919845214260,56200983273652,Chennai,Velachery,2026-07-06
P02960,Vignesh Krishnan,3,M,161.7,61.0,O-,+919857079843,67916712794401,Chennai,Velachery,2026-07-11
P02961,Praveen Nair,87,M,168.0,54.9,O+,+919815839650,73068688786192,Chennai,Velachery,2026-06-13
P02962,Vignesh Shanmugam,42,M,160.3,36.2,O-,+919016053323,40261668450156,Chennai,Velachery,2026-06-09
P02963,Arun Sundaram,54,M,177.3,64.6,A+,+919054604173,98278147056497,Chennai,Velachery,2026-07-19
P02964,Ramesh Velu,46,M,167.5,59.4,A-,+919042725812,34533843092697,Chennai,Velachery,2026-06-08
P02965,Karthik Perumal,39,M,167.5,58.8,O-,+918015809889,56459803440585,Chennai,Velachery,2026-07-31
P02966,Divya Balasubramaniam,1,F,148.1,71.0,O+,+918091296838,50444920954554,Chennai,Velachery,2026-06-24
P02967,Kumar Reddy,47,M,173.9,69.9,O+,+919027632569,28329958742796,Chennai,Velachery,2026-06-29
P02968,Selvam Rajan,41,M,171.5,65.2,A+,+919069253306,86416388281059,Chennai,Velachery,2026-07-25
P02969,Muthu Velu,31,M,168.9,84.2,B+,+918024132049,16655636300433,Chennai,Velachery,2026-07-08
P02970,Uma Velu,65,F,140.8,46.1,O+,+917071532209,55694146735928,Chennai,Velachery,2026-06-06
P02971,Gopal Natarajan,32,M,150.1,59.9,O+,+917098144086,61656657640633,Chennai,Velachery,2026-07-19
P02972,Sangeetha Pillai,44,F,149.0,69.2,A-,+917066697368,96796939249623,Chennai,Velachery,2026-06-08
P02973,Divya Subramaniam,34,F,163.2,70.3,AB+,+918080707616,37947741733360,Chennai,Velachery,2026-06-21
P02974,Ashok Balasubramaniam,27,M,173.5,69.4,AB+,+917059350939,34503581654980,Chennai,Velachery,2026-07-05
P02975,Padma Velu,64,F,164.8,46.7,A+,+919070640795,64603632428662,Chennai,Velachery,2026-07-25
P02976,Vignesh Murugan,53,M,147.2,65.1,AB-,+918065042953,65667390607277,Chennai,Velachery,2026-07-11
P02977,Suresh Naidu,61,M,159.8,48.8,AB-,+919865195921,57164022612349,Chennai,Velachery,2026-06-27
P02978,Anitha Naidu,52,F,157.9,48.0,O+,+917071123206,64826148109957,Chennai,Velachery,2026-06-29
P02979,Arun Gounder,51,M,163.6,44.8,B-,+917057072296,66705330851983,Chennai,Velachery,2026-07-02
P02980,Anitha Reddy,34,F,164.7,63.5,O-,+919886772731,11030897586380,Chennai,Velachery,2026-07-15
P02981,Radha Velu,52,F,157.3,54.9,A-,+918010479535,63548539610480,Chennai,Velachery,2026-06-05
P02982,Saravanan Perumal,79,M,160.4,81.0,AB-,+919081128398,40249387138992,Chennai,Velachery,2026-07-28
P02983,Suganya Naidu,26,F,152.6,48.2,O-,+917055892209,73019952614578,Chennai,Velachery,2026-07-24
P02984,Naveen Sundaram,11,M,168.7,54.9,B-,+919838757686,05128163799631,Chennai,Velachery,2026-07-11
P02985,Uma Velu,39,F,168.4,65.7,B-,+919886653137,57001503431629,Chennai,Velachery,2026-07-24
P02986,Manoj Gounder,72,M,167.1,75.1,O+,+918042118126,57120574921386,Chennai,Velachery,2026-06-12
P02987,Ravi Natarajan,29,M,168.5,49.3,A+,+918043861929,56453107690700,Chennai,Velachery,2026-07-21
P02988,Nithya Naidu,18,F,165.1,62.0,B-,+919088665826,34571615633606,Chennai,Velachery,2026-06-30
P02989,Dinesh Murugan,65,M,166.3,72.9,B+,+918012890149,36726847308169,Chennai,Velachery,2026-06-11
P02990,Saravanan Iyer,44,M,165.6,67.7,A+,+919829569327,89580424851168,Chennai,Velachery,2026-07-17
P02991,Naveen Balasubramaniam,31,M,163.4,74.5,O-,+919841368078,34667668293007,Chennai,Velachery,2026-06-16
P02992,Elango Balasubramaniam,44,M,159.2,66.6,O+,+919846071429,38508825704455,Chennai,Velachery,2026-07-03
P02993,Suganya Nair,44,F,160.1,48.0,A-,+917088035222,43805479489830,Chennai,Velachery,2026-07-01
P02994,Karthik Shanmugam,21,M,150.1,62.0,A+,+919859340207,39398567600427,Chennai,Velachery,2026-07-23
P02995,Muthu Perumal,26,M,161.8,84.8,O+,+918039019365,80536347167804,Chennai,Velachery,2026-06-22
P02996,Lakshmi Subramaniam,34,F,146.7,40.3,O+,+919056711310,29258249148087,Chennai,Velachery,2026-07-06
P02997,Lakshmi Subramaniam,32,F,159.4,48.9,AB-,+919879867395,69461841657141,Chennai,Velachery,2026-06-07
P02998,Nithya Pillai,18,F,164.7,47.4,A+,+919063842604,63262463025786,Chennai,Velachery,2026-07-19
P02999,Deepa Sundaram,47,F,149.1,46.1,A+,+918029489335,11245861547998,Chennai,Velachery,2026-06-30
P03000,Geetha Subramaniam,32,F,164.8,47.1,A-,+919878812902,32762890823710,Chennai,Velachery,2026-06-07
P03001,Malar Raman,35,F,154.3,62.4,O+,+919842950316,27224375811625,Madurai,Melur,2026-07-09
P03002,Sangeetha Murugan,49,F,164.6,49.9,O-,+917025973428,47771631593809,Madurai,Melur,2026-07-18
P03003,Meena Murugan,56,F,165.2,38.5,A-,+918084967276,34402608358897,Madurai,Melur,2026-07-27
P03004,Nithya Krishnan,44,F,151.3,51.8,O-,+919031360885,04954928767567,Madurai,Melur,2026-07-12
P03005,Kalaivani Chettiar,41,F,164.6,45.8,B+,+919021694652,33733264081944,Madurai,Melur,2026-06-20
P03006,Kavya Raman,49,F,136.1,46.3,O+,+918072755959,35991921578644,Madurai,Melur,2026-07-20
P03007,Vignesh Perumal,20,M,161.7,65.7,AB-,+917014776844,19062465212256,Madurai,Melur,2026-06-21
P03008,Vignesh Iyer,35,M,164.9,73.4,A+,+919866190928,54566703707010,Madurai,Melur,2026-06-27
P03009,Malar Perumal,74,F,152.1,30,B+,+919070815276,84371171856911,Madurai,Melur,2026-06-15
P03010,Geetha Balasubramaniam,42,F,160.5,45.4,O-,+917058240848,89186239378408,Madurai,Melur,2026-07-03
P03011,Anitha Pillai,53,F,158.1,78.8,A+,+917012498415,47194065685900,Madurai,Melur,2026-07-24
P03012,Senthil Sundaram,54,M,179.7,49.3,A-,+919066776913,39102742378376,Madurai,Melur,2026-07-27
P03013,Suresh Iyer,45,M,162.7,71.5,AB+,+917059687625,62926692362013,Madurai,Melur,2026-06-01
P03014,Malar Balasubramaniam,27,F,157.3,62.3,AB+,+918014178611,29862811803196,Madurai,Melur,2026-07-16
P03015,Anitha Sundaram,46,F,165.0,62.0,B-,+919847830754,78882459198781,Madurai,Melur,2026-07-03
P03016,Vignesh Chettiar,53,M,165.9,70.9,B+,+918096314291,39275413870554,Madurai,Melur,2026-07-02
P03017,Deepa Nair,78,F,158.1,52.8,O+,+917037038879,69070249914107,Madurai,Melur,2026-06-23
P03018,Kumar Sundaram,18,M,155.0,67.7,AB-,+919037343026,60045457942753,Madurai,Melur,2026-07-03
P03019,Sowmya Subramaniam,40,F,160.3,77.1,B-,+919829761006,44497122695143,Madurai,Melur,2026-07-15
P03020,Lakshmi Pillai,17,F,140.1,42.3,B+,+919078578209,53402970895389,Madurai,Melur,2026-06-03
P03021,Padma Naidu,57,F,156.2,57.7,AB+,+919884722976,26376924610599,Madurai,Melur,2026-07-26
P03022,Muthu Balasubramaniam,45,M,178.3,81.9,O+,+917053969051,05159490603562,Madurai,Melur,2026-06-19
P03023,Lakshmi Pillai,75,F,152.7,73.6,AB-,+917093228552,53728177408988,Madurai,Melur,2026-06-03
P03024,Deepa Murugan,50,F,146.5,60.2,A-,+919048984160,51643398288367,Madurai,Melur,2026-07-13
P03025,Senthil Sundaram,57,M,167.2,78.6,B+,+919857321801,71988723075578,Madurai,Melur,2026-07-06
P03026,Geetha Naidu,9,F,156.6,53.3,A-,+918010884189,09322064620667,Madurai,Melur,2026-06-21
P03027,Muthu Murugan,22,M,158.7,60.6,A+,+918077529815,29638026492803,Madurai,Melur,2026-07-11
P03028,Ramesh Sundaram,41,M,158.6,78.9,O-,+917069278774,72925783636812,Madurai,Melur,2026-06-11
P03029,Karthik Krishnan,65,M,166.3,71.4,A-,+917082402858,12307388801221,Madurai,Melur,2026-06-28
P03030,Ashok Subramaniam,50,M,164.5,73.0,B+,+917018077387,10745205009911,Madurai,Melur,2026-07-20
P03031,Divya Murugan,53,F,161.3,46.5,O-,+917099138827,41225011287508,Madurai,Melur,2026-06-08
P03032,Kumar Krishnan,36,M,153.6,78.2,AB-,+918084855348,07991493719104,Madurai,Melur,2026-06-13
P03033,Meena Balasubramaniam,45,F,157.6,47.0,O-,+919818618606,09583483591275,Madurai,Melur,2026-07-21
P03034,Gopal Krishnan,53,M,177.8,60.1,O-,+918040810246,34750917835636,Madurai,Melur,2026-06-20
P03035,Kalaivani Perumal,67,F,135.6,74.4,A-,+917083194339,55771707757662,Madurai,Melur,2026-07-04
P03036,Radha Pillai,27,F,169.1,68.1,A+,+919033158578,03073538682815,Madurai,Melur,2026-07-16
P03037,Geetha Velu,35,F,154.8,34.6,A-,+919891193369,00853475507481,Madurai,Melur,2026-07-25
P03038,Sowmya Naidu,45,F,152.9,67.8,O+,+919890822188,26626395198138,Madurai,Melur,2026-07-19
P03039,Suresh Rajan,53,M,181.4,77.1,O-,+918087018031,92777713589961,Madurai,Melur,2026-07-31
P03040,Meena Gounder,19,F,158.3,58.7,AB-,+919819059595,87978929309077,Madurai,Melur,2026-06-07
P03041,Arun Sundaram,47,M,155.8,85.3,B+,+919013483086,94666050689025,Madurai,Melur,2026-07-09
P03042,Yamuna Natarajan,47,F,153.4,34.3,B-,+919895658736,84070419024161,Madurai,Melur,2026-07-04
P03043,Revathi Krishnan,28,F,156.4,72.7,A+,+919040110540,30192518647048,Madurai,Melur,2026-06-29
P03044,Deepa Murugan,30,F,154.6,47.5,B-,+919849426776,47156503715007,Madurai,Melur,2026-06-11
P03045,Lakshmi Murugan,26,F,153.1,45.2,B+,+917029388905,15262076795757,Madurai,Melur,2026-06-10
P03046,Prakash Natarajan,36,M,163.8,50.9,B+,+919012109093,06973658794923,Madurai,Melur,2026-07-27
P03047,Senthil Murugan,32,M,162.2,92.2,AB-,+918020513322,35719093661765,Madurai,Melur,2026-07-11
P03048,Praveen Natarajan,40,M,155.6,62.7,AB+,+917066499512,17125507584939,Madurai,Melur,2026-07-22
P03049,Ashok Naidu,44,M,156.4,42.8,A+,+918046200860,44340288559910,Madurai,Melur,2026-07-28
P03050,Vidya Velu,30,F,146.1,62.1,B-,+919075746085,90381868320073,Madurai,Melur,2026-07-24
P03051,Radha Nair,30,F,160.8,52.7,AB-,+918027907021,49761934877601,Madurai,Melur,2026-06-09
P03052,Ashok Iyer,40,M,175.1,76.3,O+,+919036483355,11571826522710,Madurai,Melur,2026-07-05
P03053,Vidya Subramaniam,19,F,153.5,71.6,O+,+917048045621,29103749736456,Madurai,Melur,2026-06-23
P03054,Anitha Reddy,6,F,159.7,56.9,AB-,+919895890440,41557213191396,Madurai,Melur,2026-06-06
P03055,Ravi Nair,49,M,149.7,70.5,AB-,+919875194872,22071135033668,Madurai,Melur,2026-07-22
P03056,Padma Shanmugam,30,F,157.8,49.0,B-,+919873838194,74473245719554,Madurai,Melur,2026-06-10
P03057,Suganya Murugan,18,F,152.7,76.3,B+,+917074177056,71716994442839,Madurai,Melur,2026-06-03
P03058,Padma Krishnan,36,F,158.5,80.0,A+,+919032487268,95547120073168,Madurai,Melur,2026-06-18
P03059,Prakash Balasubramaniam,20,M,163.2,56.2,AB-,+919874676099,53299983918759,Madurai,Melur,2026-06-16
P03060,Manoj Reddy,32,M,158.6,76.2,B+,+919066027260,41188034670061,Madurai,Melur,2026-07-31
P03061,Priya Velu,20,F,149.0,57.1,B-,+919810605180,72185082261634,Madurai,Melur,2026-06-05
P03062,Ravi Rajan,51,M,160.6,74.9,A+,+917073893121,52400175504935,Madurai,Melur,2026-07-10
P03063,Priya Murugan,23,F,153.0,65.9,O-,+918035979725,87928392912381,Madurai,Melur,2026-07-02
P03064,Karthik Krishnan,54,M,153.8,39.9,AB-,+919039991590,26284323760356,Madurai,Melur,2026-06-18
P03065,Padma Nair,61,F,152.7,57.0,B+,+918066881934,47283334326032,Madurai,Melur,2026-07-23
P03066,Manoj Balasubramaniam,47,M,170.1,75.5,O-,+918050963858,41730981819242,Madurai,Melur,2026-06-25
P03067,Yamuna Balasubramaniam,65,F,164.9,30.6,O-,+918028436834,88320939749800,Madurai,Melur,2026-06-23
P03068,Senthil Subramaniam,8,M,158.7,57.1,A-,+919056913477,54944442973726,Madurai,Melur,2026-06-29
P03069,Dinesh Balasubramaniam,44,M,170.0,74.1,O-,+919070047877,37851393116531,Madurai,Melur,2026-06-14
P03070,Naveen Velu,35,M,170.3,55.3,AB-,+919069484485,05717159183333,Madurai,Melur,2026-06-23
P03071,Meena Chettiar,13,F,163.4,51.4,O-,+919025199289,03411373202201,Madurai,Melur,2026-06-02
P03072,Kavya Sundaram,23,F,157.0,80.0,A+,+919882336095,68663070996488,Madurai,Melur,2026-06-12
P03073,Kalaivani Sundaram,51,F,137.9,57.9,A-,+918093884190,95911029849383,Madurai,Melur,2026-06-29
P03074,Sangeetha Subramaniam,16,F,165.3,59.4,B-,+918092905166,69486320130653,Madurai,Melur,2026-06-10
P03075,Suresh Pillai,49,M,174.6,90.3,AB+,+919851487540,11516446592396,Madurai,Melur,2026-07-09
P03076,Kavya Sundaram,25,F,164.6,50.9,A+,+917080738848,00470322600888,Madurai,Melur,2026-07-06
P03077,Suganya Natarajan,54,F,145.9,62.2,B-,+917012879605,53888931290442,Madurai,Melur,2026-07-15
P03078,Karthik Murugan,34,M,165.6,77.5,A+,+919829901915,89382121015106,Madurai,Melur,2026-06-28
P03079,Arun Reddy,52,M,156.3,68.6,B+,+917088063329,77663100945319,Madurai,Melur,2026-07-01
P03080,Kalaivani Gounder,23,F,166.4,78.5,B+,+919820668526,47250762332750,Madurai,Melur,2026-06-25
P03081,Padma Reddy,65,F,146.9,70.7,B-,+919811219196,16168763073722,Madurai,Melur,2026-06-06
P03082,Revathi Velu,27,F,145.0,59.8,B-,+917069581638,01389881029578,Madurai,Melur,2026-07-04
P03083,Selvam Perumal,50,M,175.6,72.9,AB+,+918038767643,42234226410144,Madurai,Melur,2026-07-25
P03084,Naveen Rajan,32,M,165.3,66.2,AB-,+919866530351,06125174342108,Madurai,Melur,2026-06-25
P03085,Deepa Raman,40,F,166.0,71.8,B-,+917068420893,96466802687485,Madurai,Melur,2026-07-27
P03086,Ashok Sundaram,1,M,162.4,60.9,A-,+918047625284,76859766469265,Madurai,Melur,2026-07-23
P03087,Muthu Sundaram,56,M,183.1,36.8,O+,+918054567165,45763447820013,Madurai,Melur,2026-07-15
P03088,Anitha Perumal,45,F,150.0,45.7,A-,+918075104061,24204653521705,Madurai,Melur,2026-06-24
P03089,Lakshmi Krishnan,59,F,165.7,43.4,B+,+917035812043,04330779001215,Madurai,Melur,2026-07-27
P03090,Karthik Rajan,44,M,169.0,77.9,O-,+919011315779,62718106319854,Madurai,Melur,2026-06-20
P03091,Suganya Sundaram,37,F,152.3,38.6,B+,+917099286610,65165126547370,Madurai,Melur,2026-06-25
P03092,Nithya Pillai,62,F,160.9,72.9,O-,+918041619048,87787000985450,Madurai,Melur,2026-07-21
P03093,Deepa Perumal,30,F,150.9,50.7,A-,+918036058957,54336062037602,Madurai,Melur,2026-06-16
P03094,Gopal Gounder,55,M,163.6,62.8,AB+,+919882085589,03169760790466,Madurai,Melur,2026-06-16
P03095,Kumar Naidu,53,M,167.0,66.0,B-,+919046009649,99161590287982,Madurai,Melur,2026-07-08
P03096,Kalaivani Rajan,8,F,152.6,52.5,AB-,+919024401797,94508906603634,Madurai,Melur,2026-06-21
P03097,Ashok Chettiar,31,M,163.3,65.9,A-,+918036529990,36345280433264,Madurai,Melur,2026-06-06
P03098,Meena Velu,1,F,154.2,69.6,O+,+919065809173,15286815915674,Madurai,Melur,2026-07-03
P03099,Prakash Raman,19,M,156.1,51.7,AB+,+917099820033,81257060298224,Madurai,Melur,2026-06-29
P03100,Padma Subramaniam,25,F,163.3,63.6,AB+,+919014418429,00219797647048,Madurai,Melur,2026-06-27
P03101,Vidya Sundaram,34,F,152.2,55.5,B+,+919065327385,95125162802614,Madurai,Melur,2026-06-20
P03102,Muthu Balasubramaniam,43,M,177.8,54.2,O+,+919888659013,78513681948044,Madurai,Melur,2026-07-29
P03103,Kavya Natarajan,39,F,162.2,54.8,B+,+917069942158,14112129058884,Madurai,Melur,2026-06-03
P03104,Ramesh Velu,36,M,160.4,61.0,B-,+917039742326,49460781829521,Madurai,Melur,2026-06-26
P03105,Manoj Murugan,22,M,163.0,83.2,O+,+918040169158,11547970499883,Madurai,Melur,2026-06-14
P03106,Arun Velu,68,M,168.2,46.7,A+,+919040869296,95432845129938,Madurai,Melur,2026-06-12
P03107,Nithya Murugan,24,F,138.0,57.4,O+,+919865641040,42730092018870,Madurai,Melur,2026-06-29
P03108,Geetha Chettiar,45,F,148.0,45.7,B+,+918046462439,01162801680732,Madurai,Melur,2026-07-11
P03109,Karthik Natarajan,45,M,156.8,53.4,AB-,+918019955928,88906650565534,Madurai,Melur,2026-07-17
P03110,Gopal Murugan,57,M,169.3,67.1,AB+,+917071015389,27753995431611,Madurai,Melur,2026-07-14
P03111,Meena Perumal,30,F,152.9,54.6,O-,+918086045851,30044922946897,Madurai,Melur,2026-06-12
P03112,Meena Pillai,66,F,149.4,49.1,O-,+919814873332,01092073786655,Madurai,Melur,2026-06-27
P03113,Sowmya Krishnan,57,F,148.1,68.7,B-,+919019286585,38651767372725,Madurai,Melur,2026-06-11
P03114,Praveen Pillai,36,M,160.8,69.7,B+,+917058297666,10099912998248,Madurai,Melur,2026-07-10
P03115,Malar Raman,60,F,161.8,64.4,AB-,+919821477571,09120459387959,Madurai,Melur,2026-06-21
P03116,Revathi Rajan,44,F,156.8,75.4,O+,+919883395461,19662300373637,Madurai,Melur,2026-06-21
P03117,Geetha Raman,8,F,156.8,62.4,AB-,+919882591060,33682614464557,Madurai,Melur,2026-06-05
P03118,Lakshmi Iyer,39,F,157.3,55.2,AB+,+919884987103,97427571489125,Madurai,Melur,2026-07-27
P03119,Padma Naidu,43,F,157.7,51.3,O+,+919843756465,01586684927254,Madurai,Melur,2026-07-09
P03120,Deepa Iyer,44,F,157.8,52.0,O+,+917028558088,30891229439715,Madurai,Melur,2026-07-04
P03121,Manoj Reddy,45,M,167.8,71.8,B+,+917018284670,94017749192832,Madurai,Melur,2026-06-20
P03122,Priya Sundaram,29,F,141.5,49.0,AB-,+917033773615,49116993478776,Madurai,Melur,2026-06-08
P03123,Dinesh Raman,22,M,159.3,64.7,AB-,+918025827625,78219279006846,Madurai,Melur,2026-07-09
P03124,Nithya Subramaniam,20,F,159.1,70.7,AB-,+919835605131,58731113549258,Madurai,Melur,2026-06-16
P03125,Revathi Pillai,22,F,156.3,65.2,B-,+918081997874,15613682332904,Madurai,Melur,2026-06-20
P03126,Radha Natarajan,1,F,164.7,58.3,O+,+917073107758,24801879997179,Madurai,Melur,2026-06-19
P03127,Gopal Natarajan,24,M,163.5,89.3,A-,+917058176868,27507361320406,Madurai,Melur,2026-06-11
P03128,Naveen Nair,58,M,167.4,42.3,A-,+919885564059,91113073661967,Madurai,Melur,2026-06-13
P03129,Elango Perumal,16,M,159.9,85.5,A-,+919833242334,66714168265970,Madurai,Melur,2026-07-09
P03130,Manoj Iyer,30,M,147.5,74.4,AB-,+917099628278,21519709627316,Madurai,Melur,2026-07-29
P03131,Suganya Iyer,41,F,160.8,51.8,AB+,+919879738465,61784054851206,Madurai,Melur,2026-07-24
P03132,Gopal Gounder,33,M,170.5,73.3,AB-,+917024279329,44987715892781,Madurai,Melur,2026-07-23
P03133,Kumar Murugan,28,M,155.1,67.0,AB-,+918066339403,86421511261091,Madurai,Melur,2026-07-07
P03134,Selvam Velu,66,M,160.5,63.8,O-,+918091456987,98376732642667,Madurai,Melur,2026-07-02
P03135,Kavya Balasubramaniam,39,F,158.3,77.8,O+,+918047934519,07162766478486,Madurai,Melur,2026-06-22
P03136,Praveen Murugan,22,M,160.0,55.9,A+,+919863932674,60297294513560,Madurai,Melur,2026-06-08
P03137,Karthik Sundaram,50,M,167.9,52.9,O-,+919010170333,36326237505432,Madurai,Melur,2026-06-05
P03138,Gopal Shanmugam,35,M,164.8,63.3,O+,+919834471441,40683759458702,Madurai,Melur,2026-06-11
P03139,Naveen Reddy,38,M,156.0,65.9,A+,+917065380076,74158679524087,Madurai,Melur,2026-06-22
P03140,Uma Raman,32,F,158.6,49.0,AB-,+919076017935,64496392148196,Madurai,Melur,2026-07-25
P03141,Deepa Velu,45,F,160.6,76.3,O-,+919053395338,19160022265679,Madurai,Melur,2026-07-20
P03142,Saravanan Pillai,15,M,161.2,68.1,AB-,+917050536189,80896586146921,Madurai,Melur,2026-06-15
P03143,Bala Balasubramaniam,45,M,160.4,58.6,O+,+917032873261,28767044471869,Madurai,Melur,2026-07-19
P03144,Lakshmi Naidu,17,F,151.9,50.7,A+,+917078116302,62835571427093,Madurai,Melur,2026-07-09
P03145,Kumar Rajan,14,M,157.7,68.9,B-,+919038780311,24126662068566,Madurai,Melur,2026-06-22
P03146,Vignesh Perumal,35,M,172.3,48.2,O-,+919019210640,11120150261554,Madurai,Melur,2026-06-01
P03147,Saravanan Murugan,1,M,169.1,41.3,A+,+919058029168,28876468809049,Madurai,Melur,2026-07-12
P03148,Meena Perumal,50,F,156.1,60.4,O-,+919061605335,41372811223144,Madurai,Melur,2026-07-16
P03149,Uma Naidu,55,F,152.2,50.6,O-,+919854190534,26570056284432,Madurai,Melur,2026-06-21
P03150,Suresh Sundaram,37,M,160.8,40.1,A+,+919833891547,93956136151003,Madurai,Melur,2026-06-06
P03151,Kavya Raman,36,F,166.3,51.9,AB+,+919814883766,07757155562394,Madurai,Melur,2026-07-22
P03152,Yamuna Murugan,33,F,140.4,70.8,O+,+919071279564,85909519809599,Madurai,Melur,2026-07-25
P03153,Naveen Iyer,35,M,166.2,66.4,O-,+917017347863,31530870330246,Madurai,Melur,2026-07-24
P03154,Vidya Shanmugam,47,F,162.4,52.3,AB-,+917067030254,41080910729967,Madurai,Melur,2026-07-10
P03155,Elango Krishnan,51,M,177.3,54.0,B-,+919037247718,49171003570583,Madurai,Melur,2026-06-22
P03156,Kumar Naidu,35,M,176.3,61.1,B-,+919848168059,75063685399286,Madurai,Melur,2026-06-20
P03157,Suresh Murugan,21,M,172.4,54.1,O-,+918057789869,64165064330540,Madurai,Melur,2026-06-17
P03158,Malar Iyer,1,F,148.0,53.1,AB+,+918071215394,25639300922411,Madurai,Melur,2026-06-18
P03159,Revathi Pillai,21,F,156.3,54.3,AB-,+919031039256,11521926936099,Madurai,Melur,2026-07-02
P03160,Yamuna Subramaniam,19,F,160.0,59.9,O-,+917041220093,10398688635941,Madurai,Melur,2026-07-10
P03161,Elango Reddy,42,M,176.8,53.9,O-,+918072478582,70964225638516,Madurai,Melur,2026-07-19
P03162,Prakash Murugan,40,M,168.7,63.3,O+,+919027763214,38145403274154,Madurai,Melur,2026-06-05
P03163,Padma Murugan,37,F,159.6,53.5,B+,+917073123663,44114862978328,Madurai,Melur,2026-06-09
P03164,Anitha Pillai,45,F,150.7,71.0,AB+,+919817677994,40098936870172,Madurai,Melur,2026-07-19
P03165,Elango Reddy,64,M,161.3,55.8,O+,+917018333365,05431222649232,Madurai,Melur,2026-07-21
P03166,Uma Krishnan,35,F,160.8,72.7,B-,+918050885421,76499523253774,Madurai,Melur,2026-07-20
P03167,Saravanan Gounder,48,M,171.9,54.0,O-,+917048476334,54626055385558,Madurai,Melur,2026-07-06
P03168,Malar Krishnan,44,F,165.6,56.5,B-,+919073315593,74499585391113,Madurai,Melur,2026-07-17
P03169,Ramesh Pillai,49,M,151.1,79.0,AB+,+917096977458,76251973102983,Madurai,Melur,2026-06-06
P03170,Vignesh Perumal,65,M,169.4,64.3,A-,+917017413977,74988871054840,Madurai,Melur,2026-06-21
P03171,Geetha Velu,45,F,139.1,66.9,AB+,+919854392561,81539362233936,Madurai,Melur,2026-06-04
P03172,Sowmya Reddy,3,F,156.6,42.5,AB+,+919085576326,20548885073257,Madurai,Melur,2026-06-18
P03173,Gopal Nair,15,M,171.4,62.0,AB+,+918058915727,23209966272507,Madurai,Melur,2026-07-01
P03174,Senthil Reddy,33,M,177.5,73.7,A+,+919859035725,88222724859931,Madurai,Melur,2026-06-01
P03175,Padma Chettiar,21,F,154.4,36.1,O+,+917057142552,38676770373796,Madurai,Melur,2026-07-30
P03176,Deepa Sundaram,44,F,159.5,44.3,AB-,+917087179992,99465012357822,Madurai,Melur,2026-06-03
P03177,Karthik Shanmugam,28,M,160.1,80.7,B-,+919016539926,62629536441487,Madurai,Melur,2026-07-30
P03178,Sowmya Naidu,20,F,144.5,64.2,A-,+918060878394,80898809320796,Madurai,Melur,2026-06-22
P03179,Uma Iyer,32,F,164.4,67.2,O-,+918090628740,12552500308973,Madurai,Melur,2026-06-23
P03180,Padma Perumal,22,F,156.8,55.2,AB-,+917036698765,32158363039285,Madurai,Melur,2026-06-12
P03181,Malar Perumal,24,F,156.4,69.4,B-,+918062636575,28175060947188,Madurai,Melur,2026-06-19
P03182,Bala Murugan,33,M,161.4,54.4,B-,+917088573391,14296730746863,Madurai,Melur,2026-07-10
P03183,Geetha Pillai,28,F,169.6,87.5,B+,+919871323343,94917655898823,Madurai,Melur,2026-06-30
P03184,Muthu Pillai,55,M,161.2,68.6,O+,+917080032033,56233383167290,Madurai,Melur,2026-06-03
P03185,Karthik Naidu,38,M,169.4,69.4,A-,+919021586675,30745529003592,Madurai,Melur,2026-07-02
P03186,Karthik Shanmugam,24,M,181.8,57.9,B-,+918098401119,26303078371642,Madurai,Melur,2026-07-12
P03187,Padma Shanmugam,41,F,147.0,74.1,A-,+918035342448,31603089925631,Madurai,Melur,2026-07-12
P03188,Manoj Subramaniam,69,M,164.6,67.4,B-,+917078299031,04027617781289,Madurai,Melur,2026-06-11
P03189,Vignesh Chettiar,38,M,170.6,73.5,A-,+919877022969,81621427656570,Madurai,Melur,2026-07-13
P03190,Meena Sundaram,32,F,152.3,60.1,B-,+919017384587,21421061141064,Madurai,Melur,2026-06-17
P03191,Divya Iyer,26,F,163.1,76.2,O+,+919058230049,16194653709238,Madurai,Melur,2026-06-17
P03192,Anitha Gounder,39,F,147.5,48.9,B+,+918061076793,77098953425170,Madurai,Melur,2026-06-16
P03193,Ramesh Pillai,48,M,176.7,41.5,O-,+919056991068,24899308713016,Madurai,Melur,2026-07-14
P03194,Muthu Murugan,37,M,171.9,54.6,A-,+918018790801,26109061029674,Madurai,Melur,2026-06-02
P03195,Sowmya Chettiar,53,F,146.7,55.5,A-,+919841253478,93483557490857,Madurai,Melur,2026-06-19
P03196,Sangeetha Pillai,39,F,164.2,56.8,O-,+919065022396,48964322469631,Madurai,Melur,2026-07-02
P03197,Dinesh Nair,27,M,173.8,64.4,AB+,+918043759220,30926204824015,Madurai,Melur,2026-07-10
P03198,Manoj Krishnan,37,M,177.3,73.8,A-,+919842002223,32471525899967,Madurai,Melur,2026-07-05
P03199,Ramesh Perumal,29,M,161.6,65.5,A-,+919096487708,84073431908573,Madurai,Melur,2026-07-20
P03200,Malar Sundaram,14,F,138.4,77.4,AB-,+919083812814,97015422709557,Madurai,Melur,2026-07-19
P03201,Lakshmi Rajan,61,F,144.9,71.9,B-,+919883666659,89089643538201,Madurai,Melur,2026-07-27
P03202,Anitha Naidu,69,F,146.2,58.9,O+,+917019308288,53091270736620,Madurai,Melur,2026-06-06
P03203,Suganya Natarajan,19,F,144.2,61.6,A+,+919873160152,45071623925265,Madurai,Melur,2026-07-27
P03204,Kalaivani Natarajan,45,F,149.4,72.7,AB+,+917024882947,20056555304074,Madurai,Melur,2026-07-31
P03205,Elango Raman,21,M,157.3,58.1,AB-,+919091335299,33592423844823,Madurai,Melur,2026-07-13
P03206,Gopal Murugan,35,M,163.8,64.5,A+,+919837020386,78118689383954,Madurai,Melur,2026-07-18
P03207,Vignesh Shanmugam,35,M,172.1,67.6,O+,+917039278080,84058870491931,Madurai,Melur,2026-06-05
P03208,Kalaivani Pillai,10,F,156.1,66.6,O-,+917092596020,62334405938983,Madurai,Melur,2026-06-13
P03209,Praveen Rajan,50,M,163.9,59.1,A+,+919083747352,29989598148805,Madurai,Melur,2026-07-13
P03210,Suganya Velu,19,F,161.7,62.5,O+,+918034553345,73006364704870,Madurai,Melur,2026-07-02
P03211,Geetha Pillai,49,F,146.5,35.8,B+,+919094481185,47633779938047,Madurai,Melur,2026-07-30
P03212,Elango Sundaram,4,M,176.6,80.0,A+,+919089473298,19179970579731,Madurai,Melur,2026-06-13
P03213,Ashok Nair,8,M,164.7,60.5,B+,+919059323079,78419032221138,Madurai,Melur,2026-06-15
P03214,Geetha Velu,38,F,141.9,40.4,AB+,+917073386263,09419572416858,Madurai,Melur,2026-06-05
P03215,Divya Krishnan,19,F,166.5,55.7,O-,+918051490896,05347492308107,Madurai,Melur,2026-07-03
P03216,Praveen Raman,14,M,164.0,77.2,AB-,+918062101937,74533962599917,Madurai,Melur,2026-06-05
P03217,Vignesh Natarajan,15,M,150.9,54.6,B-,+919831649887,26386171681383,Madurai,Melur,2026-07-26
P03218,Meena Raman,39,F,141.1,54.6,O-,+918050008556,50357835421135,Madurai,Melur,2026-07-03
P03219,Lakshmi Rajan,24,F,149.6,54.6,AB-,+919891140721,84315227911074,Madurai,Melur,2026-06-02
P03220,Uma Gounder,51,F,143.8,80.8,A+,+918097805594,00686523204204,Madurai,Melur,2026-06-26
P03221,Ravi Reddy,46,M,170.2,66.4,O-,+917020108720,36724508932008,Madurai,Melur,2026-06-11
P03222,Sangeetha Rajan,36,F,164.7,46.7,B+,+917086435527,32694464310291,Madurai,Melur,2026-07-14
P03223,Bala Balasubramaniam,58,M,166.6,49.6,A-,+919879928298,62089279979348,Madurai,Melur,2026-06-14
P03224,Gopal Naidu,4,M,167.8,73.1,B+,+919877483384,90175017754750,Madurai,Melur,2026-06-02
P03225,Ravi Pillai,1,M,144.0,81.2,O-,+919835672997,66409680120039,Madurai,Melur,2026-07-25
P03226,Manoj Natarajan,16,M,174.5,61.5,A+,+919069465735,65954408888503,Madurai,Melur,2026-07-31
P03227,Divya Shanmugam,58,F,170.2,55.5,A+,+919084830557,29604620873843,Madurai,Melur,2026-07-26
P03228,Praveen Reddy,36,M,168.8,75.0,B-,+919866462162,82523815474329,Madurai,Melur,2026-06-26
P03229,Malar Gounder,69,F,151.2,52.6,O-,+917068462615,54139074432979,Madurai,Melur,2026-07-24
P03230,Vignesh Nair,48,M,164.8,64.2,A-,+918041533785,70322888970260,Madurai,Melur,2026-07-28
P03231,Ravi Reddy,31,M,161.7,47.0,A-,+917061785804,97775323863773,Madurai,Melur,2026-06-02
P03232,Geetha Rajan,52,F,154.5,51.3,AB-,+918032719914,80436917423808,Madurai,Melur,2026-06-29
P03233,Geetha Pillai,31,F,152.9,72.6,AB-,+919052830923,52753700410233,Madurai,Melur,2026-07-07
P03234,Divya Murugan,36,F,156.5,42.8,AB+,+918075867760,70389313649036,Madurai,Melur,2026-06-19
P03235,Revathi Murugan,20,F,157.6,44.2,A+,+917015233560,18554057448703,Madurai,Melur,2026-07-08
P03236,Saravanan Balasubramaniam,35,M,161.8,51.8,O+,+917073646046,92328533736230,Madurai,Melur,2026-07-01
P03237,Sangeetha Nair,39,F,146.9,77.2,AB+,+919890980505,31858521862539,Madurai,Melur,2026-06-04
P03238,Geetha Balasubramaniam,23,F,160.0,54.4,O+,+918027954368,43490934269263,Madurai,Melur,2026-06-17
P03239,Uma Reddy,37,F,165.3,63.8,O-,+919811460022,19377286756680,Madurai,Melur,2026-06-02
P03240,Sangeetha Pillai,38,F,157.5,68.3,A+,+919824030269,78065502647223,Madurai,Melur,2026-07-15
P03241,Arun Natarajan,36,M,173.2,63.1,AB+,+919075416911,96675813434477,Madurai,Melur,2026-06-10
P03242,Sowmya Velu,48,F,154.9,49.3,AB+,+918069922552,86120459776740,Madurai,Melur,2026-07-16
P03243,Yamuna Nair,8,F,142.9,78.8,O-,+917091037151,11556529278136,Madurai,Melur,2026-07-30
P03244,Saravanan Sundaram,44,M,164.5,80.1,AB-,+919891684020,33839502786263,Madurai,Melur,2026-07-20
P03245,Prakash Natarajan,37,M,168.5,52.1,O-,+917050234379,12011906773685,Madurai,Melur,2026-06-13
P03246,Muthu Natarajan,81,M,161.1,53.2,AB+,+917025515563,55849738400811,Madurai,Melur,2026-07-20
P03247,Gopal Sundaram,31,M,168.5,66.2,AB+,+919880175362,61986645338373,Madurai,Melur,2026-07-28
P03248,Muthu Natarajan,41,M,175.4,80.1,AB+,+917035918526,10777353396414,Madurai,Melur,2026-07-23
P03249,Sowmya Shanmugam,55,F,159.9,59.1,A+,+918071414655,20993525120987,Madurai,Melur,2026-07-24
P03250,Padma Krishnan,17,F,145.0,81.5,A+,+919073704463,58701280870341,Madurai,Melur,2026-06-26
P03251,Dinesh Krishnan,20,M,171.3,69.7,A-,+919036026616,52780056088638,Madurai,Melur,2026-07-04
P03252,Geetha Reddy,41,F,172.4,73.5,A-,+919045279550,74690579232183,Madurai,Melur,2026-06-09
P03253,Yamuna Gounder,10,F,156.5,66.4,B-,+919060354118,24195178631892,Madurai,Melur,2026-07-04
P03254,Uma Sundaram,27,F,144.0,56.1,AB-,+919870976063,37995688085966,Madurai,Melur,2026-07-06
P03255,Nithya Perumal,64,F,169.7,63.1,AB-,+919846097460,80105118426410,Madurai,Melur,2026-07-15
P03256,Senthil Gounder,27,M,175.1,84.8,O-,+919095347635,78808352627382,Madurai,Melur,2026-06-24
P03257,Radha Iyer,11,F,164.1,41.0,O-,+917093043210,17926119809560,Madurai,Melur,2026-06-03
P03258,Anitha Gounder,48,F,148.4,44.8,B+,+918067881300,73654019731112,Madurai,Melur,2026-07-17
P03259,Praveen Murugan,43,M,161.3,57.7,AB-,+919099780305,19938927334095,Madurai,Melur,2026-06-26
P03260,Anitha Gounder,40,F,155.2,67.9,B+,+919867630270,24299663907426,Madurai,Melur,2026-07-08
P03261,Malar Raman,44,F,164.0,54.5,A+,+918039864561,70609314173361,Madurai,Melur,2026-06-10
P03262,Suresh Shanmugam,32,M,165.6,73.4,O+,+919094776351,49751523858972,Madurai,Melur,2026-07-06
P03263,Revathi Iyer,69,F,156.9,68.2,B+,+918070459050,09031346443901,Madurai,Melur,2026-06-05
P03264,Kalaivani Shanmugam,25,F,152.4,50.3,B-,+918027931732,65090128184893,Madurai,Melur,2026-07-07
P03265,Lakshmi Krishnan,30,F,165.3,61.2,AB+,+919887220298,91346806065612,Madurai,Melur,2026-07-25
P03266,Gopal Iyer,25,M,160.6,52.6,AB+,+919834140889,34068877275386,Madurai,Melur,2026-06-20
P03267,Nithya Iyer,11,F,151.3,48.7,A-,+917078502989,93169823799534,Madurai,Melur,2026-06-14
P03268,Ashok Velu,1,M,157.3,40.5,A+,+919840092407,52675652980530,Madurai,Melur,2026-06-22
P03269,Arun Rajan,36,M,165.6,74.4,A-,+917013085040,19950098726462,Madurai,Melur,2026-06-28
P03270,Kavya Raman,39,F,168.9,73.5,O-,+918054740542,41572397424742,Madurai,Melur,2026-06-23
P03271,Padma Reddy,30,F,154.1,69.8,AB+,+919022027976,98465631603288,Madurai,Melur,2026-07-10
P03272,Geetha Reddy,15,F,145.4,31.3,A-,+919826964145,63528828082314,Madurai,Melur,2026-07-01
P03273,Vignesh Krishnan,74,M,164.2,95.3,A+,+918087190991,89042698087825,Madurai,Melur,2026-06-23
P03274,Kumar Natarajan,49,M,164.3,79.0,O-,+917068449418,16131217888816,Madurai,Melur,2026-06-01
P03275,Vignesh Nair,4,M,176.8,54.6,B-,+918081155439,44461179549571,Madurai,Melur,2026-07-19
P03276,Saravanan Reddy,24,M,163.9,65.6,A-,+919035823772,61451831321816,Madurai,Melur,2026-07-10
P03277,Meena Raman,43,F,148.7,34.9,A+,+919827168159,60768516406400,Madurai,Melur,2026-06-26
P03278,Nithya Reddy,18,F,137.9,49.4,O-,+917028026898,82729428981166,Madurai,Melur,2026-07-16
P03279,Revathi Iyer,47,F,145.0,63.0,O-,+919076477866,48591337599334,Madurai,Melur,2026-07-18
P03280,Geetha Shanmugam,50,F,156.2,50.5,A-,+919825003798,69467568929247,Madurai,Melur,2026-06-14
P03281,Uma Murugan,17,F,153.9,49.5,B-,+917053452532,46367621360629,Madurai,Melur,2026-06-29
P03282,Suganya Natarajan,61,F,159.6,43.5,B+,+919828141267,45576999875119,Madurai,Melur,2026-07-30
P03283,Deepa Sundaram,2,F,152.2,49.3,A+,+917051862283,47159977194459,Madurai,Melur,2026-06-26
P03284,Suganya Krishnan,12,F,166.1,57.6,AB-,+919851464343,18412640535293,Madurai,Melur,2026-06-06
P03285,Karthik Rajan,51,M,171.7,53.2,AB-,+918025999350,86453261691749,Madurai,Melur,2026-07-15
P03286,Ramesh Nair,27,M,158.0,52.4,AB-,+917079426431,05547006887302,Madurai,Melur,2026-06-23
P03287,Revathi Velu,35,F,153.5,51.1,O+,+917087668208,76282712882631,Madurai,Melur,2026-06-16
P03288,Elango Nair,53,M,164.1,52.8,O-,+919016244535,77488168204328,Madurai,Melur,2026-07-05
P03289,Elango Reddy,51,M,171.7,69.0,B+,+919881950515,94378872427581,Madurai,Melur,2026-07-19
P03290,Lakshmi Rajan,67,F,162.8,59.8,A+,+919038773514,16470594887534,Madurai,Melur,2026-07-24
P03291,Muthu Subramaniam,12,M,166.2,72.0,AB+,+918029269334,28171082281940,Madurai,Melur,2026-07-11
P03292,Elango Subramaniam,33,M,168.0,79.9,B-,+918061538929,78358845490867,Madurai,Melur,2026-07-01
P03293,Manoj Pillai,44,M,176.6,80.6,AB+,+919863342304,47583356638828,Madurai,Melur,2026-07-15
P03294,Kumar Balasubramaniam,19,M,165.4,66.4,AB-,+919875192513,30842985077023,Madurai,Melur,2026-06-26
P03295,Revathi Velu,11,F,152.1,56.3,B-,+918012560262,15461214912286,Madurai,Melur,2026-06-28
P03296,Meena Naidu,24,F,159.4,74.4,B+,+919852814254,11858020231521,Madurai,Melur,2026-06-17
P03297,Karthik Pillai,21,M,161.5,80.2,O+,+918053560106,97309806572738,Madurai,Melur,2026-06-10
P03298,Muthu Subramaniam,71,M,174.9,76.2,AB+,+918034473001,45405360656815,Madurai,Melur,2026-07-06
P03299,Anitha Pillai,14,F,144.3,37.4,AB-,+919834416692,96229234671844,Madurai,Melur,2026-07-14
P03300,Sangeetha Reddy,33,F,162.7,63.8,B-,+917098451708,76674001847669,Madurai,Melur,2026-06-09
P03301,Suganya Krishnan,46,F,164.7,88.2,O+,+919861353675,52056224718038,Madurai,Vadipatti,2026-06-10
P03302,Praveen Natarajan,44,M,170.3,43.4,A-,+917048463571,58260960075079,Madurai,Vadipatti,2026-07-11
P03303,Malar Raman,19,F,168.9,71.5,AB+,+919876280027,74818930163684,Madurai,Vadipatti,2026-06-30
P03304,Praveen Chettiar,64,M,177.3,45.4,AB+,+917083432644,91355965727287,Madurai,Vadipatti,2026-07-27
P03305,Muthu Natarajan,26,M,157.1,79.7,AB+,+918041836046,80267094618677,Madurai,Vadipatti,2026-07-17
P03306,Saravanan Murugan,22,M,170.9,56.5,A-,+919066367730,04991293632280,Madurai,Vadipatti,2026-07-19
P03307,Suresh Chettiar,18,M,158.3,44.0,O+,+919830250629,09673866751965,Madurai,Vadipatti,2026-07-24
P03308,Arun Gounder,35,M,157.6,69.1,B+,+919850492955,99143839750530,Madurai,Vadipatti,2026-06-30
P03309,Manoj Reddy,42,M,172.6,96.7,AB+,+919825012106,51188882703224,Madurai,Vadipatti,2026-07-28
P03310,Dinesh Natarajan,35,M,165.2,68.4,O+,+919059548927,76639408192758,Madurai,Vadipatti,2026-07-27
P03311,Sangeetha Nair,27,F,137.8,46.5,B+,+919899958045,01924675957963,Madurai,Vadipatti,2026-06-20
P03312,Suresh Chettiar,39,M,143.1,70.3,O-,+917072248997,08716508170376,Madurai,Vadipatti,2026-07-31
P03313,Kumar Naidu,40,M,169.7,83.1,O-,+918082995201,45542724475398,Madurai,Vadipatti,2026-06-28
P03314,Kavya Krishnan,76,F,147.8,46.4,A-,+919079519824,29237925996865,Madurai,Vadipatti,2026-07-18
P03315,Selvam Perumal,35,M,166.3,68.1,AB+,+919022702627,15035558180066,Madurai,Vadipatti,2026-06-23
P03316,Gopal Balasubramaniam,31,M,155.4,83.4,B+,+917035206094,60084380063993,Madurai,Vadipatti,2026-07-19
P03317,Meena Raman,7,F,152.4,65.6,AB-,+919832667622,19163091651680,Madurai,Vadipatti,2026-07-15
P03318,Selvam Chettiar,23,M,163.9,78.6,O-,+919899381791,00935871702005,Madurai,Vadipatti,2026-06-07
P03319,Sangeetha Perumal,53,F,152.2,54.7,A+,+917097572103,52994232554334,Madurai,Vadipatti,2026-07-05
P03320,Suresh Nair,30,M,162.9,57.4,O+,+918010975098,25833036132276,Madurai,Vadipatti,2026-07-12
P03321,Saravanan Reddy,63,M,155.6,58.6,AB-,+918011604859,98110780876678,Madurai,Vadipatti,2026-07-12
P03322,Nithya Chettiar,19,F,142.4,88.0,B-,+919071737488,84370118033613,Madurai,Vadipatti,2026-06-13
P03323,Lakshmi Gounder,44,F,167.2,52.2,B-,+919023088574,16378457362530,Madurai,Vadipatti,2026-06-21
P03324,Ashok Raman,54,M,163.7,82.3,B+,+919841712879,22699272870229,Madurai,Vadipatti,2026-07-22
P03325,Divya Raman,37,F,153.6,55.7,B+,+918091252528,40996567895645,Madurai,Vadipatti,2026-07-25
P03326,Karthik Gounder,22,M,165.5,52.1,B+,+918085270241,44221384332133,Madurai,Vadipatti,2026-06-14
P03327,Selvam Velu,57,M,157.3,58.4,A+,+918013877235,29309587202075,Madurai,Vadipatti,2026-07-10
P03328,Selvam Subramaniam,77,M,179.5,72.1,AB+,+918021248371,86062314387443,Madurai,Vadipatti,2026-06-12
P03329,Kavya Balasubramaniam,39,F,154.2,59.5,AB+,+918011922072,09763252739767,Madurai,Vadipatti,2026-06-27
P03330,Sowmya Pillai,54,F,151.7,56.4,O+,+918011054666,37569414314013,Madurai,Vadipatti,2026-07-31
P03331,Deepa Natarajan,33,F,148.5,69.3,A-,+919035152786,84088856380285,Madurai,Vadipatti,2026-07-16
P03332,Muthu Murugan,34,M,177.3,73.5,AB+,+919084385587,51559648703218,Madurai,Vadipatti,2026-06-04
P03333,Geetha Shanmugam,62,F,156.0,55.3,O+,+918041102229,59402169806813,Madurai,Vadipatti,2026-07-06
P03334,Radha Iyer,9,F,151.2,52.2,B+,+919048540030,62655615772355,Madurai,Vadipatti,2026-07-16
P03335,Elango Nair,47,M,164.4,61.5,AB-,+917057418687,99446173536068,Madurai,Vadipatti,2026-06-19
P03336,Priya Sundaram,64,F,163.8,53.2,AB-,+919010636844,91260287007110,Madurai,Vadipatti,2026-07-14
P03337,Kavya Subramaniam,58,F,151.6,63.2,AB+,+917018316104,88148489465411,Madurai,Vadipatti,2026-06-13
P03338,Prakash Sundaram,31,M,162.8,83.8,A+,+919893232625,13821729521866,Madurai,Vadipatti,2026-06-10
P03339,Padma Rajan,28,F,154.5,63.3,AB+,+919865290128,59486378785597,Madurai,Vadipatti,2026-06-27
P03340,Ravi Balasubramaniam,12,M,178.6,48.6,B+,+919079618389,18706337874726,Madurai,Vadipatti,2026-07-20
P03341,Vidya Murugan,36,F,150.3,47.1,O-,+918063544590,40762028207495,Madurai,Vadipatti,2026-06-15
P03342,Revathi Iyer,52,F,161.4,79.0,O+,+919090521874,12314142158254,Madurai,Vadipatti,2026-06-06
P03343,Geetha Iyer,35,F,142.9,64.3,O-,+917017597063,86992051034159,Madurai,Vadipatti,2026-06-14
P03344,Kavya Shanmugam,46,F,155.1,41.3,B-,+919087827482,42835270607714,Madurai,Vadipatti,2026-07-21
P03345,Lakshmi Gounder,30,F,157.7,44.9,B+,+919033248826,23417792117005,Madurai,Vadipatti,2026-07-02
P03346,Arun Raman,53,M,161.3,88.1,A-,+918073337045,17209840270943,Madurai,Vadipatti,2026-06-26
P03347,Prakash Balasubramaniam,32,M,168.2,65.8,A-,+919880186605,62561563688646,Madurai,Vadipatti,2026-07-19
P03348,Radha Velu,13,F,151.1,50.2,A+,+919831476649,85367492818711,Madurai,Vadipatti,2026-06-21
P03349,Praveen Gounder,53,M,160.8,59.1,A-,+917028974807,70645478399049,Madurai,Vadipatti,2026-06-08
P03350,Lakshmi Chettiar,49,F,152.3,54.8,B-,+919888903969,91618502976706,Madurai,Vadipatti,2026-06-16
P03351,Kalaivani Balasubramaniam,37,F,155.9,58.7,AB-,+919897053671,14069260054286,Madurai,Vadipatti,2026-07-19
P03352,Senthil Perumal,42,M,159.7,76.4,O-,+917069487142,44441388258235,Madurai,Vadipatti,2026-06-03
P03353,Radha Pillai,45,F,159.5,62.1,AB-,+919892904443,98904381006310,Madurai,Vadipatti,2026-06-04
P03354,Uma Raman,59,F,165.6,52.1,AB-,+919826699618,40486871690733,Madurai,Vadipatti,2026-07-23
P03355,Manoj Naidu,39,M,162.4,66.5,B+,+917061249534,85098947939836,Madurai,Vadipatti,2026-06-07
P03356,Vidya Pillai,43,F,163.9,48.8,A+,+919814766555,33822382235375,Madurai,Vadipatti,2026-07-11
P03357,Kavya Rajan,16,F,134.6,54.8,A+,+917082962928,87206965776778,Madurai,Vadipatti,2026-07-10
P03358,Suganya Perumal,39,F,166.2,74.4,B-,+919827591643,00663295689865,Madurai,Vadipatti,2026-07-03
P03359,Radha Natarajan,22,F,172.7,40.1,A+,+919818806813,97500381404388,Madurai,Vadipatti,2026-06-16
P03360,Bala Raman,21,M,178.3,77.3,A+,+919081521013,35348584255614,Madurai,Vadipatti,2026-06-05
P03361,Elango Velu,57,M,164.9,56.6,A+,+917080022831,32579816953524,Madurai,Vadipatti,2026-07-26
P03362,Vidya Krishnan,36,F,155.7,41.9,O+,+918054031900,99040193958981,Madurai,Vadipatti,2026-07-19
P03363,Uma Balasubramaniam,39,F,160.1,62.1,O+,+918051872855,25951228695293,Madurai,Vadipatti,2026-07-21
P03364,Senthil Velu,23,M,167.0,67.3,O-,+918023237796,00735901325704,Madurai,Vadipatti,2026-06-10
P03365,Deepa Raman,40,F,151.8,57.6,B+,+919092472827,58885573939742,Madurai,Vadipatti,2026-06-18
P03366,Kavya Velu,47,F,162.5,58.5,B+,+919088773001,91435395956917,Madurai,Vadipatti,2026-06-03
P03367,Senthil Perumal,57,M,162.1,65.3,B-,+919836009307,63015277374811,Madurai,Vadipatti,2026-07-10
P03368,Priya Subramaniam,66,F,153.5,71.8,B+,+917082837734,44090025587825,Madurai,Vadipatti,2026-07-08
P03369,Priya Gounder,40,F,158.7,59.8,AB-,+918094516818,54053340164785,Madurai,Vadipatti,2026-07-26
P03370,Prakash Gounder,48,M,168.5,53.7,B-,+919819269520,98658510214654,Madurai,Vadipatti,2026-06-03
P03371,Arun Velu,9,M,159.7,73.6,A-,+919032896735,50191779879504,Madurai,Vadipatti,2026-06-11
P03372,Radha Nair,83,F,153.7,55.7,B+,+919015930515,17759174890923,Madurai,Vadipatti,2026-07-26
P03373,Elango Raman,35,M,165.8,61.5,AB+,+919816868838,57965273983112,Madurai,Vadipatti,2026-06-02
P03374,Divya Perumal,51,F,141.7,44.9,AB-,+917024754384,62444516961370,Madurai,Vadipatti,2026-06-09
P03375,Selvam Gounder,35,M,179.9,57.0,A-,+919015956288,27439391916545,Madurai,Vadipatti,2026-07-04
P03376,Lakshmi Rajan,16,F,156.5,56.7,B+,+919892325057,58607250933302,Madurai,Vadipatti,2026-06-09
P03377,Dinesh Perumal,49,M,152.3,67.6,O+,+919031706612,81349785752326,Madurai,Vadipatti,2026-06-21
P03378,Kavya Pillai,47,F,156.8,59.6,A-,+919833236570,05025513099962,Madurai,Vadipatti,2026-07-06
P03379,Padma Balasubramaniam,51,F,167.8,67.9,A+,+919812739693,34562155527421,Madurai,Vadipatti,2026-07-10
P03380,Uma Balasubramaniam,37,F,151.6,55.6,O-,+919025387013,90454906547829,Madurai,Vadipatti,2026-07-27
P03381,Naveen Murugan,29,M,176.1,53.1,A-,+919817716069,07498900618020,Madurai,Vadipatti,2026-06-28
P03382,Elango Natarajan,37,M,170.8,72.6,O-,+918025459999,63592444507654,Madurai,Vadipatti,2026-07-28
P03383,Uma Gounder,1,F,152.0,39.0,AB-,+919858664514,14258074221203,Madurai,Vadipatti,2026-07-21
P03384,Priya Pillai,22,F,154.4,36.6,O+,+919035048652,32329142041793,Madurai,Vadipatti,2026-06-01
P03385,Malar Reddy,40,F,161.5,71.7,AB+,+919811560036,90351490333139,Madurai,Vadipatti,2026-07-15
P03386,Bala Balasubramaniam,39,M,174.9,52.1,B+,+917070489318,31156762386582,Madurai,Vadipatti,2026-07-29
P03387,Malar Krishnan,38,F,156.8,67.6,B-,+917038882294,87942634054755,Madurai,Vadipatti,2026-06-05
P03388,Prakash Perumal,47,M,158.3,82.5,B-,+918035151697,99181280919177,Madurai,Vadipatti,2026-06-26
P03389,Manoj Natarajan,68,M,172.4,42.4,O-,+919876617090,85876612177444,Madurai,Vadipatti,2026-06-30
P03390,Muthu Chettiar,32,M,160.6,74.6,AB-,+919090531851,82481328180129,Madurai,Vadipatti,2026-06-29
P03391,Kalaivani Nair,29,F,160.1,56.0,AB+,+919014684800,71491310465274,Madurai,Vadipatti,2026-06-13
P03392,Saravanan Rajan,57,M,171.1,63.4,O+,+918019020877,29038265129472,Madurai,Vadipatti,2026-06-28
P03393,Karthik Subramaniam,27,M,168.2,40.4,A-,+917039297966,91222761584251,Madurai,Vadipatti,2026-07-30
P03394,Gopal Reddy,50,M,173.4,57.0,B+,+918042019345,18583132975703,Madurai,Vadipatti,2026-07-26
P03395,Geetha Murugan,41,F,154.1,52.4,O+,+919051413068,36274818731785,Madurai,Vadipatti,2026-07-26
P03396,Ravi Naidu,41,M,157.9,58.0,AB+,+919026677088,92617586927429,Madurai,Vadipatti,2026-06-11
P03397,Karthik Iyer,40,M,162.7,60.6,A-,+917024240811,17040478737480,Madurai,Vadipatti,2026-06-08
P03398,Priya Iyer,31,F,163.5,72.5,A+,+919842476289,97016316295810,Madurai,Vadipatti,2026-06-30
P03399,Suganya Murugan,14,F,156.4,50.2,AB+,+919816818401,64858884442450,Madurai,Vadipatti,2026-07-02
P03400,Radha Reddy,20,F,153.6,38.2,O-,+918077387218,68451265276673,Madurai,Vadipatti,2026-07-03
P03401,Senthil Chettiar,31,M,169.1,67.8,B+,+917020555456,26818685063458,Madurai,Vadipatti,2026-06-30
P03402,Padma Murugan,31,F,144.4,67.2,A+,+919059294262,68826342423592,Madurai,Vadipatti,2026-07-02
P03403,Radha Nair,41,F,155.1,61.3,AB-,+918053955504,86182114084874,Madurai,Vadipatti,2026-06-14
P03404,Muthu Natarajan,43,M,158.7,70.8,A-,+918019205695,62757332006119,Madurai,Vadipatti,2026-07-21
P03405,Gopal Reddy,15,M,169.4,80.2,A+,+918036062247,35235845963838,Madurai,Vadipatti,2026-07-13
P03406,Divya Velu,28,F,148.2,66.3,A-,+919053874650,56139604751042,Madurai,Vadipatti,2026-07-08
P03407,Sowmya Chettiar,42,F,148.2,46.7,B-,+918055475563,71768538499408,Madurai,Vadipatti,2026-07-04
P03408,Padma Natarajan,31,F,154.5,44.6,B+,+917093333263,27714004640879,Madurai,Vadipatti,2026-06-10
P03409,Selvam Natarajan,50,M,163.3,90.4,O-,+918046319736,52164201180829,Madurai,Vadipatti,2026-07-04
P03410,Kalaivani Iyer,69,F,154.9,73.4,A-,+917097323328,21594633381798,Madurai,Vadipatti,2026-07-12
P03411,Sangeetha Natarajan,67,F,172.5,79.9,A+,+919893437172,05337019363998,Madurai,Vadipatti,2026-06-07
P03412,Suganya Chettiar,16,F,153.3,31.2,AB+,+919067679181,29690545219092,Madurai,Vadipatti,2026-07-28
P03413,Suganya Raman,26,F,155.8,49.2,O+,+919865665371,08307354600797,Madurai,Vadipatti,2026-07-28
P03414,Vidya Perumal,66,F,169.8,66.7,O-,+919846208585,49255933488695,Madurai,Vadipatti,2026-07-01
P03415,Yamuna Natarajan,32,F,156.6,78.8,AB+,+919062362762,53175959627423,Madurai,Vadipatti,2026-07-13
P03416,Vignesh Shanmugam,69,M,161.3,81.7,B-,+919041978293,70375269685753,Madurai,Vadipatti,2026-07-28
P03417,Prakash Gounder,19,M,172.4,68.5,B-,+918075004138,66163984811722,Madurai,Vadipatti,2026-07-06
P03418,Nithya Perumal,51,F,165.6,72.5,A-,+919038027525,24606398180855,Madurai,Vadipatti,2026-07-01
P03419,Revathi Velu,52,F,167.2,74.9,A+,+917075171709,89493506177238,Madurai,Vadipatti,2026-07-16
P03420,Praveen Reddy,38,M,172.3,67.2,AB+,+919070501507,96810320224017,Madurai,Vadipatti,2026-06-08
P03421,Selvam Reddy,28,M,155.8,57.3,B-,+917029146956,46740094043781,Madurai,Vadipatti,2026-07-11
P03422,Sangeetha Gounder,62,F,164.6,64.8,AB+,+917065325334,34051300572395,Madurai,Vadipatti,2026-07-04
P03423,Manoj Sundaram,56,M,185.2,70.5,AB-,+917066183194,29968175481442,Madurai,Vadipatti,2026-06-15
P03424,Vignesh Pillai,45,M,167.8,86.6,O-,+919816560170,23247468792718,Madurai,Vadipatti,2026-07-29
P03425,Sowmya Natarajan,33,F,157.4,50.0,AB-,+917085004839,78417867939369,Madurai,Vadipatti,2026-06-23
P03426,Prakash Rajan,40,M,153.2,56.5,AB-,+918014003081,20352104811468,Madurai,Vadipatti,2026-07-27
P03427,Praveen Gounder,39,M,174.9,92.9,A-,+918080275903,63492352493710,Madurai,Vadipatti,2026-07-17
P03428,Geetha Rajan,19,F,161.5,65.1,A-,+917043552277,01640403976211,Madurai,Vadipatti,2026-07-22
P03429,Suresh Pillai,33,M,165.9,65.9,O+,+918019385970,99120624418501,Madurai,Vadipatti,2026-07-08
P03430,Divya Rajan,77,F,157.4,38.9,A+,+919076368080,56811343153293,Madurai,Vadipatti,2026-07-13
P03431,Vignesh Nair,37,M,170.8,78.0,B-,+919091823338,63472624719391,Madurai,Vadipatti,2026-07-12
P03432,Sangeetha Chettiar,59,F,146.5,86.0,A+,+919828148594,40364800254064,Madurai,Vadipatti,2026-06-29
P03433,Padma Balasubramaniam,28,F,147.3,55.1,O-,+918031077863,91236556441493,Madurai,Vadipatti,2026-06-10
P03434,Prakash Raman,42,M,177.8,68.8,B-,+918044088058,03092283436445,Madurai,Vadipatti,2026-06-24
P03435,Radha Sundaram,34,F,155.8,64.5,O-,+917048508014,94066446515717,Madurai,Vadipatti,2026-06-03
P03436,Vignesh Perumal,3,M,157.2,32.9,B-,+919087593805,28445507429828,Madurai,Vadipatti,2026-06-01
P03437,Karthik Raman,44,M,173.7,56.6,A-,+917054154067,68977903649644,Madurai,Vadipatti,2026-06-02
P03438,Manoj Velu,31,M,169.5,63.9,AB+,+918077114051,69797934859635,Madurai,Vadipatti,2026-07-31
P03439,Kavya Velu,60,F,165.2,48.3,A+,+919071429149,94815758100154,Madurai,Vadipatti,2026-06-21
P03440,Uma Balasubramaniam,13,F,152.2,59.1,B-,+919886514700,84800203287078,Madurai,Vadipatti,2026-06-17
P03441,Kavya Iyer,33,F,146.1,54.7,O-,+917090287546,15573222232601,Madurai,Vadipatti,2026-07-22
P03442,Yamuna Perumal,7,F,160.4,52.3,B-,+918018101454,99124234839061,Madurai,Vadipatti,2026-06-26
P03443,Uma Balasubramaniam,40,F,146.9,56.1,B-,+917027958235,39484771467339,Madurai,Vadipatti,2026-07-03
P03444,Elango Krishnan,28,M,162.1,60.7,A-,+918030980089,74031694743418,Madurai,Vadipatti,2026-07-18
P03445,Bala Murugan,67,M,161.6,73.8,O-,+917029092024,18645982194151,Madurai,Vadipatti,2026-06-28
P03446,Vidya Murugan,23,F,137.5,75.1,A+,+919050413889,03032535559953,Madurai,Vadipatti,2026-07-03
P03447,Vidya Raman,50,F,167.4,77.9,A+,+919849436524,20922597396707,Madurai,Vadipatti,2026-06-21
P03448,Manoj Murugan,34,M,177.1,70.0,B-,+917040058974,22323543374536,Madurai,Vadipatti,2026-06-02
P03449,Meena Nair,12,F,163.4,43.5,A-,+919839593586,82459622397248,Madurai,Vadipatti,2026-07-27
P03450,Lakshmi Velu,55,F,156.7,70.4,A+,+919888165498,39105150710816,Madurai,Vadipatti,2026-07-18
P03451,Divya Subramaniam,49,F,170.1,42.3,B-,+918018317127,92835342495015,Madurai,Vadipatti,2026-06-24
P03452,Karthik Sundaram,25,M,162.5,47.2,O+,+919826396151,57799324696492,Madurai,Vadipatti,2026-06-01
P03453,Priya Pillai,44,F,164.3,48.8,B+,+919860625490,99300547642494,Madurai,Vadipatti,2026-07-03
P03454,Geetha Murugan,18,F,161.5,70.0,B-,+918055269180,51266917827297,Madurai,Vadipatti,2026-07-24
P03455,Arun Nair,52,M,170.5,59.4,B+,+919840715957,16501240403417,Madurai,Vadipatti,2026-06-28
P03456,Meena Chettiar,16,F,167.0,58.5,AB-,+919874469719,93864047042086,Madurai,Vadipatti,2026-07-02
P03457,Sowmya Naidu,34,F,145.8,50.4,B-,+917020193783,22694153543187,Madurai,Vadipatti,2026-07-15
P03458,Karthik Shanmugam,35,M,158.0,51.2,B+,+918018761472,62593224084074,Madurai,Vadipatti,2026-07-19
P03459,Vignesh Rajan,24,M,163.8,70.8,B+,+919847083515,40291332276039,Madurai,Vadipatti,2026-06-16
P03460,Ashok Rajan,42,M,167.9,50.2,A+,+919844626634,38551299866318,Madurai,Vadipatti,2026-07-30
P03461,Naveen Raman,16,M,184.7,65.5,O+,+919836859703,50773188593775,Madurai,Vadipatti,2026-06-29
P03462,Saravanan Krishnan,35,M,167.1,80.8,O-,+918035937165,24335069844338,Madurai,Vadipatti,2026-07-15
P03463,Ramesh Balasubramaniam,58,M,179.6,59.8,A+,+919860689414,44856786892685,Madurai,Vadipatti,2026-07-29
P03464,Lakshmi Pillai,38,F,162.0,66.8,A-,+918066515609,06370554565154,Madurai,Vadipatti,2026-07-27
P03465,Suresh Reddy,43,M,160.7,70.7,O-,+917091583492,41382258140101,Madurai,Vadipatti,2026-06-27
P03466,Muthu Reddy,84,M,158.5,59.9,B+,+917066325960,45808106355197,Madurai,Vadipatti,2026-07-13
P03467,Senthil Nair,25,M,168.9,63.5,O+,+919866059480,82584597220501,Madurai,Vadipatti,2026-06-24
P03468,Ashok Perumal,53,M,163.7,66.7,O+,+919873850697,77619202976377,Madurai,Vadipatti,2026-06-09
P03469,Revathi Pillai,28,F,161.2,61.0,B-,+919861281587,71162535229386,Madurai,Vadipatti,2026-06-20
P03470,Senthil Balasubramaniam,13,M,171.8,53.1,B-,+919855630337,93727513158620,Madurai,Vadipatti,2026-06-06
P03471,Sangeetha Shanmugam,48,F,157.4,31.8,O-,+919095432493,07945393411236,Madurai,Vadipatti,2026-07-01
P03472,Geetha Rajan,31,F,160.4,41.5,A+,+919886957342,67206474055037,Madurai,Vadipatti,2026-07-12
P03473,Padma Krishnan,76,F,156.3,58.0,O+,+919878228640,71237287357685,Madurai,Vadipatti,2026-06-24
P03474,Deepa Krishnan,37,F,154.8,74.8,O-,+919073277168,17741686744899,Madurai,Vadipatti,2026-06-23
P03475,Vidya Raman,68,F,167.5,55.1,A+,+917044186084,43583510067076,Madurai,Vadipatti,2026-07-12
P03476,Bala Gounder,45,M,165.3,84.1,A+,+917097895015,73415274212813,Madurai,Vadipatti,2026-06-17
P03477,Karthik Pillai,61,M,162.1,59.0,A+,+919857216759,37412600267458,Madurai,Vadipatti,2026-07-04
P03478,Suganya Iyer,68,F,163.7,64.5,A+,+919830199226,48878202825365,Madurai,Vadipatti,2026-07-11
P03479,Malar Krishnan,40,F,156.4,63.5,B-,+917033362980,51571619546723,Madurai,Vadipatti,2026-07-25
P03480,Manoj Shanmugam,58,M,166.1,40.3,O-,+917069621575,11383514635476,Madurai,Vadipatti,2026-06-20
P03481,Kalaivani Reddy,16,F,152.8,55.6,AB-,+919833917142,06934867370219,Madurai,Vadipatti,2026-07-20
P03482,Suganya Chettiar,15,F,151.8,61.8,B+,+919850719269,17225514588501,Madurai,Vadipatti,2026-07-23
P03483,Manoj Krishnan,17,M,159.7,70.3,B+,+919842929619,90019907394883,Madurai,Vadipatti,2026-07-30
P03484,Vidya Raman,38,F,160.5,58.0,AB-,+919818808895,87297034505882,Madurai,Vadipatti,2026-06-03
P03485,Dinesh Balasubramaniam,44,M,170.4,48.5,O+,+918029976276,57798304214538,Madurai,Vadipatti,2026-06-19
P03486,Suresh Chettiar,56,M,169.8,61.5,A+,+917089679307,38682267235611,Madurai,Vadipatti,2026-06-11
P03487,Sowmya Natarajan,40,F,158.4,47.3,B+,+918057962545,53184446904883,Madurai,Vadipatti,2026-06-09
P03488,Meena Sundaram,38,F,139.8,76.4,A+,+917073361375,71086965406500,Madurai,Vadipatti,2026-07-02
P03489,Karthik Balasubramaniam,43,M,172.7,63.4,AB-,+917043855486,21054351371834,Madurai,Vadipatti,2026-07-19
P03490,Kavya Pillai,45,F,151.8,43.1,A+,+917069225428,78585991928921,Madurai,Vadipatti,2026-07-21
P03491,Revathi Shanmugam,6,F,161.2,47.2,B-,+919075900589,86264616150186,Madurai,Vadipatti,2026-06-04
P03492,Prakash Raman,28,M,161.9,72.5,AB-,+919819189545,14076703470082,Madurai,Vadipatti,2026-06-03
P03493,Radha Iyer,58,F,154.3,54.2,B+,+919015804102,74762198938359,Madurai,Vadipatti,2026-06-19
P03494,Saravanan Natarajan,55,M,173.0,66.0,A+,+919818865021,99257511714403,Madurai,Vadipatti,2026-07-21
P03495,Deepa Pillai,52,F,168.2,50.9,A-,+917026765736,76602791261540,Madurai,Vadipatti,2026-06-29
P03496,Revathi Chettiar,61,F,141.9,72.2,O+,+917017760673,03345393174221,Madurai,Vadipatti,2026-06-01
P03497,Padma Murugan,22,F,163.1,67.3,B-,+919869558091,89537928063968,Madurai,Vadipatti,2026-07-18
P03498,Ramesh Balasubramaniam,47,M,164.8,69.7,A-,+918019091590,15825084342112,Madurai,Vadipatti,2026-07-22
P03499,Ramesh Pillai,25,M,150.1,63.3,O+,+919051696350,70543321259543,Madurai,Vadipatti,2026-07-18
P03500,Dinesh Nair,15,M,170.5,59.9,B+,+917072614399,81050898940816,Madurai,Vadipatti,2026-07-16
P03501,Uma Pillai,60,F,170.7,70.1,A+,+919839124803,85153435679415,Madurai,Vadipatti,2026-06-16
P03502,Nithya Sundaram,35,F,155.7,57.2,A-,+919847162493,55637801871513,Madurai,Vadipatti,2026-07-10
P03503,Ramesh Nair,49,M,165.2,77.2,AB+,+918040587323,61815797764237,Madurai,Vadipatti,2026-06-07
P03504,Priya Reddy,42,F,172.3,64.1,AB-,+919056733880,23033501232900,Madurai,Vadipatti,2026-07-16
P03505,Manoj Subramaniam,38,M,152.5,70.8,B+,+918021235951,21511088098950,Madurai,Vadipatti,2026-06-18
P03506,Revathi Rajan,14,F,148.6,64.4,AB+,+917046283308,00814528606892,Madurai,Vadipatti,2026-07-21
P03507,Saravanan Rajan,22,M,165.7,62.8,B+,+918049813418,99498976391600,Madurai,Vadipatti,2026-07-01
P03508,Vidya Rajan,38,F,149.8,64.1,AB-,+917019794231,52950635416785,Madurai,Vadipatti,2026-07-15
P03509,Bala Perumal,53,M,166.1,49.2,A-,+919842720739,24335085112748,Madurai,Vadipatti,2026-07-27
P03510,Prakash Perumal,58,M,158.8,73.4,O-,+918013313440,56605999321974,Madurai,Vadipatti,2026-07-21
P03511,Vidya Krishnan,25,F,160.7,72.5,B+,+919895597531,61976813891020,Madurai,Vadipatti,2026-06-24
P03512,Geetha Gounder,34,F,154.6,55.0,AB+,+919096512575,00319085788258,Madurai,Vadipatti,2026-07-31
P03513,Kavya Krishnan,45,F,151.2,40.9,AB-,+919849316210,86025637811690,Madurai,Vadipatti,2026-06-23
P03514,Malar Subramaniam,35,F,160.1,68.4,O-,+919871966874,97484085228619,Madurai,Vadipatti,2026-06-12
P03515,Gopal Sundaram,20,M,168.1,65.6,B+,+919873165597,28241978680428,Madurai,Vadipatti,2026-06-22
P03516,Sowmya Perumal,36,F,144.3,56.9,AB+,+919830734437,41954157176269,Madurai,Vadipatti,2026-06-21
P03517,Padma Sundaram,27,F,156.2,42.9,O-,+919055107536,14659983143099,Madurai,Vadipatti,2026-06-24
P03518,Revathi Pillai,33,F,155.5,63.5,O-,+918016271100,58654833880671,Madurai,Vadipatti,2026-07-07
P03519,Ashok Natarajan,26,M,165.2,78.5,O-,+919860743731,71752409758613,Madurai,Vadipatti,2026-07-13
P03520,Kumar Subramaniam,30,M,163.7,78.4,A+,+917049874248,41850060307984,Madurai,Vadipatti,2026-07-13
P03521,Ashok Rajan,38,M,159.2,63.0,AB-,+918049192870,04869384137078,Madurai,Vadipatti,2026-06-21
P03522,Lakshmi Murugan,55,F,170.7,62.3,O+,+917025051291,82606068217976,Madurai,Vadipatti,2026-06-13
P03523,Padma Reddy,51,F,145.1,37.3,B+,+917056187847,00800018260620,Madurai,Vadipatti,2026-06-22
P03524,Naveen Shanmugam,38,M,172.9,76.3,AB-,+917091415422,09042326634564,Madurai,Vadipatti,2026-07-21
P03525,Nithya Iyer,62,F,157.5,60.8,O-,+918026881642,02139520764359,Madurai,Vadipatti,2026-07-08
P03526,Ravi Chettiar,10,M,169.8,75.2,AB-,+917026684554,57744166214598,Madurai,Vadipatti,2026-06-08
P03527,Padma Murugan,28,F,146.3,47.8,AB+,+918066541416,17568268141550,Madurai,Vadipatti,2026-06-18
P03528,Arun Raman,1,M,160.2,56.9,O+,+917022602470,73375911286131,Madurai,Vadipatti,2026-06-30
P03529,Ashok Murugan,25,M,160.4,77.2,O-,+919032737268,53525370942065,Madurai,Vadipatti,2026-06-07
P03530,Priya Shanmugam,42,F,151.2,50.1,A+,+919085136972,92821549630839,Madurai,Vadipatti,2026-06-18
P03531,Malar Gounder,47,F,155.0,60.6,B-,+919042729973,49102639864935,Madurai,Vadipatti,2026-07-05
P03532,Priya Natarajan,30,F,154.4,74.7,O-,+919048974677,53882234091708,Madurai,Vadipatti,2026-07-02
P03533,Kavya Sundaram,55,F,149.7,74.1,AB-,+918085095516,27598768079810,Madurai,Vadipatti,2026-07-04
P03534,Vidya Nair,7,F,159.2,64.0,B-,+918094148430,86345872363628,Madurai,Vadipatti,2026-06-20
P03535,Divya Pillai,37,F,145.5,74.8,O+,+919075370127,58738688050745,Madurai,Vadipatti,2026-07-05
P03536,Suresh Perumal,18,M,168.6,70.3,AB-,+917012494632,00300352751728,Madurai,Vadipatti,2026-06-30
P03537,Malar Gounder,40,F,161.4,50.1,AB+,+917015601496,29845582814617,Madurai,Vadipatti,2026-07-02
P03538,Senthil Pillai,70,M,169.8,53.6,B-,+919826799356,17283606966884,Madurai,Vadipatti,2026-06-06
P03539,Deepa Iyer,15,F,152.0,54.1,B+,+917064748910,24807274358569,Madurai,Vadipatti,2026-06-13
P03540,Gopal Naidu,33,M,173.6,48.6,B-,+919028367904,05024090508345,Madurai,Vadipatti,2026-07-03
P03541,Ramesh Velu,49,M,179.3,69.3,B+,+919096756714,26175154188228,Madurai,Vadipatti,2026-07-09
P03542,Deepa Sundaram,21,F,159.4,59.3,A-,+918090897921,99232398744512,Madurai,Vadipatti,2026-07-26
P03543,Elango Shanmugam,12,M,167.4,48.3,AB+,+919811006450,76442070771359,Madurai,Vadipatti,2026-07-24
P03544,Ramesh Shanmugam,1,M,161.7,39.2,O-,+917021903481,86054231126257,Madurai,Vadipatti,2026-06-06
P03545,Padma Reddy,84,F,150.5,65.6,AB+,+919055915968,05751943425482,Madurai,Vadipatti,2026-06-26
P03546,Divya Murugan,28,F,145.2,33.0,O-,+919086652708,47504653425422,Madurai,Vadipatti,2026-06-24
P03547,Muthu Shanmugam,22,M,154.7,58.6,A+,+919071212749,96873352018897,Madurai,Vadipatti,2026-07-01
P03548,Yamuna Natarajan,43,F,157.2,54.2,AB+,+918015200836,28665358189857,Madurai,Vadipatti,2026-07-14
P03549,Ramesh Gounder,32,M,161.1,63.8,O-,+919026202072,51093466730880,Madurai,Vadipatti,2026-07-05
P03550,Anitha Balasubramaniam,56,F,154.3,57.7,B+,+919847264814,60011156631108,Madurai,Vadipatti,2026-06-06
P03551,Yamuna Gounder,22,F,153.0,52.9,A-,+918043559863,01476696484615,Madurai,Vadipatti,2026-06-13
P03552,Kumar Natarajan,13,M,171.7,66.7,A-,+919899059106,30431138750931,Madurai,Vadipatti,2026-06-11
P03553,Selvam Subramaniam,35,M,152.4,93.9,AB-,+917074207948,77216640162595,Madurai,Vadipatti,2026-06-15
P03554,Prakash Balasubramaniam,4,M,172.3,62.1,B+,+917077360665,93725956168983,Madurai,Vadipatti,2026-06-30
P03555,Lakshmi Nair,36,F,153.7,48.6,AB-,+917042071382,64657610527237,Madurai,Vadipatti,2026-07-19
P03556,Nithya Balasubramaniam,76,F,153.0,65.4,AB-,+917025973659,52607486993588,Madurai,Vadipatti,2026-06-21
P03557,Naveen Velu,12,M,159.5,65.5,O-,+917048027923,44503231248914,Madurai,Vadipatti,2026-06-08
P03558,Selvam Perumal,18,M,160.8,65.5,A-,+919090727693,65458273720416,Madurai,Vadipatti,2026-07-14
P03559,Arun Reddy,27,M,161.0,63.5,A+,+917062016378,06708762408283,Madurai,Vadipatti,2026-06-21
P03560,Kumar Nair,59,M,163.2,62.1,AB-,+918041040836,85289257026721,Madurai,Vadipatti,2026-07-14
P03561,Praveen Pillai,14,M,178.9,75.1,AB-,+919042299971,63978690361843,Madurai,Vadipatti,2026-07-02
P03562,Malar Chettiar,45,F,150.4,56.4,B-,+919888293506,19571783003056,Madurai,Vadipatti,2026-07-08
P03563,Padma Reddy,37,F,162.0,45.5,B+,+919852588867,83318390215732,Madurai,Vadipatti,2026-07-31
P03564,Manoj Velu,25,M,159.6,63.2,B+,+918077561669,79473110982048,Madurai,Vadipatti,2026-06-27
P03565,Senthil Subramaniam,32,M,166.6,65.0,AB-,+917023842094,58967196526302,Madurai,Vadipatti,2026-07-06
P03566,Lakshmi Chettiar,91,F,161.8,50.6,B+,+919838075504,99666290913741,Madurai,Vadipatti,2026-07-04
P03567,Elango Subramaniam,26,M,163.5,49.4,AB+,+919838642329,50822047301924,Madurai,Vadipatti,2026-07-13
P03568,Ravi Nair,23,M,168.8,57.1,O+,+917083450715,33567207190147,Madurai,Vadipatti,2026-07-03
P03569,Ramesh Krishnan,34,M,151.9,69.7,O-,+917092535996,01517489862206,Madurai,Vadipatti,2026-07-27
P03570,Revathi Shanmugam,46,F,146.8,59.5,O+,+917059976744,23598202901665,Madurai,Vadipatti,2026-06-18
P03571,Ramesh Gounder,24,M,171.8,33.7,O+,+918067770240,66479846503350,Madurai,Vadipatti,2026-07-19
P03572,Meena Rajan,40,F,144.7,72.0,B+,+919864480133,50960307585693,Madurai,Vadipatti,2026-06-04
P03573,Yamuna Pillai,68,F,145.2,73.1,O+,+919075096846,63433997123630,Madurai,Vadipatti,2026-07-08
P03574,Sangeetha Natarajan,62,F,159.2,63.8,A+,+919826010337,98780187166993,Madurai,Vadipatti,2026-07-23
P03575,Anitha Naidu,34,F,152.8,64.6,B+,+919846745889,20784271713756,Madurai,Vadipatti,2026-07-02
P03576,Meena Naidu,24,F,147.2,53.6,B-,+919847107099,89361759088700,Madurai,Vadipatti,2026-06-29
P03577,Naveen Krishnan,10,M,178.4,58.1,B+,+919043534809,34411022013921,Madurai,Vadipatti,2026-06-08
P03578,Kavya Iyer,34,F,171.3,61.9,B-,+919810234620,99726332933002,Madurai,Vadipatti,2026-07-30
P03579,Karthik Velu,51,M,175.8,68.4,B+,+918046314728,17486006498824,Madurai,Vadipatti,2026-06-01
P03580,Anitha Raman,46,F,151.0,42.7,B+,+919863830378,99904508202692,Madurai,Vadipatti,2026-07-11
P03581,Kalaivani Chettiar,6,F,150.3,52.8,B-,+919848866759,53740126849085,Madurai,Vadipatti,2026-07-18
P03582,Vidya Rajan,30,F,153.8,64.4,B-,+917029555466,48382790654573,Madurai,Vadipatti,2026-06-01
P03583,Kavya Gounder,23,F,143.4,56.8,AB+,+919819665280,62523081973349,Madurai,Vadipatti,2026-07-27
P03584,Uma Iyer,50,F,148.1,75.9,O+,+918098053333,05267388907613,Madurai,Vadipatti,2026-06-17
P03585,Prakash Rajan,22,M,157.5,53.3,O+,+917013247865,22026788695127,Madurai,Vadipatti,2026-07-13
P03586,Ramesh Balasubramaniam,40,M,170.2,53.5,B-,+917041199450,82000039011080,Madurai,Vadipatti,2026-07-16
P03587,Arun Chettiar,27,M,163.0,58.2,AB-,+917054862161,14178926540162,Madurai,Vadipatti,2026-07-20
P03588,Uma Subramaniam,34,F,162.1,45.9,B-,+919816628788,97915422058328,Madurai,Vadipatti,2026-07-30
P03589,Muthu Naidu,10,M,167.4,89.5,AB+,+918034369846,42466047294842,Madurai,Vadipatti,2026-06-22
P03590,Arun Pillai,22,M,177.1,51.2,O+,+918023144653,01609706704302,Madurai,Vadipatti,2026-06-02
P03591,Lakshmi Perumal,73,F,167.8,65.3,A+,+919045791492,23357415181342,Madurai,Vadipatti,2026-06-23
P03592,Praveen Raman,31,M,157.4,78.4,O-,+918072318792,99915572876841,Madurai,Vadipatti,2026-06-29
P03593,Dinesh Velu,12,M,170.9,67.3,B+,+919041399110,41917395932954,Madurai,Vadipatti,2026-07-16
P03594,Kalaivani Naidu,46,F,153.0,38.7,AB+,+918028808327,18270062686108,Madurai,Vadipatti,2026-06-22
P03595,Yamuna Perumal,32,F,163.6,74.7,AB+,+918079876170,67433398985258,Madurai,Vadipatti,2026-07-02
P03596,Ramesh Subramaniam,32,M,160.9,81.4,B+,+919053188056,80315395313135,Madurai,Vadipatti,2026-07-15
P03597,Suresh Natarajan,64,M,170.2,58.1,O+,+918018537725,92621973145726,Madurai,Vadipatti,2026-06-22
P03598,Vidya Velu,55,F,152.7,68.1,A+,+917086513331,46116081074525,Madurai,Vadipatti,2026-07-03
P03599,Kalaivani Krishnan,23,F,147.3,63.5,O-,+919024903605,10803061547105,Madurai,Vadipatti,2026-07-25
P03600,Revathi Natarajan,34,F,135.0,50.9,A-,+918024890790,19427100366606,Madurai,Vadipatti,2026-06-04
P03601,Bala Naidu,54,M,175.2,50.6,O-,+919818243338,69559915242750,Madurai,Vadipatti,2026-06-05
P03602,Selvam Chettiar,41,M,176.6,77.9,AB+,+919047421688,31623003004520,Madurai,Vadipatti,2026-06-07
P03603,Ravi Shanmugam,38,M,165.6,70.7,B-,+917021733842,49638676844412,Madurai,Vadipatti,2026-07-05
P03604,Karthik Velu,22,M,174.8,49.7,B+,+918093967620,17894260320039,Madurai,Vadipatti,2026-07-01
P03605,Muthu Iyer,57,M,178.7,61.7,B-,+917024787027,21059701244236,Madurai,Vadipatti,2026-07-09
P03606,Praveen Nair,46,M,162.8,55.0,B+,+917070606134,12320955409343,Madurai,Vadipatti,2026-07-02
P03607,Suganya Shanmugam,32,F,143.8,45.9,A+,+918013711372,66569300903875,Madurai,Vadipatti,2026-06-07
P03608,Radha Murugan,33,F,140.8,70.6,B-,+919034434892,82334430471427,Madurai,Vadipatti,2026-06-29
P03609,Bala Reddy,37,M,163.8,84.4,A-,+919086406393,16111284256196,Madurai,Vadipatti,2026-07-09
P03610,Naveen Shanmugam,54,M,175.6,52.2,AB+,+918059319417,13772769055590,Madurai,Vadipatti,2026-07-11
P03611,Vidya Naidu,31,F,150.4,81.5,B-,+917070487640,49820976812788,Madurai,Vadipatti,2026-06-20
P03612,Vignesh Velu,41,M,167.3,62.2,O-,+917091592610,06294420520306,Madurai,Vadipatti,2026-06-12
P03613,Uma Chettiar,65,F,143.6,63.4,B-,+919077907769,08013604947421,Madurai,Vadipatti,2026-07-02
P03614,Geetha Nair,44,F,157.8,66.4,AB-,+917085134915,98045769229625,Madurai,Vadipatti,2026-07-15
P03615,Meena Balasubramaniam,41,F,136.3,71.6,AB+,+919093806621,05304431974063,Madurai,Vadipatti,2026-06-10
P03616,Lakshmi Natarajan,35,F,153.1,55.3,O+,+917072741503,33973510909331,Madurai,Vadipatti,2026-06-01
P03617,Sowmya Murugan,25,F,140.6,50.8,O+,+919893070001,36663918900918,Madurai,Vadipatti,2026-06-21
P03618,Manoj Perumal,18,M,169.5,59.3,O-,+917046504220,19734860717754,Madurai,Vadipatti,2026-06-11
P03619,Radha Perumal,38,F,153.5,39.7,AB+,+917049565440,77900138859787,Madurai,Vadipatti,2026-07-30
P03620,Praveen Nair,6,M,151.1,53.8,A-,+917075475115,05946696147979,Madurai,Vadipatti,2026-06-06
P03621,Praveen Gounder,55,M,157.7,57.7,O-,+918089137253,54005453042143,Madurai,Vadipatti,2026-06-06
P03622,Bala Pillai,46,M,161.9,53.4,O+,+917036603891,64029816878332,Madurai,Vadipatti,2026-06-27
P03623,Malar Naidu,39,F,156.3,61.7,AB-,+918085920454,15515219836230,Madurai,Vadipatti,2026-06-22
P03624,Naveen Raman,73,M,165.9,51.7,AB-,+919821909309,24204415682072,Madurai,Vadipatti,2026-07-16
P03625,Yamuna Naidu,27,F,145.3,46.8,A+,+917079264740,98926629367408,Madurai,Vadipatti,2026-07-07
P03626,Priya Nair,21,F,137.9,86.0,B+,+919075870971,03493553417607,Madurai,Vadipatti,2026-06-03
P03627,Yamuna Pillai,19,F,161.7,58.6,O-,+918015940879,98463477741546,Madurai,Vadipatti,2026-07-06
P03628,Muthu Pillai,56,M,161.0,59.0,A+,+917033750294,80291439420748,Madurai,Vadipatti,2026-07-14
P03629,Selvam Iyer,53,M,168.1,61.0,B+,+919820555824,92680750096708,Madurai,Vadipatti,2026-06-25
P03630,Ravi Raman,39,M,178.2,49.3,AB+,+919841610048,38287899172352,Madurai,Vadipatti,2026-07-04
P03631,Ramesh Perumal,16,M,177.4,70.9,AB-,+917013334038,02397704313455,Madurai,Vadipatti,2026-07-09
P03632,Ravi Gounder,60,M,156.8,73.1,B+,+919825417384,05754981118098,Madurai,Vadipatti,2026-07-23
P03633,Kumar Shanmugam,9,M,173.0,78.6,A-,+917030846934,81471438401154,Madurai,Vadipatti,2026-07-05
P03634,Dinesh Chettiar,17,M,179.9,50.4,O-,+919888316413,00705530962771,Madurai,Vadipatti,2026-07-20
P03635,Padma Sundaram,22,F,150.8,61.0,B+,+919817157991,94927453795696,Madurai,Vadipatti,2026-06-29
P03636,Naveen Iyer,33,M,150.5,81.6,A+,+919025918044,79588303350037,Madurai,Vadipatti,2026-06-04
P03637,Lakshmi Chettiar,34,F,156.3,69.2,O+,+919820796788,06897317367231,Madurai,Vadipatti,2026-06-21
P03638,Prakash Reddy,5,M,168.7,62.4,O-,+919857643441,13012073081634,Madurai,Vadipatti,2026-06-02
P03639,Ramesh Rajan,64,M,171.7,85.5,AB-,+919833146926,61958436127358,Madurai,Vadipatti,2026-07-19
P03640,Deepa Reddy,41,F,158.6,41.3,B+,+918080433760,08576236239161,Madurai,Vadipatti,2026-06-19
P03641,Selvam Rajan,54,M,165.0,75.3,B+,+919062471708,87088063572989,Madurai,Vadipatti,2026-07-26
P03642,Praveen Natarajan,38,M,172.1,68.0,B+,+918092557582,12716431695800,Madurai,Vadipatti,2026-06-06
P03643,Lakshmi Nair,30,F,154.6,49.3,A+,+917032662280,21258472387484,Madurai,Vadipatti,2026-06-28
P03644,Ravi Raman,8,M,165.6,52.7,B+,+918055100764,09135781374214,Madurai,Vadipatti,2026-07-29
P03645,Manoj Krishnan,29,M,173.2,54.4,O+,+919810640366,59899261104476,Madurai,Vadipatti,2026-07-26
P03646,Saravanan Chettiar,30,M,163.1,55.6,O+,+917056612975,01368194575452,Madurai,Vadipatti,2026-07-20
P03647,Selvam Subramaniam,25,M,177.3,60.0,A+,+919058957703,24110871540992,Madurai,Vadipatti,2026-07-22
P03648,Muthu Sundaram,32,M,156.0,52.7,AB+,+918090095094,72548354599572,Madurai,Vadipatti,2026-06-13
P03649,Priya Krishnan,43,F,164.3,39.6,B+,+918014081060,97296782866198,Madurai,Vadipatti,2026-06-22
P03650,Saravanan Krishnan,65,M,170.2,57.7,AB+,+918017142727,94341023013011,Madurai,Vadipatti,2026-06-02
P03651,Ravi Reddy,66,M,179.9,65.3,AB+,+919865924322,86734815391221,Madurai,Usilampatti,2026-06-27
P03652,Naveen Krishnan,60,M,164.7,83.6,O-,+919886657229,04364446944211,Madurai,Usilampatti,2026-07-20
P03653,Dinesh Krishnan,35,M,165.7,62.2,B-,+918065006882,15187104044646,Madurai,Usilampatti,2026-06-24
P03654,Vignesh Perumal,34,M,155.0,62.0,O+,+917018808053,44979057358054,Madurai,Usilampatti,2026-06-10
P03655,Elango Subramaniam,30,M,166.6,59.3,A+,+917065481982,92153900506748,Madurai,Usilampatti,2026-07-24
P03656,Senthil Krishnan,31,M,167.2,43.3,B-,+918014380158,39375813012170,Madurai,Usilampatti,2026-07-10
P03657,Suganya Pillai,34,F,161.9,43.5,A+,+918089981334,06169185361067,Madurai,Usilampatti,2026-06-14
P03658,Naveen Balasubramaniam,43,M,157.1,67.4,A+,+918053528079,89127177326857,Madurai,Usilampatti,2026-07-08
P03659,Ashok Shanmugam,53,M,167.7,76.1,AB+,+918019886591,85525676787905,Madurai,Usilampatti,2026-06-05
P03660,Vidya Velu,55,F,158.6,55.1,A-,+917058021819,34052426996969,Madurai,Usilampatti,2026-06-06
P03661,Sangeetha Shanmugam,21,F,159.5,63.0,B+,+917063722443,04137964049703,Madurai,Usilampatti,2026-06-04
P03662,Manoj Murugan,5,M,164.8,65.8,O-,+919075055674,70183078490824,Madurai,Usilampatti,2026-06-05
P03663,Kavya Raman,18,F,163.5,55.3,A-,+918015920587,22393540357133,Madurai,Usilampatti,2026-06-15
P03664,Sangeetha Shanmugam,23,F,160.9,56.0,A-,+918024934136,96573515496066,Madurai,Usilampatti,2026-06-11
P03665,Saravanan Chettiar,1,M,173.0,53.3,O+,+919896141563,83485497515798,Madurai,Usilampatti,2026-06-10
P03666,Vignesh Sundaram,49,M,180.2,68.6,AB-,+918064368484,06301798210959,Madurai,Usilampatti,2026-06-15
P03667,Ramesh Shanmugam,1,M,165.1,79.9,O-,+919885272876,34511610651513,Madurai,Usilampatti,2026-06-15
P03668,Vignesh Chettiar,18,M,169.5,62.0,AB+,+919078576848,83499605204882,Madurai,Usilampatti,2026-06-27
P03669,Deepa Perumal,58,F,166.7,42.1,O-,+917057590448,86940948718829,Madurai,Usilampatti,2026-07-18
P03670,Gopal Velu,43,M,158.5,53.9,AB+,+917058655263,45806187001365,Madurai,Usilampatti,2026-07-28
P03671,Prakash Pillai,39,M,165.8,55.0,B-,+919851557690,72598568421228,Madurai,Usilampatti,2026-06-26
P03672,Meena Naidu,46,F,156.8,68.2,B-,+917022706516,94267363251531,Madurai,Usilampatti,2026-06-17
P03673,Selvam Gounder,51,M,162.7,67.4,A-,+917014907922,25904754769171,Madurai,Usilampatti,2026-06-19
P03674,Ravi Naidu,60,M,161.0,73.7,AB+,+917073524856,28471271992724,Madurai,Usilampatti,2026-07-12
P03675,Praveen Gounder,20,M,158.9,42.0,B-,+917066831983,55976135522022,Madurai,Usilampatti,2026-07-23
P03676,Sangeetha Raman,40,F,152.3,54.2,A+,+917033106440,80855172948898,Madurai,Usilampatti,2026-07-02
P03677,Senthil Gounder,42,M,177.1,77.0,O-,+919014523081,52564060564329,Madurai,Usilampatti,2026-06-28
P03678,Arun Murugan,49,M,174.6,69.6,O-,+919833968436,75063622982250,Madurai,Usilampatti,2026-06-22
P03679,Kalaivani Shanmugam,38,F,163.0,61.5,O+,+919030647624,09418444620424,Madurai,Usilampatti,2026-06-13
P03680,Sowmya Natarajan,31,F,164.4,57.8,B+,+919835793589,13921180829380,Madurai,Usilampatti,2026-07-27
P03681,Anitha Krishnan,34,F,164.7,39.7,B-,+918021276223,65155673376107,Madurai,Usilampatti,2026-06-30
P03682,Senthil Balasubramaniam,79,M,167.3,52.0,AB+,+919096141887,97324605705021,Madurai,Usilampatti,2026-07-17
P03683,Dinesh Velu,24,M,160.8,62.8,B+,+919018724580,70245526746934,Madurai,Usilampatti,2026-07-23
P03684,Geetha Chettiar,21,F,160.0,76.8,AB-,+918019971406,30273220448400,Madurai,Usilampatti,2026-06-11
P03685,Ramesh Nair,36,M,170.5,62.1,AB-,+918077143691,17272433477204,Madurai,Usilampatti,2026-07-30
P03686,Radha Iyer,55,F,150.5,86.9,B+,+919059335299,99484827596559,Madurai,Usilampatti,2026-07-02
P03687,Sowmya Naidu,4,F,161.7,38.7,A-,+918013309230,08710623591693,Madurai,Usilampatti,2026-07-14
P03688,Saravanan Velu,6,M,153.1,64.4,O+,+919063590722,65660207624513,Madurai,Usilampatti,2026-06-17
P03689,Muthu Perumal,30,M,163.1,65.3,O-,+919890411038,49418442654953,Madurai,Usilampatti,2026-06-15
P03690,Uma Naidu,18,F,162.0,53.4,O+,+917054367336,87449150222951,Madurai,Usilampatti,2026-07-27
P03691,Divya Velu,25,F,146.2,47.2,O-,+919010737255,89149087699157,Madurai,Usilampatti,2026-06-06
P03692,Nithya Perumal,44,F,137.0,48.4,AB+,+917080478074,02678224909342,Madurai,Usilampatti,2026-06-04
P03693,Anitha Nair,35,F,165.8,67.9,A-,+919055297200,15624993729952,Madurai,Usilampatti,2026-06-21
P03694,Karthik Reddy,35,M,164.7,68.1,B+,+919840922072,75997298468585,Madurai,Usilampatti,2026-06-26
P03695,Kalaivani Balasubramaniam,34,F,156.1,88.6,O-,+919858374629,39291881940548,Madurai,Usilampatti,2026-07-21
P03696,Sowmya Murugan,43,F,148.6,63.8,B-,+919080110679,05830768205426,Madurai,Usilampatti,2026-06-12
P03697,Praveen Perumal,47,M,170.0,69.3,O+,+919830669534,74368485070134,Madurai,Usilampatti,2026-07-01
P03698,Selvam Raman,44,M,166.7,56.8,O+,+919013400149,57106208020110,Madurai,Usilampatti,2026-07-17
P03699,Vidya Krishnan,76,F,165.5,30.4,O+,+919810033533,22509201198855,Madurai,Usilampatti,2026-07-29
P03700,Vignesh Balasubramaniam,35,M,157.7,73.6,A+,+918060568051,12592797604027,Madurai,Usilampatti,2026-07-04
P03701,Arun Krishnan,10,M,162.5,65.5,O+,+919029662128,54003518893457,Madurai,Usilampatti,2026-06-08
P03702,Sangeetha Perumal,40,F,161.2,55.0,AB-,+918061873499,91161646663266,Madurai,Usilampatti,2026-06-20
P03703,Ravi Natarajan,23,M,153.7,58.5,AB+,+918049294069,58485166263575,Madurai,Usilampatti,2026-06-29
P03704,Anitha Reddy,37,F,150.2,39.1,A+,+919045653731,16833142147238,Madurai,Usilampatti,2026-06-22
P03705,Saravanan Raman,45,M,161.5,75.1,B+,+919849703865,12432058920790,Madurai,Usilampatti,2026-06-20
P03706,Vidya Pillai,42,F,150.3,48.5,B-,+919897157293,76348528529580,Madurai,Usilampatti,2026-07-23
P03707,Ramesh Balasubramaniam,35,M,161.6,68.4,AB+,+919059467209,96521177800281,Madurai,Usilampatti,2026-07-18
P03708,Prakash Raman,45,M,160.6,79.0,B-,+917060697819,41670214929078,Madurai,Usilampatti,2026-06-14
P03709,Arun Iyer,36,M,168.6,47.7,A-,+917088519625,85930608438291,Madurai,Usilampatti,2026-06-23
P03710,Saravanan Murugan,44,M,161.3,70.6,A-,+919829168753,74293317561363,Madurai,Usilampatti,2026-07-08
P03711,Bala Reddy,56,M,172.0,53.0,A-,+919883832846,08855763416253,Madurai,Usilampatti,2026-06-23
P03712,Ramesh Chettiar,54,M,170.1,59.5,AB-,+918087021964,30457412986037,Madurai,Usilampatti,2026-07-12
P03713,Revathi Murugan,60,F,146.1,63.7,AB-,+917027360535,77721788728782,Madurai,Usilampatti,2026-06-21
P03714,Deepa Murugan,26,F,153.7,61.2,B+,+918060069998,48366253967183,Madurai,Usilampatti,2026-07-11
P03715,Selvam Subramaniam,42,M,154.5,67.2,B+,+918038636764,93159105185079,Madurai,Usilampatti,2026-06-22
P03716,Meena Krishnan,47,F,156.1,51.0,A-,+919811109116,89850003889113,Madurai,Usilampatti,2026-07-31
P03717,Praveen Balasubramaniam,48,M,161.4,76.9,O+,+919819605831,26907280793446,Madurai,Usilampatti,2026-06-13
P03718,Lakshmi Nair,40,F,146.1,47.3,B-,+917087523264,37980446007919,Madurai,Usilampatti,2026-06-08
P03719,Lakshmi Nair,27,F,152.1,44.0,AB-,+918099584630,04997805501443,Madurai,Usilampatti,2026-06-11
P03720,Ashok Balasubramaniam,18,M,178.9,79.9,A+,+919024112009,21075353542365,Madurai,Usilampatti,2026-07-11
P03721,Vignesh Shanmugam,56,M,161.0,58.4,B+,+919851617902,24914859618946,Madurai,Usilampatti,2026-06-07
P03722,Sangeetha Gounder,48,F,149.4,45.8,B-,+917021242702,61279242628115,Madurai,Usilampatti,2026-06-17
P03723,Vignesh Pillai,20,M,167.6,59.3,AB-,+917021329182,46753015705570,Madurai,Usilampatti,2026-06-14
P03724,Arun Iyer,34,M,162.6,87.1,AB-,+919870720833,99182440428324,Madurai,Usilampatti,2026-07-26
P03725,Ravi Reddy,43,M,164.8,62.6,B+,+919891275734,67642633313256,Madurai,Usilampatti,2026-07-30
P03726,Saravanan Murugan,44,M,169.2,68.8,O+,+917054624392,51629772916169,Madurai,Usilampatti,2026-06-30
P03727,Muthu Velu,51,M,162.2,67.4,O+,+919893973068,82079520757046,Madurai,Usilampatti,2026-07-27
P03728,Sangeetha Murugan,31,F,149.7,56.4,O-,+918018123017,37631748167431,Madurai,Usilampatti,2026-07-27
P03729,Ashok Natarajan,54,M,171.9,54.2,B-,+919099230600,75317841647560,Madurai,Usilampatti,2026-07-25
P03730,Saravanan Pillai,42,M,158.7,82.0,O-,+919892487455,61428234282097,Madurai,Usilampatti,2026-06-24
P03731,Suganya Nair,95,F,153.9,58.1,B+,+917039901498,28687973259896,Madurai,Usilampatti,2026-06-15
P03732,Prakash Reddy,53,M,154.2,51.5,AB-,+919083387862,59893443280194,Madurai,Usilampatti,2026-06-16
P03733,Manoj Balasubramaniam,25,M,159.8,50.1,A-,+919048006216,89495053623607,Madurai,Usilampatti,2026-07-15
P03734,Sangeetha Reddy,46,F,139.9,49.7,A+,+919877405519,59646521572489,Madurai,Usilampatti,2026-06-15
P03735,Yamuna Perumal,24,F,160.4,70.2,AB-,+918010547111,70046660522612,Madurai,Usilampatti,2026-06-14
P03736,Priya Rajan,33,F,149.7,58.7,B+,+917063001888,40919170669354,Madurai,Usilampatti,2026-07-27
P03737,Manoj Naidu,36,M,163.3,75.0,A+,+917052183093,58167383399704,Madurai,Usilampatti,2026-07-25
P03738,Ramesh Balasubramaniam,62,M,158.4,86.2,AB-,+917038736726,61932887525768,Madurai,Usilampatti,2026-06-16
P03739,Yamuna Balasubramaniam,22,F,164.6,50.5,AB-,+919028453820,54217191684959,Madurai,Usilampatti,2026-07-30
P03740,Muthu Reddy,45,M,169.8,55.7,O-,+917053726141,37549904951141,Madurai,Usilampatti,2026-07-29
P03741,Ramesh Velu,58,M,169.8,62.2,A+,+919092874269,47137392666959,Madurai,Usilampatti,2026-07-23
P03742,Arun Chettiar,1,M,161.8,58.5,O+,+919839691554,12549707514976,Madurai,Usilampatti,2026-07-01
P03743,Meena Sundaram,35,F,157.6,65.0,A+,+919842098932,19850478825566,Madurai,Usilampatti,2026-06-17
P03744,Ramesh Reddy,53,M,169.0,78.7,A+,+918084467315,72740647088704,Madurai,Usilampatti,2026-07-30
P03745,Priya Iyer,14,F,149.9,51.0,AB-,+919096177087,87943205000943,Madurai,Usilampatti,2026-06-13
P03746,Padma Rajan,20,F,150.6,68.9,O+,+919045381202,22336069434729,Madurai,Usilampatti,2026-06-01
P03747,Kavya Subramaniam,14,F,149.4,61.1,AB+,+917070609724,08854818826490,Madurai,Usilampatti,2026-06-22
P03748,Nithya Balasubramaniam,45,F,159.4,61.9,B+,+919067078458,33034584094308,Madurai,Usilampatti,2026-07-27
P03749,Padma Krishnan,38,F,168.3,66.2,O-,+919073469258,19961306957071,Madurai,Usilampatti,2026-06-19
P03750,Vignesh Perumal,23,M,174.4,66.7,AB-,+919031420054,72440695351717,Madurai,Usilampatti,2026-07-27
P03751,Manoj Natarajan,53,M,157.4,68.4,B+,+918060391334,13280001959408,Madurai,Usilampatti,2026-06-16
P03752,Deepa Naidu,43,F,154.9,69.2,AB+,+919813907294,57736414022695,Madurai,Usilampatti,2026-06-14
P03753,Nithya Velu,41,F,150.3,67.6,A-,+917029938309,88239884377211,Madurai,Usilampatti,2026-07-03
P03754,Selvam Murugan,38,M,157.2,52.3,AB-,+919097752653,30972048681820,Madurai,Usilampatti,2026-07-06
P03755,Kalaivani Krishnan,45,F,152.8,59.5,AB+,+918033856211,14456863146870,Madurai,Usilampatti,2026-06-09
P03756,Meena Subramaniam,8,F,154.0,30,A-,+919866220941,95539218112464,Madurai,Usilampatti,2026-07-22
P03757,Karthik Natarajan,16,M,168.1,48.7,AB-,+918012938608,98392228210215,Madurai,Usilampatti,2026-07-02
P03758,Muthu Pillai,32,M,169.1,82.2,AB-,+917085997624,32257177918506,Madurai,Usilampatti,2026-07-04
P03759,Deepa Velu,82,F,171.2,55.1,A+,+919825725946,49870378445767,Madurai,Usilampatti,2026-06-02
P03760,Meena Chettiar,25,F,153.2,52.6,A-,+918092837582,93223947800050,Madurai,Usilampatti,2026-06-19
P03761,Geetha Rajan,22,F,157.9,49.3,AB+,+917018475265,09997348290450,Madurai,Usilampatti,2026-06-25
P03762,Radha Chettiar,50,F,150.8,58.3,A+,+919065797735,25972237091442,Madurai,Usilampatti,2026-06-27
P03763,Vidya Raman,71,F,152.6,62.2,O+,+919898649200,09133077262928,Madurai,Usilampatti,2026-07-14
P03764,Revathi Iyer,33,F,144.4,80.3,B+,+919082754278,58025769985893,Madurai,Usilampatti,2026-06-23
P03765,Nithya Murugan,42,F,158.1,73.9,AB-,+918083323080,85518955394534,Madurai,Usilampatti,2026-06-28
P03766,Uma Nair,42,F,162.4,77.6,A-,+919065121301,11105597942234,Madurai,Usilampatti,2026-07-04
P03767,Prakash Shanmugam,38,M,171.8,42.4,B-,+919852617836,19565456035661,Madurai,Usilampatti,2026-07-03
P03768,Suganya Murugan,58,F,159.5,76.2,AB-,+919898173914,57077949120032,Madurai,Usilampatti,2026-06-25
P03769,Divya Sundaram,58,F,147.5,48.2,AB-,+917085556015,12667173823379,Madurai,Usilampatti,2026-06-12
P03770,Anitha Balasubramaniam,52,F,168.4,71.8,A-,+919021848204,33269018736376,Madurai,Usilampatti,2026-06-02
P03771,Karthik Nair,22,M,165.8,83.8,A-,+917030370014,41644796882489,Madurai,Usilampatti,2026-06-04
P03772,Saravanan Shanmugam,46,M,172.6,77.6,O+,+919845341234,15203147548806,Madurai,Usilampatti,2026-06-29
P03773,Naveen Sundaram,80,M,164.2,62.0,O+,+919825134208,83449985647255,Madurai,Usilampatti,2026-06-16
P03774,Bala Rajan,50,M,177.9,64.5,AB+,+917055740655,92338925169130,Madurai,Usilampatti,2026-06-21
P03775,Yamuna Iyer,1,F,149.7,75.6,O-,+917042040505,41359070671515,Madurai,Usilampatti,2026-06-12
P03776,Senthil Velu,57,M,174.1,48.6,B+,+917075645345,00878132991111,Madurai,Usilampatti,2026-07-16
P03777,Bala Perumal,68,M,161.7,50.0,B+,+919841433664,45998659898920,Madurai,Usilampatti,2026-06-04
P03778,Kalaivani Rajan,20,F,150.0,56.9,A+,+918094065707,16307335998575,Madurai,Usilampatti,2026-07-19
P03779,Dinesh Balasubramaniam,63,M,177.4,63.2,AB+,+919080102822,28241042071015,Madurai,Usilampatti,2026-06-23
P03780,Lakshmi Balasubramaniam,9,F,156.9,73.6,O-,+919861211077,44932293307423,Madurai,Usilampatti,2026-07-04
P03781,Senthil Shanmugam,25,M,163.2,65.5,A+,+919885761871,44063721366159,Madurai,Usilampatti,2026-07-07
P03782,Kumar Sundaram,32,M,164.5,57.9,B-,+918059229704,69716991755413,Madurai,Usilampatti,2026-06-18
P03783,Arun Krishnan,46,M,165.8,63.0,A-,+917054664146,89911443424941,Madurai,Usilampatti,2026-06-15
P03784,Uma Reddy,31,F,154.7,51.9,AB+,+919836443338,90738756561911,Madurai,Usilampatti,2026-07-28
P03785,Karthik Murugan,52,M,164.5,54.3,B+,+919828422443,41975028873381,Madurai,Usilampatti,2026-06-19
P03786,Uma Sundaram,20,F,154.5,68.2,B+,+919857900507,77778321867337,Madurai,Usilampatti,2026-07-05
P03787,Karthik Krishnan,9,M,176.7,61.8,O+,+919018722094,65591517827335,Madurai,Usilampatti,2026-06-11
P03788,Gopal Iyer,26,M,167.6,74.5,A-,+918039498220,72242823442907,Madurai,Usilampatti,2026-06-07
P03789,Selvam Chettiar,42,M,169.0,64.6,A+,+917072987414,23248444405137,Madurai,Usilampatti,2026-07-20
P03790,Uma Rajan,33,F,148.3,46.9,O+,+917016095899,57252944930998,Madurai,Usilampatti,2026-06-04
P03791,Suresh Subramaniam,41,M,159.9,84.1,B-,+918079523486,23320186162645,Madurai,Usilampatti,2026-07-27
P03792,Malar Natarajan,32,F,164.1,62.8,B+,+917018582017,38470402274930,Madurai,Usilampatti,2026-06-30
P03793,Prakash Subramaniam,51,M,154.5,57.8,O-,+918061240420,31573703885772,Madurai,Usilampatti,2026-07-25
P03794,Radha Raman,37,F,160.4,58.2,AB+,+918056278904,99990670231750,Madurai,Usilampatti,2026-06-13
P03795,Ramesh Iyer,51,M,165.6,68.7,AB+,+919027714716,21198644713341,Madurai,Usilampatti,2026-07-31
P03796,Naveen Shanmugam,44,M,167.0,69.6,AB+,+917060785905,25361381848786,Madurai,Usilampatti,2026-07-21
P03797,Lakshmi Gounder,48,F,147.4,79.7,B-,+918011424421,76257316956285,Madurai,Usilampatti,2026-07-26
P03798,Bala Shanmugam,54,M,186.0,42.6,B+,+917093275397,10036675808273,Madurai,Usilampatti,2026-06-05
P03799,Prakash Chettiar,13,M,165.7,67.1,A-,+919079866079,93657485868587,Madurai,Usilampatti,2026-07-14
P03800,Muthu Gounder,18,M,160.7,55.5,B-,+919830793913,34142939911968,Madurai,Usilampatti,2026-06-19
P03801,Yamuna Sundaram,41,F,158.6,63.7,O+,+919833481281,06797238428182,Madurai,Usilampatti,2026-06-24
P03802,Nithya Raman,27,F,165.3,53.8,A+,+917013834627,38012192446330,Madurai,Usilampatti,2026-06-24
P03803,Kumar Iyer,26,M,162.5,50.8,AB-,+919016267129,33921328390684,Madurai,Usilampatti,2026-07-08
P03804,Selvam Velu,27,M,178.2,62.3,B-,+918059132044,13039949201330,Madurai,Usilampatti,2026-06-06
P03805,Manoj Shanmugam,42,M,158.4,72.6,B+,+919040144942,25650948464556,Madurai,Usilampatti,2026-06-22
P03806,Bala Naidu,58,M,166.2,72.7,O-,+918026716850,57434797564327,Madurai,Usilampatti,2026-07-25
P03807,Saravanan Gounder,48,M,178.9,42.4,B+,+917096936909,61121704379650,Madurai,Usilampatti,2026-06-04
P03808,Kavya Naidu,7,F,159.2,77.6,A-,+919851279824,90978276981716,Madurai,Usilampatti,2026-07-30
P03809,Sangeetha Rajan,54,F,164.2,57.4,A-,+919873763899,78425108165887,Madurai,Usilampatti,2026-06-15
P03810,Padma Naidu,17,F,164.2,65.2,AB-,+919855771649,31627970669995,Madurai,Usilampatti,2026-07-27
P03811,Geetha Iyer,65,F,162.1,77.8,AB+,+918049079798,75366680289461,Madurai,Usilampatti,2026-06-10
P03812,Divya Pillai,49,F,157.6,48.3,AB-,+919052694933,95839821570956,Madurai,Usilampatti,2026-06-24
P03813,Anitha Chettiar,30,F,157.9,33.0,A+,+919053147693,44364493747908,Madurai,Usilampatti,2026-06-29
P03814,Vidya Shanmugam,8,F,154.2,30.3,B-,+919088082055,16971576289480,Madurai,Usilampatti,2026-07-16
P03815,Divya Perumal,39,F,142.3,39.5,AB+,+918064308492,47788093676617,Madurai,Usilampatti,2026-07-14
P03816,Anitha Gounder,83,F,160.2,73.0,A-,+918091088532,02001450162444,Madurai,Usilampatti,2026-06-02
P03817,Vignesh Reddy,42,M,164.8,78.2,AB-,+918050604395,24305696058082,Madurai,Usilampatti,2026-07-27
P03818,Kumar Nair,42,M,166.8,63.7,O+,+919836915192,95556422608175,Madurai,Usilampatti,2026-06-30
P03819,Sowmya Raman,24,F,135.2,67.6,A+,+919071373435,94905158488825,Madurai,Usilampatti,2026-07-31
P03820,Ramesh Natarajan,8,M,175.4,51.8,B+,+919078050026,11416895065731,Madurai,Usilampatti,2026-06-04
P03821,Saravanan Iyer,45,M,171.5,61.9,AB+,+919873782602,71902336828780,Madurai,Usilampatti,2026-06-30
P03822,Padma Nair,46,F,166.2,60.7,A+,+919027827681,91775086392776,Madurai,Usilampatti,2026-06-20
P03823,Yamuna Shanmugam,41,F,150.0,65.7,AB+,+917097563510,43668995704118,Madurai,Usilampatti,2026-06-03
P03824,Revathi Murugan,47,F,156.2,70.5,AB+,+919033728436,19634610875986,Madurai,Usilampatti,2026-06-09
P03825,Suresh Nair,8,M,169.7,57.4,O+,+917052996177,79268248375160,Madurai,Usilampatti,2026-07-05
P03826,Nithya Krishnan,44,F,150.7,34.9,B-,+919020991795,95730097465248,Madurai,Usilampatti,2026-07-11
P03827,Bala Raman,34,M,170.0,62.3,AB+,+919052304101,33495692401385,Madurai,Usilampatti,2026-06-20
P03828,Malar Reddy,31,F,167.1,46.4,A+,+919099194779,22824874323629,Madurai,Usilampatti,2026-06-27
P03829,Saravanan Krishnan,28,M,175.3,61.9,AB+,+919017050897,00679471991201,Madurai,Usilampatti,2026-07-19
P03830,Vignesh Perumal,32,M,165.4,41.6,B+,+917056734629,56419903970970,Madurai,Usilampatti,2026-07-14
P03831,Kalaivani Sundaram,29,F,151.8,82.2,A-,+918023473730,99975254707883,Madurai,Usilampatti,2026-07-21
P03832,Nithya Naidu,41,F,142.1,39.4,AB-,+918099364717,51212086550990,Madurai,Usilampatti,2026-07-22
P03833,Geetha Reddy,62,F,157.7,60.8,AB-,+917063747960,34415136124036,Madurai,Usilampatti,2026-07-31
P03834,Ravi Nair,54,M,168.7,70.4,AB-,+917090263712,17602402635688,Madurai,Usilampatti,2026-07-12
P03835,Lakshmi Krishnan,11,F,147.4,49.5,AB+,+918090208218,16967083238782,Madurai,Usilampatti,2026-06-07
P03836,Lakshmi Krishnan,57,F,160.2,58.3,A-,+919816277242,47640038160603,Madurai,Usilampatti,2026-06-19
P03837,Elango Reddy,7,M,173.5,64.8,O-,+919877946376,89682734707246,Madurai,Usilampatti,2026-07-31
P03838,Gopal Perumal,49,M,176.1,63.1,AB+,+919827627784,05506728236083,Madurai,Usilampatti,2026-07-08
P03839,Malar Sundaram,49,F,153.6,59.2,B+,+919874406372,02874892823131,Madurai,Usilampatti,2026-07-09
P03840,Meena Iyer,45,F,162.8,46.4,B-,+917068355938,55335174964684,Madurai,Usilampatti,2026-07-21
P03841,Revathi Subramaniam,8,F,155.7,52.6,A-,+919825566563,72405394772313,Madurai,Usilampatti,2026-06-20
P03842,Manoj Reddy,74,M,178.0,58.3,B-,+919096261227,56486711539573,Madurai,Usilampatti,2026-06-25
P03843,Muthu Velu,50,M,163.8,68.5,B+,+917094635224,70950142755263,Madurai,Usilampatti,2026-06-01
P03844,Padma Raman,33,F,154.0,78.7,A-,+918065147734,32493845715966,Madurai,Usilampatti,2026-06-22
P03845,Suresh Velu,49,M,155.7,67.8,A-,+919820330630,32714711856306,Madurai,Usilampatti,2026-06-27
P03846,Ashok Murugan,42,M,152.3,77.5,B-,+917034272824,12988746683516,Madurai,Usilampatti,2026-07-15
P03847,Manoj Murugan,58,M,175.0,73.1,B+,+919837448780,39309065822830,Madurai,Usilampatti,2026-06-28
P03848,Muthu Perumal,68,M,159.4,60.6,A-,+919888230024,55961689149088,Madurai,Usilampatti,2026-06-15
P03849,Ramesh Natarajan,69,M,170.9,70.1,B-,+919836872106,65675696542095,Madurai,Usilampatti,2026-07-06
P03850,Arun Reddy,62,M,171.1,79.9,O+,+919853102874,67016299885849,Madurai,Usilampatti,2026-06-21
P03851,Kumar Murugan,11,M,173.0,33.4,O+,+919025196846,68605257349985,Madurai,Usilampatti,2026-06-20
P03852,Prakash Iyer,30,M,167.1,79.2,O+,+919087945360,00915422184323,Madurai,Usilampatti,2026-07-03
P03853,Bala Chettiar,1,M,168.0,55.1,O+,+917026539069,07490257359728,Madurai,Usilampatti,2026-07-16
P03854,Muthu Sundaram,37,M,162.4,76.4,O+,+918028035347,51649987427018,Madurai,Usilampatti,2026-06-29
P03855,Kalaivani Perumal,35,F,140.5,73.1,AB-,+917063853380,66552488530346,Madurai,Usilampatti,2026-07-03
P03856,Suganya Krishnan,13,F,158.6,46.1,A+,+917093771449,53656737292687,Madurai,Usilampatti,2026-06-02
P03857,Geetha Naidu,63,F,160.6,67.4,O+,+917051809013,25336028690887,Madurai,Usilampatti,2026-07-20
P03858,Padma Shanmugam,54,F,148.9,78.6,AB-,+918060135543,94463428535746,Madurai,Usilampatti,2026-07-23
P03859,Praveen Rajan,81,M,157.2,73.6,AB+,+919057803717,28980017696667,Madurai,Usilampatti,2026-07-02
P03860,Arun Natarajan,27,M,159.9,81.2,O-,+918055842229,79776680002731,Madurai,Usilampatti,2026-06-13
P03861,Selvam Rajan,8,M,168.0,65.9,O-,+919893024945,92523402119906,Madurai,Usilampatti,2026-06-09
P03862,Sangeetha Natarajan,1,F,158.6,79.4,O+,+919071072370,74920503182736,Madurai,Usilampatti,2026-07-10
P03863,Elango Murugan,61,M,173.1,57.9,A+,+919862949453,94793802839278,Madurai,Usilampatti,2026-07-01
P03864,Bala Nair,11,M,162.7,50.8,AB-,+919887243888,03004512979916,Madurai,Usilampatti,2026-07-22
P03865,Malar Pillai,43,F,156.7,30,A-,+917069614922,35527845127105,Madurai,Usilampatti,2026-06-07
P03866,Muthu Shanmugam,43,M,159.1,48.7,AB-,+919883229133,94156797808684,Madurai,Usilampatti,2026-06-14
P03867,Anitha Gounder,24,F,159.0,56.1,B-,+919061842994,17891771020378,Madurai,Usilampatti,2026-06-29
P03868,Yamuna Reddy,14,F,154.0,85.8,AB-,+919073191401,17993886848786,Madurai,Usilampatti,2026-07-05
P03869,Ashok Shanmugam,24,M,162.8,54.3,O-,+919018932653,31277315281590,Madurai,Usilampatti,2026-07-11
P03870,Meena Iyer,26,F,168.2,30,A-,+919025815755,63945128589130,Madurai,Usilampatti,2026-07-11
P03871,Selvam Perumal,37,M,153.9,67.6,AB-,+918045388074,83430674167123,Madurai,Usilampatti,2026-06-08
P03872,Kumar Balasubramaniam,30,M,177.0,59.5,AB+,+919878701654,99724372436752,Madurai,Usilampatti,2026-07-09
P03873,Manoj Raman,36,M,157.4,67.8,AB-,+918037240025,56130852471953,Madurai,Usilampatti,2026-06-30
P03874,Sangeetha Natarajan,25,F,157.4,57.3,B+,+917078955782,71634578483997,Madurai,Usilampatti,2026-07-18
P03875,Suganya Sundaram,50,F,160.1,71.6,B+,+919878690258,37012471010383,Madurai,Usilampatti,2026-06-13
P03876,Elango Natarajan,57,M,165.6,69.8,O+,+919055573720,27696624282376,Madurai,Usilampatti,2026-07-08
P03877,Vidya Sundaram,42,F,164.4,57.6,AB-,+917029040269,37868943383645,Madurai,Usilampatti,2026-06-03
P03878,Revathi Subramaniam,30,F,152.0,43.7,O+,+917065672829,61498710829682,Madurai,Usilampatti,2026-06-29
P03879,Vignesh Pillai,21,M,183.2,51.9,O-,+919060481758,32525888582124,Madurai,Usilampatti,2026-07-01
P03880,Saravanan Raman,24,M,168.4,71.5,O+,+917090063425,87313312568096,Madurai,Usilampatti,2026-06-08
P03881,Kumar Reddy,30,M,159.9,55.2,O-,+919073119919,01727853987457,Madurai,Usilampatti,2026-06-22
P03882,Saravanan Iyer,26,M,173.5,64.5,AB+,+919098704029,01810129002107,Madurai,Usilampatti,2026-06-08
P03883,Priya Rajan,30,F,150.1,46.3,A-,+917090720657,32821252855202,Madurai,Usilampatti,2026-06-09
P03884,Senthil Gounder,55,M,166.5,54.4,B-,+918082804995,55786796302359,Madurai,Usilampatti,2026-06-09
P03885,Malar Chettiar,44,F,155.0,75.6,O-,+918050772346,15076523357019,Madurai,Usilampatti,2026-07-30
P03886,Prakash Perumal,41,M,162.8,66.8,A+,+919856722422,15270127401296,Madurai,Usilampatti,2026-06-09
P03887,Kalaivani Reddy,56,F,154.7,68.8,AB-,+919876164731,19224782213258,Madurai,Usilampatti,2026-07-18
P03888,Vignesh Iyer,56,M,169.7,55.0,AB-,+917067659051,53661211237928,Madurai,Usilampatti,2026-07-14
P03889,Ravi Chettiar,34,M,180.1,71.9,O-,+919845391092,74412404384288,Madurai,Usilampatti,2026-07-10
P03890,Suresh Murugan,41,M,165.5,76.1,O-,+918073825095,02452859234463,Madurai,Usilampatti,2026-07-17
P03891,Suresh Murugan,41,M,167.8,58.2,AB-,+918098201992,39631901076237,Madurai,Usilampatti,2026-06-03
P03892,Deepa Krishnan,28,F,150.0,69.0,A-,+919876817543,43021206632673,Madurai,Usilampatti,2026-06-11
P03893,Kavya Perumal,84,F,149.1,47.7,AB+,+919065270973,41266305968328,Madurai,Usilampatti,2026-07-30
P03894,Gopal Gounder,22,M,165.3,69.3,AB+,+919089239787,33546817557958,Madurai,Usilampatti,2026-07-01
P03895,Lakshmi Velu,34,F,153.0,45.4,O-,+917074925345,56638623388410,Madurai,Usilampatti,2026-06-25
P03896,Senthil Raman,56,M,175.4,64.7,O+,+919065733291,60356238025557,Madurai,Usilampatti,2026-06-23
P03897,Bala Pillai,23,M,165.7,59.4,O+,+919871281626,47023756190424,Madurai,Usilampatti,2026-07-10
P03898,Nithya Murugan,43,F,145.3,41.0,AB+,+919846500460,97489958396048,Madurai,Usilampatti,2026-06-09
P03899,Suresh Pillai,47,M,152.6,70.0,A-,+919079586849,50618799634406,Madurai,Usilampatti,2026-07-19
P03900,Senthil Nair,44,M,163.6,42.8,O+,+919899463791,92229783099179,Madurai,Usilampatti,2026-07-04
P03901,Kumar Shanmugam,25,M,153.5,74.0,A+,+919056555057,32777705503718,Madurai,Usilampatti,2026-07-17
P03902,Naveen Iyer,7,M,166.7,48.3,O+,+919867388383,65905349757445,Madurai,Usilampatti,2026-07-09
P03903,Bala Subramaniam,61,M,168.8,55.5,O+,+919065673607,23217914018643,Madurai,Usilampatti,2026-06-22
P03904,Padma Raman,56,F,154.4,53.3,B+,+919834000140,72029455469726,Madurai,Usilampatti,2026-06-05
P03905,Manoj Natarajan,36,M,171.3,37.6,O-,+919831530733,30896126944655,Madurai,Usilampatti,2026-06-17
P03906,Praveen Reddy,32,M,159.5,66.8,B+,+918078040372,23892565846637,Madurai,Usilampatti,2026-06-09
P03907,Kavya Rajan,28,F,141.6,48.5,O+,+918074428649,35918158084994,Madurai,Usilampatti,2026-07-12
P03908,Padma Gounder,35,F,148.0,63.3,AB-,+918045182063,88635922169337,Madurai,Usilampatti,2026-06-11
P03909,Suganya Chettiar,24,F,145.2,65.5,B+,+919890729864,95376882409194,Madurai,Usilampatti,2026-06-06
P03910,Selvam Reddy,23,M,180.8,63.1,AB-,+917042601380,48993192649928,Madurai,Usilampatti,2026-07-08
P03911,Prakash Perumal,52,M,159.0,68.2,AB+,+919838944134,92112196187200,Madurai,Usilampatti,2026-06-23
P03912,Manoj Shanmugam,13,M,175.8,66.4,B+,+918093018418,09446750750461,Madurai,Usilampatti,2026-06-30
P03913,Naveen Balasubramaniam,46,M,163.3,55.3,B-,+919851118332,50676146117769,Madurai,Usilampatti,2026-06-05
P03914,Priya Shanmugam,38,F,145.3,49.6,B-,+919835686600,95273674130450,Madurai,Usilampatti,2026-06-08
P03915,Deepa Perumal,9,F,158.7,73.8,B-,+919841984059,90071365910618,Madurai,Usilampatti,2026-06-17
P03916,Ashok Naidu,65,M,161.4,74.6,O+,+919825108649,07923595510725,Madurai,Usilampatti,2026-07-09
P03917,Geetha Nair,28,F,148.6,62.1,B+,+917051323494,76228989924280,Madurai,Usilampatti,2026-07-14
P03918,Ravi Reddy,29,M,173.9,54.1,AB+,+917069541120,59265993878885,Madurai,Usilampatti,2026-06-03
P03919,Vignesh Natarajan,17,M,162.2,54.9,A-,+919013326770,81463580805791,Madurai,Usilampatti,2026-07-28
P03920,Anitha Shanmugam,28,F,158.1,74.6,B+,+917019945483,86243801180386,Madurai,Usilampatti,2026-07-31
P03921,Radha Rajan,72,F,159.5,42.3,O-,+919855583827,18423814900666,Madurai,Usilampatti,2026-06-25
P03922,Bala Shanmugam,58,M,177.3,61.2,A-,+919810638091,22377994505495,Madurai,Usilampatti,2026-06-09
P03923,Senthil Velu,35,M,160.9,51.5,AB-,+919031469761,20585927751309,Madurai,Usilampatti,2026-07-07
P03924,Kumar Balasubramaniam,16,M,155.9,38.2,B+,+917050110934,02268081463550,Madurai,Usilampatti,2026-06-10
P03925,Kalaivani Reddy,26,F,148.1,90.9,A+,+919888989825,13705711327235,Madurai,Usilampatti,2026-07-25
P03926,Sangeetha Shanmugam,28,F,159.2,54.5,B-,+918019115360,68445655201332,Madurai,Usilampatti,2026-06-21
P03927,Kumar Naidu,17,M,175.3,62.1,A+,+918014295752,71277719101646,Madurai,Usilampatti,2026-06-07
P03928,Senthil Iyer,1,M,150.3,61.0,A-,+918069719968,26575529327673,Madurai,Usilampatti,2026-07-18
P03929,Arun Shanmugam,43,M,165.0,80.1,O+,+919022083280,11608862164942,Madurai,Usilampatti,2026-07-23
P03930,Ravi Murugan,32,M,169.3,63.6,B-,+918053572663,24485317268215,Madurai,Usilampatti,2026-07-24
P03931,Priya Murugan,1,F,168.0,83.7,B+,+919077148246,44171544396189,Madurai,Usilampatti,2026-07-30
P03932,Selvam Iyer,61,M,155.0,66.0,B-,+919085723653,93726995191320,Madurai,Usilampatti,2026-06-05
P03933,Malar Subramaniam,25,F,154.2,63.6,A+,+919080290669,27642336939091,Madurai,Usilampatti,2026-07-27
P03934,Geetha Krishnan,26,F,154.2,50.6,A-,+918058940843,73782105673380,Madurai,Usilampatti,2026-06-01
P03935,Uma Chettiar,31,F,157.7,46.5,O+,+918052113803,35650267153455,Madurai,Usilampatti,2026-06-22
P03936,Priya Reddy,48,F,159.1,30.7,O+,+918074547258,11083790879804,Madurai,Usilampatti,2026-06-18
P03937,Bala Sundaram,26,M,156.7,56.2,O+,+917013266798,12539053215963,Madurai,Usilampatti,2026-07-06
P03938,Kavya Reddy,52,F,161.6,59.8,O-,+917074700900,19494528315338,Madurai,Usilampatti,2026-07-15
P03939,Anitha Natarajan,87,F,156.5,65.3,O-,+918047029888,95875674436322,Madurai,Usilampatti,2026-06-09
P03940,Nithya Velu,40,F,153.4,49.8,AB-,+919878778403,17322657114187,Madurai,Usilampatti,2026-07-15
P03941,Ravi Reddy,51,M,153.1,51.8,B+,+919852220388,97984362017111,Madurai,Usilampatti,2026-06-30
P03942,Geetha Murugan,1,F,156.1,61.8,B-,+919829517844,60346317890236,Madurai,Usilampatti,2026-07-19
P03943,Sowmya Sundaram,39,F,165.7,76.7,A-,+919883982259,70017453883221,Madurai,Usilampatti,2026-06-28
P03944,Kavya Gounder,21,F,155.1,57.8,A-,+919845964196,30359018181021,Madurai,Usilampatti,2026-07-03
P03945,Ramesh Raman,3,M,186.3,61.1,O+,+919065939654,97955936654552,Madurai,Usilampatti,2026-06-05
P03946,Arun Shanmugam,50,M,171.3,49.5,O-,+919049651551,48634871832950,Madurai,Usilampatti,2026-07-23
P03947,Yamuna Perumal,16,F,139.7,50.7,O+,+919033622942,76198802427434,Madurai,Usilampatti,2026-06-04
P03948,Saravanan Chettiar,2,M,164.1,41.2,O-,+917044647558,81485396831859,Madurai,Usilampatti,2026-06-09
P03949,Gopal Iyer,62,M,163.4,65.8,O-,+919869596545,30638556190806,Madurai,Usilampatti,2026-07-29
P03950,Senthil Balasubramaniam,58,M,161.8,59.8,AB-,+919831792472,62576229782489,Madurai,Usilampatti,2026-06-22
P03951,Praveen Natarajan,1,M,159.7,52.0,B+,+919030664416,00929969528070,Madurai,Usilampatti,2026-06-24
P03952,Malar Perumal,77,F,152.8,35.2,A-,+919081111486,58227935625591,Madurai,Usilampatti,2026-06-05
P03953,Sangeetha Krishnan,30,F,161.0,56.5,AB-,+918078012318,93911281101801,Madurai,Usilampatti,2026-06-27
P03954,Karthik Subramaniam,67,M,171.9,50.3,B+,+917065786049,35724344048902,Madurai,Usilampatti,2026-07-12
P03955,Muthu Balasubramaniam,8,M,169.3,70.9,B+,+918073614384,64391172283751,Madurai,Usilampatti,2026-07-25
P03956,Ravi Natarajan,55,M,171.7,46.0,A+,+919080957555,59593897872619,Madurai,Usilampatti,2026-07-28
P03957,Malar Natarajan,72,F,144.9,57.7,AB-,+919045562965,11847629749497,Madurai,Usilampatti,2026-06-26
P03958,Suresh Raman,30,M,161.7,68.3,B+,+919867680294,30901573045231,Madurai,Usilampatti,2026-07-22
P03959,Gopal Reddy,46,M,176.2,63.6,AB+,+919860353871,65420986664507,Madurai,Usilampatti,2026-07-31
P03960,Suresh Reddy,22,M,161.1,65.2,O+,+918019611591,02090167443619,Madurai,Usilampatti,2026-07-03
P03961,Ashok Perumal,28,M,173.7,58.8,O-,+918079811096,13524624702177,Madurai,Usilampatti,2026-06-01
P03962,Senthil Gounder,37,M,176.6,83.2,AB+,+919870567036,91099220896958,Madurai,Usilampatti,2026-06-13
P03963,Saravanan Subramaniam,49,M,159.4,55.4,O-,+918057929645,34605811952361,Madurai,Usilampatti,2026-06-07
P03964,Muthu Nair,40,M,156.4,65.7,O+,+919092332532,12536858643311,Madurai,Usilampatti,2026-06-16
P03965,Kavya Krishnan,50,F,142.0,51.3,AB-,+919818310803,83954063516098,Madurai,Usilampatti,2026-07-15
P03966,Uma Naidu,30,F,154.8,40.9,B-,+917036469125,86065512812184,Madurai,Usilampatti,2026-06-17
P03967,Muthu Raman,19,M,165.7,65.1,AB-,+918050976063,33616063025836,Madurai,Usilampatti,2026-06-03
P03968,Nithya Krishnan,78,F,159.7,31.1,AB+,+918079509204,34661174953876,Madurai,Usilampatti,2026-06-10
P03969,Nithya Reddy,1,F,146.5,70.3,B-,+918021842929,25475608007937,Madurai,Usilampatti,2026-06-27
P03970,Divya Shanmugam,31,F,158.2,66.6,A-,+917029782692,50785373350206,Madurai,Usilampatti,2026-06-20
P03971,Kavya Natarajan,33,F,143.1,67.0,A-,+919065830233,96767149838648,Madurai,Usilampatti,2026-07-21
P03972,Padma Chettiar,14,F,140.2,55.1,A-,+918086084116,46576024912469,Madurai,Usilampatti,2026-07-03
P03973,Ashok Reddy,50,M,174.3,54.1,A+,+917075363318,48909013028783,Madurai,Usilampatti,2026-06-28
P03974,Elango Murugan,53,M,166.5,68.6,O+,+919874409752,03128691321475,Madurai,Usilampatti,2026-06-28
P03975,Senthil Sundaram,49,M,164.9,40.9,B-,+918029151999,21705075780479,Madurai,Usilampatti,2026-07-16
P03976,Kavya Shanmugam,35,F,167.7,66.2,AB-,+919816927312,53268667901686,Madurai,Usilampatti,2026-06-18
P03977,Vignesh Nair,10,M,161.6,53.5,A-,+919070883440,11952665330677,Madurai,Usilampatti,2026-06-09
P03978,Muthu Naidu,41,M,155.5,51.7,AB-,+919057648692,68254277185516,Madurai,Usilampatti,2026-07-28
P03979,Suganya Subramaniam,43,F,155.0,72.1,AB+,+919093964375,80356761156405,Madurai,Usilampatti,2026-07-05
P03980,Anitha Subramaniam,46,F,156.2,65.3,B-,+919825426625,81731430902068,Madurai,Usilampatti,2026-07-15
P03981,Elango Pillai,20,M,162.2,71.7,B-,+919838828191,88724002432405,Madurai,Usilampatti,2026-07-10
P03982,Manoj Gounder,47,M,162.6,56.2,A+,+917096171625,81379724174226,Madurai,Usilampatti,2026-06-06
P03983,Kavya Murugan,37,F,164.9,61.0,A-,+918099710858,34078142663275,Madurai,Usilampatti,2026-06-01
P03984,Selvam Subramaniam,41,M,169.8,59.0,B-,+919099122845,59787996323866,Madurai,Usilampatti,2026-07-01
P03985,Kavya Naidu,60,F,173.6,53.1,O+,+917069520891,53967753621027,Madurai,Usilampatti,2026-06-10
P03986,Karthik Natarajan,26,M,164.8,49.8,A+,+918049375661,75670770214745,Madurai,Usilampatti,2026-06-05
P03987,Kavya Chettiar,59,F,140.5,46.3,O+,+919891427330,93184575431706,Madurai,Usilampatti,2026-07-11
P03988,Padma Sundaram,14,F,156.4,50.3,A+,+919886752904,68799286308253,Madurai,Usilampatti,2026-06-25
P03989,Elango Raman,52,M,165.7,85.5,O+,+917045505674,92224066606406,Madurai,Usilampatti,2026-07-12
P03990,Vidya Sundaram,50,F,148.4,67.0,B-,+917010597196,33137587807767,Madurai,Usilampatti,2026-07-06
P03991,Divya Iyer,26,F,146.4,66.0,AB-,+919055074143,29648939886113,Madurai,Usilampatti,2026-07-14
P03992,Kalaivani Naidu,36,F,152.4,65.8,A-,+919898566923,25580817869772,Madurai,Usilampatti,2026-06-04
P03993,Deepa Subramaniam,40,F,146.5,44.5,B-,+919085454407,39952580009631,Madurai,Usilampatti,2026-06-01
P03994,Naveen Gounder,61,M,165.4,62.0,B-,+917064349043,65937350103800,Madurai,Usilampatti,2026-07-05
P03995,Priya Pillai,58,F,161.1,39.9,B+,+919098508572,41892348222471,Madurai,Usilampatti,2026-06-13
P03996,Kalaivani Murugan,37,F,151.0,49.2,O-,+918078853831,54895987119690,Madurai,Usilampatti,2026-06-08
P03997,Suresh Pillai,47,M,168.8,54.3,B-,+919093743380,75271290424082,Madurai,Usilampatti,2026-07-29
P03998,Meena Sundaram,46,F,154.2,63.5,O+,+919041396727,37309009062991,Madurai,Usilampatti,2026-07-04
P03999,Karthik Velu,27,M,161.1,90.3,B-,+918025180299,47673009164619,Madurai,Usilampatti,2026-07-28
P04000,Karthik Perumal,41,M,160.2,82.0,AB+,+919843687201,63194523621903,Madurai,Usilampatti,2026-06-14
P04001,Suganya Pillai,53,F,158.6,53.6,B+,+919840228429,26237634596263,Madurai,Usilampatti,2026-06-19
P04002,Deepa Rajan,49,F,162.5,42.9,B+,+918071342506,74807666096545,Madurai,Usilampatti,2026-07-27
P04003,Suresh Natarajan,21,M,156.5,63.4,AB+,+919032332212,49327384887610,Madurai,Usilampatti,2026-07-18
P04004,Senthil Iyer,61,M,161.2,56.3,AB-,+917066120186,90871319728580,Madurai,Usilampatti,2026-06-17
P04005,Naveen Reddy,38,M,164.7,79.6,AB+,+917027408615,88368578601580,Madurai,Usilampatti,2026-07-15
P04006,Geetha Shanmugam,71,F,155.2,66.3,A-,+919887635277,67504464307720,Madurai,Usilampatti,2026-07-10
P04007,Sangeetha Gounder,35,F,152.9,59.1,A+,+919040270376,77476930451058,Madurai,Usilampatti,2026-06-11
P04008,Ravi Sundaram,15,M,149.3,67.0,A+,+917060330351,42518868905507,Madurai,Usilampatti,2026-07-09
P04009,Priya Pillai,23,F,154.6,30,A-,+919092259042,83502652879059,Madurai,Usilampatti,2026-06-24
P04010,Sangeetha Natarajan,11,F,157.3,77.5,AB-,+917016484619,88130575410031,Madurai,Usilampatti,2026-07-29
P04011,Deepa Nair,60,F,150.9,52.6,B-,+917063964506,51424329429284,Madurai,Usilampatti,2026-07-30
P04012,Senthil Reddy,44,M,158.6,69.8,O-,+918050109118,79941973571882,Madurai,Usilampatti,2026-06-15
P04013,Meena Subramaniam,47,F,169.2,64.3,A-,+918023198919,54878970874674,Madurai,Usilampatti,2026-07-21
P04014,Manoj Naidu,68,M,165.6,63.6,B-,+919060960365,31082321115082,Madurai,Usilampatti,2026-06-25
P04015,Nithya Murugan,22,F,140.4,53.4,AB+,+918058185958,55788414574735,Madurai,Usilampatti,2026-06-07
P04016,Kalaivani Balasubramaniam,41,F,146.8,53.1,AB+,+919820470854,63447798733119,Madurai,Usilampatti,2026-07-12
P04017,Nithya Rajan,73,F,140.8,66.3,B-,+919817032105,74713143969261,Madurai,Usilampatti,2026-06-04
P04018,Elango Gounder,26,M,151.5,61.6,A+,+919899547953,50475709741417,Madurai,Usilampatti,2026-07-28
P04019,Meena Rajan,41,F,153.8,50.0,O-,+918019647341,85719751644785,Madurai,Usilampatti,2026-07-17
P04020,Sangeetha Velu,14,F,152.4,30.4,B+,+917012900453,89748542084813,Madurai,Usilampatti,2026-07-10
P04021,Vidya Balasubramaniam,57,F,161.9,55.5,B-,+917080023962,56262392415134,Madurai,Usilampatti,2026-07-03
P04022,Elango Pillai,57,M,170.5,69.8,B-,+919844787661,12541895081648,Madurai,Usilampatti,2026-07-13
P04023,Radha Rajan,30,F,146.5,68.1,A-,+919887195014,38525274704657,Madurai,Usilampatti,2026-07-06
P04024,Elango Natarajan,24,M,161.3,58.5,A-,+919070875728,87293060898192,Madurai,Usilampatti,2026-07-25
P04025,Bala Rajan,28,M,162.0,71.1,B-,+918054698593,87887022124464,Madurai,Usilampatti,2026-07-23
P04026,Naveen Velu,54,M,163.7,44.4,O+,+919086299413,48307413991454,Madurai,Usilampatti,2026-07-13
P04027,Gopal Velu,51,M,172.6,56.9,B+,+919823046703,17139608389216,Madurai,Usilampatti,2026-06-17
P04028,Kavya Naidu,40,F,153.4,39.3,A-,+919859815204,67386805610621,Madurai,Usilampatti,2026-07-17
P04029,Deepa Gounder,31,F,148.4,64.4,B-,+918018783809,24676773798890,Madurai,Usilampatti,2026-06-10
P04030,Dinesh Perumal,60,M,160.2,52.8,O+,+919025789225,59698132212495,Madurai,Usilampatti,2026-07-16
P04031,Kalaivani Chettiar,47,F,166.2,55.7,AB+,+917051838156,43805158952778,Madurai,Usilampatti,2026-06-10
P04032,Ashok Sundaram,35,M,165.2,60.7,O-,+917048431908,63828232668086,Madurai,Usilampatti,2026-06-19
P04033,Sangeetha Natarajan,40,F,158.2,65.5,AB+,+919848661466,66203566094469,Madurai,Usilampatti,2026-07-23
P04034,Lakshmi Krishnan,55,F,147.6,54.9,O+,+919893547205,62625789761682,Madurai,Usilampatti,2026-06-23
P04035,Sowmya Iyer,4,F,149.0,49.9,A-,+917077936073,71768215658868,Madurai,Usilampatti,2026-06-05
P04036,Saravanan Balasubramaniam,18,M,174.8,87.3,A-,+919098363840,11363177626018,Madurai,Usilampatti,2026-06-15
P04037,Elango Raman,25,M,172.0,68.5,AB-,+917019250240,45065804695755,Madurai,Usilampatti,2026-06-08
P04038,Vidya Velu,24,F,161.7,52.1,O+,+917054000872,57099190798451,Madurai,Usilampatti,2026-06-28
P04039,Divya Perumal,35,F,166.8,61.7,A+,+919015953694,09563944532217,Madurai,Usilampatti,2026-07-16
P04040,Radha Sundaram,59,F,159.3,49.2,A-,+919858749677,96313643962197,Madurai,Usilampatti,2026-07-12
P04041,Revathi Iyer,37,F,160.2,80.8,AB-,+918069236523,51421454781689,Madurai,Usilampatti,2026-07-27
P04042,Geetha Velu,30,F,151.9,47.9,B+,+917070231988,66942170001889,Madurai,Usilampatti,2026-06-03
P04043,Anitha Murugan,8,F,158.3,42.7,A+,+917095953087,63602096286860,Madurai,Usilampatti,2026-06-26
P04044,Yamuna Balasubramaniam,71,F,155.3,57.1,O-,+919818367216,61851688620437,Madurai,Usilampatti,2026-07-20
P04045,Senthil Shanmugam,47,M,151.3,55.1,B+,+919853094688,25756907823944,Madurai,Usilampatti,2026-06-02
P04046,Gopal Chettiar,35,M,156.5,50.8,O+,+917052279107,71798575394634,Madurai,Usilampatti,2026-07-04
P04047,Ravi Krishnan,48,M,167.0,72.7,B+,+918054441682,16281672796641,Madurai,Usilampatti,2026-06-24
P04048,Ravi Gounder,14,M,166.3,61.7,O+,+919092993422,20731083708905,Madurai,Usilampatti,2026-06-09
P04049,Prakash Velu,12,M,165.3,51.9,O-,+918082474554,44540649776897,Madurai,Usilampatti,2026-06-05
P04050,Ravi Reddy,27,M,168.0,83.8,A-,+919011975802,00159693541989,Madurai,Usilampatti,2026-07-30
P04051,Praveen Sundaram,40,M,167.1,43.7,O-,+919052386425,23662643771578,Madurai,Thirumangalam,2026-07-09
P04052,Ravi Balasubramaniam,14,M,162.5,65.1,B+,+919827963694,17882931448794,Madurai,Thirumangalam,2026-07-25
P04053,Padma Nair,61,F,152.5,78.3,AB+,+917047992128,49092522803909,Madurai,Thirumangalam,2026-06-22
P04054,Bala Iyer,21,M,171.5,79.3,B-,+919084211554,47124497787268,Madurai,Thirumangalam,2026-07-29
P04055,Uma Iyer,1,F,166.2,45.0,O+,+918011308603,44342464522039,Madurai,Thirumangalam,2026-06-01
P04056,Revathi Gounder,60,F,136.3,46.7,A-,+919049503940,37826259458385,Madurai,Thirumangalam,2026-07-29
P04057,Selvam Balasubramaniam,58,M,170.8,47.7,AB+,+919863561094,02440114320548,Madurai,Thirumangalam,2026-07-10
P04058,Manoj Balasubramaniam,45,M,180.9,56.3,AB-,+919049880919,15056828607485,Madurai,Thirumangalam,2026-06-11
P04059,Ramesh Shanmugam,22,M,161.8,66.3,B-,+918051525980,72081727552589,Madurai,Thirumangalam,2026-06-10
P04060,Kumar Velu,21,M,159.2,59.4,B+,+918069993433,41112139511673,Madurai,Thirumangalam,2026-06-22
P04061,Anitha Krishnan,36,F,166.8,47.9,B+,+917054568025,44238993475843,Madurai,Thirumangalam,2026-06-12
P04062,Geetha Raman,26,F,154.2,64.1,AB+,+918012858722,92275158955230,Madurai,Thirumangalam,2026-07-02
P04063,Nithya Velu,22,F,164.3,62.1,AB+,+918074374736,10999641249568,Madurai,Thirumangalam,2026-06-11
P04064,Vignesh Murugan,10,M,162.6,62.5,AB-,+919029485945,69411172346603,Madurai,Thirumangalam,2026-06-07
P04065,Gopal Murugan,29,M,163.3,73.1,A+,+918065832110,31347921903287,Madurai,Thirumangalam,2026-07-04
P04066,Selvam Velu,20,M,141.3,69.2,A+,+919873233103,14898153201073,Madurai,Thirumangalam,2026-07-03
P04067,Priya Sundaram,53,F,148.2,61.4,B+,+917031596407,88916940496365,Madurai,Thirumangalam,2026-07-23
P04068,Ramesh Raman,32,M,150.1,59.2,B-,+917025497685,86090916666508,Madurai,Thirumangalam,2026-07-03
P04069,Malar Murugan,29,F,157.5,52.9,A+,+917045857896,29856585137972,Madurai,Thirumangalam,2026-06-13
P04070,Malar Murugan,52,F,152.3,66.2,O+,+918010845589,23459992746621,Madurai,Thirumangalam,2026-06-23
P04071,Sangeetha Sundaram,44,F,146.3,53.4,A+,+919077711913,78917639029640,Madurai,Thirumangalam,2026-07-19
P04072,Bala Shanmugam,53,M,170.4,70.4,A+,+919846218307,59963188718798,Madurai,Thirumangalam,2026-07-07
P04073,Kumar Subramaniam,44,M,171.9,38.6,AB+,+917054677586,05581479122515,Madurai,Thirumangalam,2026-06-02
P04074,Sowmya Pillai,13,F,149.8,70.1,O-,+919086317706,02891041109792,Madurai,Thirumangalam,2026-07-28
P04075,Karthik Reddy,19,M,148.2,60.7,A+,+918043352713,73260808287238,Madurai,Thirumangalam,2026-07-22
P04076,Kalaivani Velu,51,F,145.1,68.4,AB+,+919049802833,86202636958000,Madurai,Thirumangalam,2026-07-30
P04077,Geetha Reddy,14,F,151.6,70.9,A-,+919856588387,11639931973308,Madurai,Thirumangalam,2026-06-23
P04078,Padma Natarajan,50,F,149.1,57.5,A+,+919035083270,51995290306956,Madurai,Thirumangalam,2026-07-01
P04079,Nithya Rajan,30,F,144.7,52.2,A-,+919839309280,65158543459202,Madurai,Thirumangalam,2026-06-08
P04080,Karthik Nair,62,M,165.5,89.6,O+,+919839275751,38328028735394,Madurai,Thirumangalam,2026-06-10
P04081,Muthu Subramaniam,48,M,168.6,60.6,AB-,+919083874516,62857433116478,Madurai,Thirumangalam,2026-07-05
P04082,Vidya Raman,40,F,157.6,56.8,AB-,+919035508602,39899809075043,Madurai,Thirumangalam,2026-06-13
P04083,Ravi Balasubramaniam,62,M,172.5,79.9,A+,+919064510728,28159336883011,Madurai,Thirumangalam,2026-07-06
P04084,Divya Velu,30,F,154.1,30,AB+,+917099016895,35763119792183,Madurai,Thirumangalam,2026-06-18
P04085,Praveen Subramaniam,36,M,162.9,55.1,A-,+919884213927,63858477267950,Madurai,Thirumangalam,2026-07-22
P04086,Senthil Krishnan,34,M,161.8,75.0,O-,+918036174649,25575974887697,Madurai,Thirumangalam,2026-07-03
P04087,Selvam Perumal,34,M,169.7,74.9,A+,+918039610872,70240241879878,Madurai,Thirumangalam,2026-07-21
P04088,Malar Velu,41,F,142.1,45.9,AB+,+919825430035,49169680159885,Madurai,Thirumangalam,2026-07-28
P04089,Vignesh Subramaniam,44,M,165.1,95.5,B+,+919847340630,05179589219175,Madurai,Thirumangalam,2026-06-18
P04090,Radha Iyer,72,F,157.3,62.6,A+,+919856053500,91776640072032,Madurai,Thirumangalam,2026-07-29
P04091,Elango Iyer,20,M,176.6,46.7,B+,+919097720054,97121578550486,Madurai,Thirumangalam,2026-07-22
P04092,Selvam Raman,31,M,162.2,81.1,O+,+918024533372,69217767977175,Madurai,Thirumangalam,2026-06-30
P04093,Senthil Naidu,64,M,167.5,52.4,O+,+919059496701,17030368733911,Madurai,Thirumangalam,2026-07-02
P04094,Lakshmi Pillai,55,F,149.3,54.9,B-,+917042751151,48742274993524,Madurai,Thirumangalam,2026-07-26
P04095,Muthu Shanmugam,31,M,175.3,66.6,A+,+919850986199,48801927637862,Madurai,Thirumangalam,2026-06-02
P04096,Prakash Reddy,35,M,165.1,62.1,B+,+919019314708,45299991430040,Madurai,Thirumangalam,2026-07-10
P04097,Sowmya Perumal,46,F,164.0,32.4,O+,+919853036116,95186561403544,Madurai,Thirumangalam,2026-07-12
P04098,Arun Raman,26,M,172.5,36.9,O-,+918034653821,58974869712106,Madurai,Thirumangalam,2026-07-26
P04099,Dinesh Naidu,24,M,171.5,54.0,A-,+918094703958,70834573071102,Madurai,Thirumangalam,2026-07-06
P04100,Yamuna Velu,27,F,153.3,32.9,O-,+919839376443,87334172050465,Madurai,Thirumangalam,2026-07-14
P04101,Sangeetha Pillai,20,F,152.7,69.6,B-,+917028197465,40132653733978,Madurai,Thirumangalam,2026-06-10
P04102,Uma Nair,1,F,173.2,67.0,B-,+918056910973,54992086750193,Madurai,Thirumangalam,2026-07-28
P04103,Kumar Pillai,13,M,152.2,59.0,O-,+918031017772,76395685142370,Madurai,Thirumangalam,2026-06-24
P04104,Deepa Pillai,63,F,154.7,47.1,B-,+919039690463,66113588845775,Madurai,Thirumangalam,2026-06-07
P04105,Prakash Shanmugam,62,M,161.7,54.3,A+,+917020332803,11819505285893,Madurai,Thirumangalam,2026-07-20
P04106,Kumar Murugan,42,M,161.4,63.8,A+,+919876286966,98087456347372,Madurai,Thirumangalam,2026-06-29
P04107,Senthil Velu,59,M,168.9,65.3,A-,+919816893636,22274217827710,Madurai,Thirumangalam,2026-06-15
P04108,Geetha Gounder,19,F,149.8,36.4,B+,+919052432295,12138308339334,Madurai,Thirumangalam,2026-06-06
P04109,Lakshmi Pillai,49,F,161.5,57.9,AB-,+919032711429,59144738333670,Madurai,Thirumangalam,2026-07-23
P04110,Malar Raman,51,F,143.4,66.7,O-,+919812553975,52440847710027,Madurai,Thirumangalam,2026-07-17
P04111,Padma Balasubramaniam,36,F,144.8,45.9,A-,+917068223302,49024838966536,Madurai,Thirumangalam,2026-07-05
P04112,Deepa Krishnan,33,F,173.2,40.8,AB-,+918082776778,72757318291313,Madurai,Thirumangalam,2026-06-26
P04113,Gopal Reddy,9,M,160.2,58.3,AB+,+918031350188,22544639639266,Madurai,Thirumangalam,2026-07-27
P04114,Naveen Chettiar,41,M,158.6,58.0,B-,+917034424905,41598449679484,Madurai,Thirumangalam,2026-07-07
P04115,Sowmya Reddy,60,F,163.0,48.6,O-,+919851092198,83098890815506,Madurai,Thirumangalam,2026-06-25
P04116,Uma Velu,48,F,160.0,60.9,B+,+919847815466,08595514957228,Madurai,Thirumangalam,2026-07-13
P04117,Karthik Rajan,34,M,166.5,81.7,B+,+919870095282,16977819767314,Madurai,Thirumangalam,2026-06-27
P04118,Kumar Subramaniam,36,M,172.9,82.6,AB+,+917053527546,02065157202419,Madurai,Thirumangalam,2026-07-30
P04119,Praveen Shanmugam,27,M,171.3,50.3,O-,+919890677046,05362566548190,Madurai,Thirumangalam,2026-06-25
P04120,Gopal Shanmugam,47,M,165.9,59.4,B+,+917024353733,76439960675247,Madurai,Thirumangalam,2026-06-04
P04121,Anitha Subramaniam,69,F,156.8,73.0,AB-,+917042547887,22875428900567,Madurai,Thirumangalam,2026-07-13
P04122,Sowmya Reddy,48,F,163.8,64.1,B-,+917053929401,04483917300865,Madurai,Thirumangalam,2026-06-10
P04123,Kalaivani Balasubramaniam,15,F,152.0,60.0,O+,+918093736252,94321596682927,Madurai,Thirumangalam,2026-07-19
P04124,Praveen Gounder,23,M,180.5,72.7,AB-,+917074972326,34856758499009,Madurai,Thirumangalam,2026-07-01
P04125,Kavya Balasubramaniam,36,F,165.7,45.8,A+,+919059420776,31665043448466,Madurai,Thirumangalam,2026-07-07
P04126,Elango Murugan,45,M,150.0,40.1,AB+,+918041769620,02482981320272,Madurai,Thirumangalam,2026-07-22
P04127,Nithya Perumal,27,F,155.6,51.7,B-,+917052489990,22930117968514,Madurai,Thirumangalam,2026-06-21
P04128,Uma Naidu,44,F,161.2,40.8,A-,+918048901676,86680015631437,Madurai,Thirumangalam,2026-07-06
P04129,Priya Reddy,46,F,155.4,65.5,O+,+919837237532,58521101799207,Madurai,Thirumangalam,2026-06-11
P04130,Kavya Balasubramaniam,89,F,169.9,63.5,O-,+918039435306,35657329460128,Madurai,Thirumangalam,2026-07-01
P04131,Revathi Gounder,13,F,171.5,42.3,O+,+919834156352,69707279087333,Madurai,Thirumangalam,2026-07-26
P04132,Bala Krishnan,22,M,162.6,49.0,AB-,+918078955492,86558991354665,Madurai,Thirumangalam,2026-07-14
P04133,Praveen Velu,52,M,172.9,89.1,AB+,+917018952771,02569829976997,Madurai,Thirumangalam,2026-07-16
P04134,Senthil Velu,22,M,163.0,79.2,B-,+918072639442,75405550834840,Madurai,Thirumangalam,2026-07-07
P04135,Muthu Naidu,30,M,167.5,56.3,AB-,+918081339912,97092689812118,Madurai,Thirumangalam,2026-06-19
P04136,Deepa Nair,28,F,145.8,52.5,O-,+919882628366,65095256308000,Madurai,Thirumangalam,2026-06-15
P04137,Saravanan Pillai,39,M,175.0,80.9,B+,+919897554890,00910312807299,Madurai,Thirumangalam,2026-06-29
P04138,Sangeetha Naidu,57,F,159.6,39.9,AB+,+918033794396,69640763863186,Madurai,Thirumangalam,2026-07-19
P04139,Arun Sundaram,37,M,177.7,61.0,A+,+919877136904,05407129899790,Madurai,Thirumangalam,2026-07-01
P04140,Suresh Rajan,52,M,176.0,74.2,AB-,+918021168042,45033152352532,Madurai,Thirumangalam,2026-06-10
P04141,Muthu Gounder,62,M,167.4,80.3,A-,+917010929540,11284017234467,Madurai,Thirumangalam,2026-07-29
P04142,Sowmya Subramaniam,52,F,146.6,44.4,B+,+919883789950,90826815423829,Madurai,Thirumangalam,2026-07-20
P04143,Kumar Murugan,17,M,159.0,61.5,A-,+919810488200,01591977074434,Madurai,Thirumangalam,2026-06-18
P04144,Kavya Murugan,37,F,148.4,47.7,AB-,+918084618453,91455056420244,Madurai,Thirumangalam,2026-07-25
P04145,Uma Iyer,27,F,167.8,32.4,O-,+918087444329,24209042584329,Madurai,Thirumangalam,2026-07-08
P04146,Senthil Krishnan,32,M,171.7,89.2,AB-,+919828071755,24414633278845,Madurai,Thirumangalam,2026-07-01
P04147,Bala Perumal,40,M,165.2,52.8,O-,+918056775125,72492598764006,Madurai,Thirumangalam,2026-07-02
P04148,Vidya Reddy,22,F,154.6,74.5,O+,+918041497577,70141551051775,Madurai,Thirumangalam,2026-06-08
P04149,Uma Perumal,58,F,151.4,45.5,AB-,+919861360779,26909119632362,Madurai,Thirumangalam,2026-06-16
P04150,Lakshmi Natarajan,56,F,158.7,71.5,A+,+917094410854,31688978033231,Madurai,Thirumangalam,2026-06-14
P04151,Sowmya Murugan,23,F,172.3,49.0,AB-,+917053201545,80307146010995,Madurai,Thirumangalam,2026-07-20
P04152,Divya Murugan,35,F,158.3,66.8,B-,+919841187007,03105196814691,Madurai,Thirumangalam,2026-07-20
P04153,Vignesh Velu,11,M,169.3,58.4,B-,+917048055002,24382244295153,Madurai,Thirumangalam,2026-07-31
P04154,Nithya Raman,46,F,166.5,69.8,AB-,+919034645218,60665431130963,Madurai,Thirumangalam,2026-06-12
P04155,Divya Naidu,31,F,155.4,46.2,B+,+918078174361,52204330062305,Madurai,Thirumangalam,2026-07-31
P04156,Vignesh Balasubramaniam,7,M,179.9,51.5,AB-,+918051210364,57346526749988,Madurai,Thirumangalam,2026-07-05
P04157,Elango Natarajan,52,M,161.3,63.4,B-,+919867835877,60625937724574,Madurai,Thirumangalam,2026-06-08
P04158,Deepa Velu,13,F,165.9,42.2,AB+,+917080723219,60489940185149,Madurai,Thirumangalam,2026-06-23
P04159,Yamuna Reddy,54,F,150.1,72.4,O-,+919821657691,89134931675503,Madurai,Thirumangalam,2026-07-18
P04160,Senthil Perumal,31,M,174.9,57.7,B+,+919060773859,37973678988019,Madurai,Thirumangalam,2026-07-04
P04161,Meena Nair,47,F,152.4,63.2,O-,+918046322324,04444072111259,Madurai,Thirumangalam,2026-06-07
P04162,Sangeetha Subramaniam,43,F,161.3,50.4,AB+,+917026628615,39353019363395,Madurai,Thirumangalam,2026-07-30
P04163,Padma Velu,53,F,152.1,41.9,A-,+918068744683,65149241009690,Madurai,Thirumangalam,2026-07-01
P04164,Praveen Sundaram,41,M,166.6,60.6,AB+,+918014721256,66610201174518,Madurai,Thirumangalam,2026-06-05
P04165,Arun Velu,36,M,173.8,70.1,A+,+917041027001,08597370612455,Madurai,Thirumangalam,2026-07-17
P04166,Revathi Iyer,41,F,160.7,65.7,B+,+918066566159,65098017056949,Madurai,Thirumangalam,2026-06-05
P04167,Manoj Naidu,34,M,173.5,50.5,B-,+919019830379,20045158284365,Madurai,Thirumangalam,2026-07-02
P04168,Geetha Velu,31,F,167.6,54.0,AB-,+919045521565,30278911745618,Madurai,Thirumangalam,2026-07-17
P04169,Nithya Subramaniam,41,F,155.7,57.3,AB-,+919882251403,25413214607781,Madurai,Thirumangalam,2026-06-13
P04170,Yamuna Subramaniam,52,F,158.1,73.6,AB-,+919069374171,65054767445313,Madurai,Thirumangalam,2026-06-15
P04171,Geetha Naidu,28,F,155.5,33.7,B+,+918073850937,40517175732283,Madurai,Thirumangalam,2026-07-02
P04172,Anitha Raman,55,F,162.5,67.3,A+,+918083323562,73403627562952,Madurai,Thirumangalam,2026-06-20
P04173,Elango Naidu,34,M,151.9,71.0,O-,+918016854727,82607598173116,Madurai,Thirumangalam,2026-06-28
P04174,Muthu Raman,47,M,174.5,52.6,B-,+919817305027,36082781575849,Madurai,Thirumangalam,2026-06-09
P04175,Divya Krishnan,27,F,160.9,75.0,B-,+917092533603,93896355231335,Madurai,Thirumangalam,2026-07-04
P04176,Priya Gounder,37,F,159.3,70.8,O-,+917047716431,48601016329000,Madurai,Thirumangalam,2026-06-23
P04177,Sowmya Chettiar,33,F,150.7,44.9,AB+,+917075810417,33125661420621,Madurai,Thirumangalam,2026-07-11
P04178,Sowmya Perumal,20,F,155.5,51.1,B-,+919026894810,17115223128415,Madurai,Thirumangalam,2026-07-07
P04179,Kumar Nair,1,M,171.2,53.8,O-,+918030775928,42547595762492,Madurai,Thirumangalam,2026-07-22
P04180,Kalaivani Nair,59,F,149.7,45.8,B+,+917069755371,02624585224316,Madurai,Thirumangalam,2026-06-30
P04181,Nithya Sundaram,53,F,162.4,55.5,A-,+917079892521,62265919406694,Madurai,Thirumangalam,2026-07-04
P04182,Selvam Velu,16,M,164.1,67.7,B+,+919855250705,59338419621985,Madurai,Thirumangalam,2026-06-24
P04183,Ravi Reddy,24,M,174.5,61.4,AB+,+919856847351,38473659276611,Madurai,Thirumangalam,2026-07-06
P04184,Manoj Rajan,1,M,172.3,73.2,AB+,+919010322703,48708728401067,Madurai,Thirumangalam,2026-07-19
P04185,Vidya Krishnan,34,F,166.1,52.3,B+,+917099689858,18732856580905,Madurai,Thirumangalam,2026-06-23
P04186,Saravanan Sundaram,49,M,157.6,64.1,O-,+917037138183,24030703088542,Madurai,Thirumangalam,2026-06-15
P04187,Dinesh Balasubramaniam,77,M,160.0,59.7,AB+,+918077312023,95608973654774,Madurai,Thirumangalam,2026-07-04
P04188,Lakshmi Shanmugam,58,F,154.9,53.0,O+,+918093880090,90163587514600,Madurai,Thirumangalam,2026-06-06
P04189,Ravi Reddy,36,M,166.4,43.8,A+,+918096833716,44991954017749,Madurai,Thirumangalam,2026-07-24
P04190,Suganya Iyer,7,F,174.3,61.6,O-,+918017107387,58135512640089,Madurai,Thirumangalam,2026-06-18
P04191,Senthil Velu,1,M,157.4,55.1,A+,+919864478946,64306738750278,Madurai,Thirumangalam,2026-07-21
P04192,Anitha Pillai,58,F,151.7,51.9,O+,+917070207585,74558489116617,Madurai,Thirumangalam,2026-06-25
P04193,Suresh Murugan,21,M,155.0,57.5,O+,+918023166969,50970710202349,Madurai,Thirumangalam,2026-07-22
P04194,Naveen Murugan,38,M,157.8,77.4,B-,+917040976180,86289818999328,Madurai,Thirumangalam,2026-07-15
P04195,Vidya Chettiar,58,F,143.2,64.0,A-,+918032872700,41910022591633,Madurai,Thirumangalam,2026-06-09
P04196,Anitha Pillai,18,F,148.2,75.1,A+,+919059551520,89119831030527,Madurai,Thirumangalam,2026-06-20
P04197,Karthik Reddy,42,M,170.9,80.5,B-,+917076664449,55405558644526,Madurai,Thirumangalam,2026-06-20
P04198,Deepa Murugan,48,F,153.6,59.7,B-,+919024475600,91628844835753,Madurai,Thirumangalam,2026-06-11
P04199,Manoj Krishnan,60,M,164.7,75.6,B+,+919827379952,33329619300207,Madurai,Thirumangalam,2026-07-04
P04200,Prakash Rajan,9,M,159.9,71.5,A+,+917083039808,17441170723089,Madurai,Thirumangalam,2026-06-14
P04201,Yamuna Natarajan,22,F,159.9,54.6,B-,+919078446879,43417650360291,Madurai,Thirumangalam,2026-07-24
P04202,Elango Murugan,33,M,176.9,67.4,A-,+917088566135,84465248826523,Madurai,Thirumangalam,2026-06-10
P04203,Kavya Subramaniam,41,F,161.7,51.7,AB+,+917011916759,35241544799581,Madurai,Thirumangalam,2026-06-23
P04204,Anitha Raman,46,F,172.0,55.5,B-,+918023149104,16347016541838,Madurai,Thirumangalam,2026-06-08
P04205,Meena Balasubramaniam,56,F,164.0,61.0,AB+,+917086239328,73014111094989,Madurai,Thirumangalam,2026-06-14
P04206,Senthil Rajan,56,M,160.9,54.3,AB+,+919091269934,07961840421163,Madurai,Thirumangalam,2026-07-09
P04207,Manoj Gounder,37,M,167.8,56.8,B-,+918073703174,36179844899835,Madurai,Thirumangalam,2026-07-27
P04208,Deepa Pillai,43,F,152.7,66.9,B+,+919018465092,75916489704640,Madurai,Thirumangalam,2026-06-22
P04209,Praveen Balasubramaniam,60,M,173.7,78.0,A+,+919072531606,26216315776157,Madurai,Thirumangalam,2026-06-13
P04210,Kalaivani Pillai,24,F,169.4,57.6,B-,+919844570913,93016945296724,Madurai,Thirumangalam,2026-06-23
P04211,Ramesh Natarajan,32,M,174.0,68.3,A-,+917031851059,69742890669046,Madurai,Thirumangalam,2026-07-10
P04212,Karthik Naidu,32,M,169.2,53.9,O+,+919891649465,69771576067001,Madurai,Thirumangalam,2026-06-14
P04213,Senthil Murugan,60,M,162.9,75.0,A+,+917092238364,82533436594702,Madurai,Thirumangalam,2026-06-05
P04214,Naveen Rajan,40,M,161.8,59.0,O-,+919872028259,99714685749452,Madurai,Thirumangalam,2026-06-15
P04215,Praveen Chettiar,19,M,182.4,81.1,AB+,+919879530637,09227355879772,Madurai,Thirumangalam,2026-07-30
P04216,Deepa Balasubramaniam,18,F,159.8,68.0,O+,+919882410700,63984055372858,Madurai,Thirumangalam,2026-07-25
P04217,Praveen Velu,13,M,160.1,73.8,A+,+919899391528,37715061380649,Madurai,Thirumangalam,2026-06-01
P04218,Ravi Perumal,30,M,181.6,73.2,A+,+919836498722,38304047941612,Madurai,Thirumangalam,2026-07-31
P04219,Praveen Rajan,29,M,167.6,50.6,AB-,+919070172471,44582574237720,Madurai,Thirumangalam,2026-06-13
P04220,Kalaivani Chettiar,16,F,164.4,51.4,A+,+918092525897,51946878713950,Madurai,Thirumangalam,2026-06-18
P04221,Ashok Velu,26,M,154.2,74.5,O-,+917091866296,32096672162568,Madurai,Thirumangalam,2026-06-13
P04222,Nithya Natarajan,37,F,145.6,62.9,O-,+919010986462,80861057265284,Madurai,Thirumangalam,2026-06-14
P04223,Meena Raman,33,F,148.1,50.0,O-,+917010329169,65688673822655,Madurai,Thirumangalam,2026-07-07
P04224,Prakash Gounder,47,M,165.9,70.5,A-,+919033932367,30051665234319,Madurai,Thirumangalam,2026-06-09
P04225,Malar Murugan,16,F,164.2,33.2,AB+,+919078200252,46243143560341,Madurai,Thirumangalam,2026-07-10
P04226,Kumar Rajan,48,M,171.9,57.6,O+,+917029964577,80949305534009,Madurai,Thirumangalam,2026-06-23
P04227,Nithya Rajan,25,F,158.4,67.6,AB-,+919038522057,39515746067808,Madurai,Thirumangalam,2026-06-06
P04228,Bala Chettiar,39,M,170.1,70.1,A+,+919830661628,29955215723148,Madurai,Thirumangalam,2026-07-30
P04229,Suganya Pillai,26,F,149.4,67.8,B-,+918080676816,88756999085692,Madurai,Thirumangalam,2026-07-03
P04230,Dinesh Rajan,19,M,174.5,60.8,B+,+919860603069,75667315841714,Madurai,Thirumangalam,2026-07-11
P04231,Yamuna Raman,24,F,149.8,53.4,AB-,+919858428833,15203508368606,Madurai,Thirumangalam,2026-07-27
P04232,Sowmya Sundaram,35,F,164.1,52.7,O+,+917026463457,35892700698219,Madurai,Thirumangalam,2026-06-20
P04233,Naveen Nair,29,M,162.1,75.3,O+,+919846316976,49981595177434,Madurai,Thirumangalam,2026-06-29
P04234,Karthik Nair,35,M,171.9,77.9,A+,+919839572454,48323486341521,Madurai,Thirumangalam,2026-07-22
P04235,Manoj Naidu,20,M,162.0,61.5,O+,+919092983744,07138456845861,Madurai,Thirumangalam,2026-06-29
P04236,Malar Naidu,31,F,156.8,51.5,B-,+918041145431,04498189581238,Madurai,Thirumangalam,2026-06-18
P04237,Malar Sundaram,1,F,160.3,46.5,A+,+919880361711,04990332631251,Madurai,Thirumangalam,2026-06-02
P04238,Vidya Balasubramaniam,42,F,145.0,64.2,A-,+918087382746,08850854240128,Madurai,Thirumangalam,2026-06-14
P04239,Bala Perumal,30,M,165.4,63.6,AB-,+917064423234,57024452098148,Madurai,Thirumangalam,2026-06-09
P04240,Senthil Krishnan,45,M,149.2,56.9,O-,+917016310821,98516850529354,Madurai,Thirumangalam,2026-06-19
P04241,Ravi Perumal,75,M,167.4,68.5,B+,+918057761543,74654480634468,Madurai,Thirumangalam,2026-06-04
P04242,Arun Nair,69,M,168.4,73.5,AB+,+919828098281,60188038145909,Madurai,Thirumangalam,2026-07-02
P04243,Divya Reddy,63,F,155.9,70.2,O+,+919022624122,11649649489709,Madurai,Thirumangalam,2026-07-06
P04244,Suganya Subramaniam,61,F,152.9,42.6,A+,+917012832431,80735015348429,Madurai,Thirumangalam,2026-06-21
P04245,Arun Raman,60,M,162.1,56.4,A+,+919825323267,70290280133278,Madurai,Thirumangalam,2026-07-08
P04246,Manoj Reddy,38,M,162.3,61.8,B-,+919875539644,35671949556821,Madurai,Thirumangalam,2026-07-07
P04247,Dinesh Shanmugam,32,M,166.4,40.9,AB-,+919037935915,59662354679538,Madurai,Thirumangalam,2026-06-02
P04248,Kumar Rajan,28,M,155.0,70.8,AB-,+919014909735,57937602885529,Madurai,Thirumangalam,2026-07-18
P04249,Muthu Murugan,74,M,169.2,73.6,B+,+918055589094,80484951105596,Madurai,Thirumangalam,2026-06-05
P04250,Malar Balasubramaniam,8,F,169.0,53.2,O+,+917081051905,56788632162392,Madurai,Thirumangalam,2026-07-15
P04251,Suganya Naidu,16,F,167.6,61.6,O+,+918078248043,07744214950479,Madurai,Thirumangalam,2026-07-27
P04252,Sangeetha Sundaram,8,F,160.4,41.0,O+,+919097206144,15079585326625,Madurai,Thirumangalam,2026-07-17
P04253,Muthu Naidu,52,M,142.5,59.8,O+,+918097198236,49879635784611,Madurai,Thirumangalam,2026-07-09
P04254,Dinesh Raman,39,M,158.2,63.1,B+,+917041503518,03720956250575,Madurai,Thirumangalam,2026-06-06
P04255,Suresh Krishnan,55,M,171.9,87.6,AB+,+919847454123,67637607606942,Madurai,Thirumangalam,2026-07-30
P04256,Ramesh Subramaniam,36,M,163.4,58.6,O-,+918093948201,38416497984740,Madurai,Thirumangalam,2026-07-26
P04257,Arun Murugan,18,M,161.7,59.1,A+,+918053833804,61494923611677,Madurai,Thirumangalam,2026-06-15
P04258,Divya Gounder,36,F,141.2,65.0,B-,+919022584112,17027293559732,Madurai,Thirumangalam,2026-06-14
P04259,Lakshmi Nair,18,F,152.2,44.1,O+,+918090522643,91206155989283,Madurai,Thirumangalam,2026-07-19
P04260,Anitha Iyer,41,F,154.1,44.6,B-,+919060702354,55151927541067,Madurai,Thirumangalam,2026-06-23
P04261,Radha Iyer,16,F,154.1,58.2,O-,+917049250022,19111688028125,Madurai,Thirumangalam,2026-06-18
P04262,Revathi Reddy,7,F,154.2,69.3,O+,+918066970008,20471489080494,Madurai,Thirumangalam,2026-06-18
P04263,Radha Sundaram,27,F,152.2,58.9,AB+,+917047172351,52369238220502,Madurai,Thirumangalam,2026-06-25
P04264,Geetha Naidu,51,F,160.5,45.6,AB+,+918014184742,53789409866819,Madurai,Thirumangalam,2026-06-10
P04265,Vidya Sundaram,34,F,164.6,59.3,O-,+918058832131,23857121227011,Madurai,Thirumangalam,2026-06-18
P04266,Elango Gounder,19,M,161.5,58.2,AB-,+918090119062,32501922719670,Madurai,Thirumangalam,2026-06-22
P04267,Ravi Krishnan,49,M,169.9,69.2,B+,+917052170452,33775312847943,Madurai,Thirumangalam,2026-07-20
P04268,Suresh Velu,58,M,176.6,74.9,AB+,+919044070590,45074217878300,Madurai,Thirumangalam,2026-06-10
P04269,Malar Chettiar,52,F,151.0,62.7,AB+,+919091241837,28966810630072,Madurai,Thirumangalam,2026-07-30
P04270,Bala Gounder,18,M,160.4,62.3,O-,+918082822600,21810886429432,Madurai,Thirumangalam,2026-06-26
P04271,Saravanan Reddy,47,M,157.0,35.7,A-,+917092072551,75877698796087,Madurai,Thirumangalam,2026-06-21
P04272,Bala Naidu,14,M,156.4,54.3,B+,+919866949634,29317707723096,Madurai,Thirumangalam,2026-06-14
P04273,Uma Pillai,30,F,153.1,61.2,O-,+919836255316,14305961605050,Madurai,Thirumangalam,2026-06-08
P04274,Dinesh Perumal,36,M,158.3,82.7,AB+,+917048837467,00819822283280,Madurai,Thirumangalam,2026-07-23
P04275,Ravi Murugan,24,M,169.2,62.0,AB-,+918041658853,96124222616733,Madurai,Thirumangalam,2026-07-20
P04276,Malar Naidu,51,F,155.3,54.4,O+,+919032316708,49054132371535,Madurai,Thirumangalam,2026-06-13
P04277,Uma Iyer,27,F,151.7,51.6,A-,+919093924570,15473653193366,Madurai,Thirumangalam,2026-06-22
P04278,Suganya Velu,10,F,155.3,58.5,A-,+918079099313,05439132255600,Madurai,Thirumangalam,2026-06-21
P04279,Praveen Sundaram,51,M,167.4,57.5,O+,+918071963377,48262329861889,Madurai,Thirumangalam,2026-07-31
P04280,Naveen Chettiar,55,M,152.0,64.4,O-,+917029129179,47043124021409,Madurai,Thirumangalam,2026-07-27
P04281,Suresh Natarajan,31,M,151.0,63.1,A-,+917020618924,91540224806420,Madurai,Thirumangalam,2026-06-17
P04282,Vidya Chettiar,28,F,167.0,34.5,B-,+918012705781,02683970073495,Madurai,Thirumangalam,2026-07-06
P04283,Ashok Murugan,29,M,164.1,71.6,A-,+919015351494,64756613961107,Madurai,Thirumangalam,2026-07-25
P04284,Suganya Natarajan,47,F,155.9,41.1,B-,+919014323179,36184061485460,Madurai,Thirumangalam,2026-07-24
P04285,Selvam Raman,1,M,163.2,77.6,B-,+918013156114,77261568493314,Madurai,Thirumangalam,2026-06-26
P04286,Radha Gounder,28,F,144.5,68.8,B-,+919083327727,63018844502528,Madurai,Thirumangalam,2026-07-19
P04287,Meena Gounder,39,F,159.5,64.8,A+,+918060117649,29472390067282,Madurai,Thirumangalam,2026-06-15
P04288,Suganya Nair,23,F,158.2,66.6,B-,+918099447968,11327734217697,Madurai,Thirumangalam,2026-07-24
P04289,Geetha Naidu,66,F,159.3,72.2,O-,+918028753329,05979884554273,Madurai,Thirumangalam,2026-07-13
P04290,Praveen Raman,25,M,162.8,69.8,A-,+918033896116,81595726768798,Madurai,Thirumangalam,2026-07-28
P04291,Sangeetha Balasubramaniam,34,F,156.2,42.9,B+,+918044073516,63585932109855,Madurai,Thirumangalam,2026-07-12
P04292,Priya Pillai,20,F,151.0,70.3,AB-,+918090254666,26889851551965,Madurai,Thirumangalam,2026-07-05
P04293,Sangeetha Iyer,26,F,146.3,44.1,B-,+917043554633,04153548137026,Madurai,Thirumangalam,2026-07-20
P04294,Selvam Shanmugam,51,M,179.1,72.9,B+,+917092141265,35744181469507,Madurai,Thirumangalam,2026-07-26
P04295,Saravanan Sundaram,36,M,162.0,55.1,O-,+919827607096,11872884359790,Madurai,Thirumangalam,2026-07-23
P04296,Ashok Perumal,53,M,159.8,72.8,AB+,+917076177754,78403105953250,Madurai,Thirumangalam,2026-06-05
P04297,Vidya Sundaram,24,F,154.1,71.9,AB+,+918050084758,94746925976924,Madurai,Thirumangalam,2026-06-10
P04298,Lakshmi Chettiar,63,F,149.2,46.1,O-,+918064877278,21204078443710,Madurai,Thirumangalam,2026-06-18
P04299,Vignesh Krishnan,42,M,162.1,67.8,O+,+917083566096,06376315869045,Madurai,Thirumangalam,2026-06-06
P04300,Suresh Gounder,25,M,165.8,81.7,AB-,+917084913793,34830863701267,Madurai,Thirumangalam,2026-06-08
P04301,Malar Nair,62,F,156.3,77.1,O+,+918021739351,44682040180794,Madurai,Thirumangalam,2026-07-28
P04302,Bala Subramaniam,49,M,164.4,63.2,B-,+919072949493,95765139601313,Madurai,Thirumangalam,2026-06-27
P04303,Muthu Natarajan,55,M,169.9,88.4,B+,+919825608206,22463948418498,Madurai,Thirumangalam,2026-06-11
P04304,Priya Iyer,40,F,169.2,48.2,O-,+917023716578,46897735368666,Madurai,Thirumangalam,2026-06-21
P04305,Sangeetha Subramaniam,61,F,159.4,63.7,A-,+917012708126,72483516701037,Madurai,Thirumangalam,2026-07-25
P04306,Vidya Rajan,56,F,150.9,68.9,O+,+919874377292,38522197664580,Madurai,Thirumangalam,2026-07-04
P04307,Vidya Naidu,63,F,162.0,73.3,O-,+919817218841,02462956680511,Madurai,Thirumangalam,2026-06-04
P04308,Sowmya Reddy,11,F,148.3,60.9,AB-,+919861715060,12685314000237,Madurai,Thirumangalam,2026-07-21
P04309,Radha Reddy,19,F,156.2,49.2,O+,+919091734828,23649979851246,Madurai,Thirumangalam,2026-06-15
P04310,Selvam Subramaniam,52,M,163.9,58.0,O-,+919890007200,23183142560351,Madurai,Thirumangalam,2026-07-28
P04311,Ravi Sundaram,1,M,167.9,65.2,A+,+919819144161,50485487439002,Madurai,Thirumangalam,2026-06-17
P04312,Saravanan Krishnan,46,M,152.7,64.4,AB+,+919064092678,64249418275430,Madurai,Thirumangalam,2026-06-07
P04313,Meena Subramaniam,46,F,153.6,49.0,AB-,+919088737651,96472366117614,Madurai,Thirumangalam,2026-07-02
P04314,Yamuna Naidu,23,F,159.8,58.7,A+,+919088988897,86111724789146,Madurai,Thirumangalam,2026-06-29
P04315,Anitha Naidu,38,F,161.4,41.2,A+,+917022260931,20298955481726,Madurai,Thirumangalam,2026-07-24
P04316,Divya Iyer,61,F,173.2,56.1,B-,+919015765750,47211745602671,Madurai,Thirumangalam,2026-06-15
P04317,Deepa Murugan,47,F,156.0,55.1,AB-,+919844023619,89714396600986,Madurai,Thirumangalam,2026-07-11
P04318,Divya Gounder,13,F,143.3,53.9,B-,+917035673102,49025751081939,Madurai,Thirumangalam,2026-06-02
P04319,Naveen Nair,62,M,160.6,64.1,AB+,+919089289863,51975398954769,Madurai,Thirumangalam,2026-07-31
P04320,Naveen Gounder,41,M,161.9,62.5,A-,+919086708307,03579062248139,Madurai,Thirumangalam,2026-07-04
P04321,Ravi Balasubramaniam,15,M,158.9,81.2,B+,+919866052907,51140200731065,Madurai,Thirumangalam,2026-07-18
P04322,Ashok Gounder,18,M,158.3,74.7,A-,+919819713422,04341062864792,Madurai,Thirumangalam,2026-06-30
P04323,Manoj Naidu,86,M,178.0,64.7,AB-,+918050953121,48156426439694,Madurai,Thirumangalam,2026-07-18
P04324,Divya Velu,20,F,149.0,51.5,A-,+918023649144,48971955146230,Madurai,Thirumangalam,2026-07-13
P04325,Manoj Shanmugam,42,M,150.7,78.6,B-,+918072703100,66526853074401,Madurai,Thirumangalam,2026-07-29
P04326,Suganya Naidu,33,F,153.0,46.2,AB+,+917031730303,46664502997189,Madurai,Thirumangalam,2026-07-13
P04327,Praveen Rajan,38,M,175.8,48.8,B+,+919080457858,80719631429185,Madurai,Thirumangalam,2026-06-09
P04328,Vignesh Reddy,47,M,158.9,72.6,B-,+917095131910,81597324831915,Madurai,Thirumangalam,2026-06-08
P04329,Padma Iyer,59,F,150.6,45.4,AB-,+918064361477,07187097528513,Madurai,Thirumangalam,2026-06-23
P04330,Elango Pillai,53,M,175.9,63.1,B-,+919895801502,38849583435849,Madurai,Thirumangalam,2026-07-07
P04331,Divya Chettiar,32,F,150.7,55.7,O+,+919016712432,94832616764568,Madurai,Thirumangalam,2026-07-07
P04332,Radha Shanmugam,17,F,155.2,41.3,O-,+919862223309,78634058290970,Madurai,Thirumangalam,2026-06-20
P04333,Uma Reddy,17,F,144.2,59.8,AB-,+917051209968,55340109986647,Madurai,Thirumangalam,2026-06-14
P04334,Gopal Raman,47,M,173.6,62.1,AB-,+919036832661,48750029809655,Madurai,Thirumangalam,2026-06-13
P04335,Selvam Murugan,31,M,177.5,55.7,AB+,+918056843162,77208979188361,Madurai,Thirumangalam,2026-07-03
P04336,Revathi Shanmugam,7,F,151.1,74.9,B+,+917063004099,11995882427810,Madurai,Thirumangalam,2026-07-09
P04337,Gopal Murugan,66,M,169.5,53.8,O+,+918031867188,76903626443327,Madurai,Thirumangalam,2026-07-31
P04338,Sowmya Iyer,40,F,151.2,65.2,AB+,+918075175940,77302360316508,Madurai,Thirumangalam,2026-07-19
P04339,Yamuna Iyer,49,F,149.8,65.5,A+,+919019625068,77188874944231,Madurai,Thirumangalam,2026-07-07
P04340,Gopal Gounder,43,M,167.5,66.7,A-,+917089162785,75683267045698,Madurai,Thirumangalam,2026-07-29
P04341,Kalaivani Naidu,46,F,151.0,50.7,AB-,+918027736911,30308593887056,Madurai,Thirumangalam,2026-06-26
P04342,Priya Chettiar,75,F,152.5,59.7,O+,+919833477005,33122780810888,Madurai,Thirumangalam,2026-07-22
P04343,Lakshmi Natarajan,43,F,153.6,54.3,AB-,+918077247204,34536535968568,Madurai,Thirumangalam,2026-07-11
P04344,Karthik Rajan,52,M,154.9,60.8,B+,+919878277640,66765640600930,Madurai,Thirumangalam,2026-06-23
P04345,Ashok Gounder,1,M,168.3,65.3,B+,+919090489512,48403133837742,Madurai,Thirumangalam,2026-06-02
P04346,Divya Natarajan,8,F,159.7,70.9,AB-,+919067512891,56588469181654,Madurai,Thirumangalam,2026-06-21
P04347,Sangeetha Rajan,39,F,164.6,64.7,A-,+919816118914,64952761655322,Madurai,Thirumangalam,2026-06-21
P04348,Kalaivani Murugan,41,F,150.4,60.9,AB-,+919828617717,12663505705917,Madurai,Thirumangalam,2026-07-15
P04349,Deepa Iyer,16,F,161.1,53.4,B-,+918057884283,62737119182060,Madurai,Thirumangalam,2026-06-15
P04350,Vidya Perumal,59,F,146.1,75.6,B+,+918097489742,01134826551287,Madurai,Thirumangalam,2026-07-09
P04351,Gopal Pillai,52,M,158.1,79.2,O+,+919841433051,97090355297096,Madurai,Thirumangalam,2026-06-22
P04352,Padma Gounder,48,F,163.8,60.4,B-,+918032732109,97691131883365,Madurai,Thirumangalam,2026-06-10
P04353,Geetha Murugan,64,F,148.3,67.1,AB+,+919057757803,37661418013742,Madurai,Thirumangalam,2026-06-16
P04354,Vidya Balasubramaniam,21,F,163.7,52.5,A-,+919027456745,27541095975685,Madurai,Thirumangalam,2026-06-07
P04355,Yamuna Naidu,49,F,161.5,52.6,O+,+918050823092,85420986097848,Madurai,Thirumangalam,2026-06-18
P04356,Muthu Nair,41,M,159.8,63.8,A-,+917028204010,36293828877787,Madurai,Thirumangalam,2026-06-12
P04357,Saravanan Gounder,47,M,169.0,71.3,B-,+919013598444,39788630407419,Madurai,Thirumangalam,2026-07-01
P04358,Malar Chettiar,29,F,152.0,61.1,AB+,+919849218384,63303494670276,Madurai,Thirumangalam,2026-07-17
P04359,Dinesh Reddy,25,M,158.1,64.7,B-,+917068256163,90355641672090,Madurai,Thirumangalam,2026-07-05
P04360,Meena Shanmugam,43,F,150.8,55.4,A+,+918098764030,26310138808629,Madurai,Thirumangalam,2026-07-31
P04361,Anitha Nair,30,F,151.3,61.6,AB+,+919869313778,55538373579987,Madurai,Thirumangalam,2026-06-07
P04362,Prakash Gounder,45,M,160.6,85.8,A-,+919028501785,14795993869383,Madurai,Thirumangalam,2026-07-05
P04363,Saravanan Natarajan,42,M,148.2,68.8,B+,+919092536569,42114585619780,Madurai,Thirumangalam,2026-07-23
P04364,Meena Perumal,21,F,165.7,43.2,A+,+918089186492,01818140729488,Madurai,Thirumangalam,2026-07-06
P04365,Arun Subramaniam,44,M,166.2,87.6,AB-,+918076494694,73398714096198,Madurai,Thirumangalam,2026-07-13
P04366,Anitha Nair,45,F,155.5,77.6,A+,+918031538348,54408137277631,Madurai,Thirumangalam,2026-07-15
P04367,Naveen Subramaniam,35,M,162.4,66.0,A-,+918013039886,67913384346318,Madurai,Thirumangalam,2026-07-22
P04368,Nithya Krishnan,24,F,151.4,60.0,AB+,+918090348343,37895404777932,Madurai,Thirumangalam,2026-06-11
P04369,Senthil Naidu,28,M,164.9,63.0,AB+,+919083460034,47136864368128,Madurai,Thirumangalam,2026-07-11
P04370,Suresh Raman,30,M,164.4,51.2,O-,+918020743354,56278312342992,Madurai,Thirumangalam,2026-07-13
P04371,Lakshmi Gounder,37,F,164.1,50.6,A+,+917080606772,50773095597714,Madurai,Thirumangalam,2026-07-23
P04372,Ashok Pillai,23,M,148.9,39.8,AB-,+917053101794,91204644462741,Madurai,Thirumangalam,2026-07-12
P04373,Naveen Gounder,77,M,156.7,54.8,O+,+919850312556,90575207248631,Madurai,Thirumangalam,2026-07-31
P04374,Senthil Murugan,39,M,165.4,73.0,B-,+918011492469,16076265064036,Madurai,Thirumangalam,2026-07-24
P04375,Sangeetha Nair,56,F,155.0,52.0,B-,+917026922146,10726427251609,Madurai,Thirumangalam,2026-06-23
P04376,Radha Rajan,32,F,154.3,71.9,B-,+919047181037,34699480571818,Madurai,Thirumangalam,2026-06-06
P04377,Padma Velu,30,F,154.5,30,B-,+918092138277,23732351423544,Madurai,Thirumangalam,2026-07-09
P04378,Naveen Gounder,42,M,165.5,66.6,B+,+918023329908,68268827086502,Madurai,Thirumangalam,2026-07-15
P04379,Karthik Shanmugam,36,M,159.4,68.3,B-,+917073799743,42744899881688,Madurai,Thirumangalam,2026-06-25
P04380,Muthu Nair,39,M,159.5,53.5,AB+,+918059995332,04118556576108,Madurai,Thirumangalam,2026-07-16
P04381,Arun Velu,16,M,163.8,64.1,O-,+919043690639,56335252615982,Madurai,Thirumangalam,2026-07-09
P04382,Kalaivani Sundaram,61,F,151.4,57.5,B+,+919016018807,66803602651635,Madurai,Thirumangalam,2026-06-04
P04383,Prakash Krishnan,11,M,166.5,79.7,A+,+917044180238,76694592680873,Madurai,Thirumangalam,2026-06-12
P04384,Selvam Nair,62,M,174.5,58.8,B-,+918061269421,31454615225551,Madurai,Thirumangalam,2026-07-07
P04385,Malar Krishnan,17,F,155.2,46.4,O+,+918095718677,10006218235863,Madurai,Thirumangalam,2026-07-17
P04386,Geetha Chettiar,46,F,156.3,86.0,A-,+919079897836,90449526664570,Madurai,Thirumangalam,2026-06-29
P04387,Manoj Reddy,62,M,155.9,78.5,A+,+919015856090,54127334505635,Madurai,Thirumangalam,2026-07-09
P04388,Gopal Sundaram,21,M,175.1,56.6,B+,+918062556598,22882960713579,Madurai,Thirumangalam,2026-06-19
P04389,Yamuna Subramaniam,1,F,166.4,51.1,A-,+918088527418,47594349677873,Madurai,Thirumangalam,2026-06-26
P04390,Padma Chettiar,29,F,161.9,62.7,B-,+917097472968,06277271135694,Madurai,Thirumangalam,2026-07-16
P04391,Lakshmi Balasubramaniam,35,F,152.2,50.2,B-,+918025951925,40749006832620,Madurai,Thirumangalam,2026-06-22
P04392,Praveen Raman,43,M,158.3,48.6,A+,+919824854045,20885830656335,Madurai,Thirumangalam,2026-06-11
P04393,Vignesh Naidu,56,M,159.6,59.7,A-,+919852335176,72364030675099,Madurai,Thirumangalam,2026-07-12
P04394,Elango Rajan,46,M,182.5,63.4,O-,+919097729067,49047663905652,Madurai,Thirumangalam,2026-07-15
P04395,Deepa Naidu,46,F,151.9,63.4,B+,+917072306392,57766130306019,Madurai,Thirumangalam,2026-06-18
P04396,Geetha Shanmugam,60,F,148.0,67.2,O+,+918029195358,47893069290554,Madurai,Thirumangalam,2026-06-06
P04397,Kumar Naidu,27,M,164.5,62.7,B-,+917011843934,24126035425859,Madurai,Thirumangalam,2026-06-12
P04398,Divya Chettiar,10,F,140.8,56.5,B+,+919846606447,47398470974865,Madurai,Thirumangalam,2026-07-23
P04399,Bala Nair,44,M,162.7,59.8,AB-,+918061313507,62548010317487,Madurai,Thirumangalam,2026-06-24
P04400,Elango Natarajan,16,M,162.0,85.6,AB+,+918012451114,78180659733814,Madurai,Thirumangalam,2026-07-14
P04401,Dinesh Subramaniam,18,M,184.2,81.1,A-,+917055913669,52415779258530,Madurai,Thirumangalam,2026-06-13
P04402,Bala Perumal,37,M,174.9,89.3,B+,+918098274261,81449328955791,Madurai,Thirumangalam,2026-06-25
P04403,Selvam Pillai,23,M,176.6,43.9,B+,+918033110110,95935646005614,Madurai,Thirumangalam,2026-07-06
P04404,Karthik Naidu,43,M,168.9,45.0,AB+,+919856053220,71468472896308,Madurai,Thirumangalam,2026-07-19
P04405,Praveen Balasubramaniam,56,M,173.8,76.1,A-,+918094340224,63772730140850,Madurai,Thirumangalam,2026-07-11
P04406,Sangeetha Velu,47,F,162.1,60.7,AB-,+919020663321,61027798853396,Madurai,Thirumangalam,2026-06-06
P04407,Senthil Iyer,17,M,157.2,44.3,B-,+919870954579,96120795970932,Madurai,Thirumangalam,2026-07-01
P04408,Senthil Reddy,35,M,163.7,80.0,B-,+919893481166,01740397223421,Madurai,Thirumangalam,2026-06-06
P04409,Sowmya Iyer,30,F,164.5,71.2,B-,+919856933258,79891468564922,Madurai,Thirumangalam,2026-07-21
P04410,Padma Iyer,40,F,158.1,50.2,O-,+919014872423,14861271390536,Madurai,Thirumangalam,2026-06-07
P04411,Selvam Chettiar,20,M,168.6,60.0,A+,+919894786546,95946962924058,Madurai,Thirumangalam,2026-06-15
P04412,Ashok Subramaniam,38,M,172.8,59.3,AB+,+917021111217,87407499115539,Madurai,Thirumangalam,2026-07-27
P04413,Naveen Reddy,54,M,163.6,48.0,B-,+919013744381,70192950508661,Madurai,Thirumangalam,2026-06-13
P04414,Ashok Subramaniam,12,M,167.9,61.3,A+,+919094726079,93980504421851,Madurai,Thirumangalam,2026-07-15
P04415,Praveen Chettiar,81,M,171.9,59.9,AB+,+919066850161,43694207542552,Madurai,Thirumangalam,2026-06-22
P04416,Praveen Iyer,44,M,161.4,82.7,O+,+917053538814,68807285600738,Madurai,Thirumangalam,2026-07-26
P04417,Kalaivani Murugan,63,F,156.2,77.0,A+,+919025694621,19314504115822,Madurai,Thirumangalam,2026-07-29
P04418,Elango Raman,13,M,162.1,75.4,B+,+917070561984,19560528562558,Madurai,Thirumangalam,2026-07-16
P04419,Suresh Shanmugam,24,M,146.7,64.4,A+,+917092748750,72459552122155,Madurai,Thirumangalam,2026-06-27
P04420,Suganya Raman,1,F,153.4,52.8,O+,+919068566381,84775626914229,Madurai,Thirumangalam,2026-06-18
P04421,Elango Rajan,36,M,165.2,74.7,O-,+918022926532,10812348932364,Madurai,Thirumangalam,2026-06-26
P04422,Vidya Rajan,1,F,171.4,73.9,A-,+919867846131,08079466130303,Madurai,Thirumangalam,2026-07-05
P04423,Priya Velu,1,F,169.7,61.5,O+,+919827887733,09587601213305,Madurai,Thirumangalam,2026-06-22
P04424,Uma Pillai,48,F,143.7,30,O-,+918036900407,72513386399754,Madurai,Thirumangalam,2026-07-22
P04425,Kavya Subramaniam,11,F,151.4,44.4,AB-,+918039935963,40533990265926,Madurai,Thirumangalam,2026-06-08
P04426,Revathi Balasubramaniam,37,F,147.6,77.7,B-,+917017599675,16388177220103,Madurai,Thirumangalam,2026-07-31
P04427,Dinesh Natarajan,25,M,164.5,90.6,O+,+919830594594,95646947130720,Madurai,Thirumangalam,2026-07-26
P04428,Revathi Naidu,59,F,159.0,62.7,AB+,+917064240042,16483123068125,Madurai,Thirumangalam,2026-07-21
P04429,Kavya Rajan,29,F,154.3,54.6,B+,+919815515623,61226061424586,Madurai,Thirumangalam,2026-06-04
P04430,Malar Nair,32,F,161.3,63.4,B-,+917036907772,84287333077375,Madurai,Thirumangalam,2026-07-25
P04431,Vignesh Chettiar,32,M,170.9,63.0,A+,+919057613285,41212428359461,Madurai,Thirumangalam,2026-06-01
P04432,Manoj Naidu,55,M,164.3,63.4,A+,+918041031624,67691235791003,Madurai,Thirumangalam,2026-07-22
P04433,Prakash Raman,69,M,174.8,62.2,AB+,+918014538413,70986795143165,Madurai,Thirumangalam,2026-07-16
P04434,Padma Natarajan,21,F,147.7,82.7,O-,+919046944732,81607172156639,Madurai,Thirumangalam,2026-07-25
P04435,Lakshmi Reddy,48,F,164.7,46.8,A+,+919848387413,87102704939641,Madurai,Thirumangalam,2026-06-13
P04436,Prakash Naidu,58,M,153.6,68.1,A+,+917042259657,61607599110001,Madurai,Thirumangalam,2026-06-19
P04437,Elango Krishnan,36,M,146.0,79.1,B+,+919064757136,20283562043895,Madurai,Thirumangalam,2026-07-12
P04438,Suresh Velu,30,M,171.0,68.4,O-,+919825935856,20501223271320,Madurai,Thirumangalam,2026-06-15
P04439,Manoj Iyer,39,M,158.1,51.4,AB+,+918020016191,15697171626782,Madurai,Thirumangalam,2026-07-27
P04440,Muthu Natarajan,56,M,163.5,82.2,O-,+917032651253,61586186134717,Madurai,Thirumangalam,2026-06-30
P04441,Geetha Sundaram,19,F,146.5,74.2,AB-,+919043742851,95973786265911,Madurai,Thirumangalam,2026-07-06
P04442,Divya Murugan,7,F,148.7,50.7,AB-,+918096167056,38883402586263,Madurai,Thirumangalam,2026-07-07
P04443,Manoj Raman,20,M,164.2,69.5,AB-,+918073683014,74244356480789,Madurai,Thirumangalam,2026-06-09
P04444,Revathi Krishnan,49,F,159.0,60.2,O-,+919890109575,64388733462246,Madurai,Thirumangalam,2026-07-07
P04445,Revathi Pillai,35,F,164.8,58.8,B-,+917047001273,00512948693504,Madurai,Thirumangalam,2026-07-23
P04446,Revathi Subramaniam,27,F,158.8,74.4,B+,+919815025241,32036136263983,Madurai,Thirumangalam,2026-06-04
P04447,Priya Shanmugam,62,F,149.0,56.6,O-,+919021815743,35262289810850,Madurai,Thirumangalam,2026-06-04
P04448,Prakash Pillai,45,M,185.1,71.1,AB-,+919855034111,79410503197111,Madurai,Thirumangalam,2026-07-25
P04449,Kavya Gounder,25,F,146.8,42.7,O-,+919049819644,76847675063447,Madurai,Thirumangalam,2026-06-10
P04450,Ramesh Balasubramaniam,39,M,144.8,47.3,O+,+917074230648,66444106192084,Madurai,Thirumangalam,2026-06-20
P04451,Senthil Balasubramaniam,35,M,160.8,83.4,AB+,+919837857358,84291846122391,Madurai,Thirumangalam,2026-07-17
P04452,Manoj Reddy,44,M,162.7,75.9,A+,+919859455989,34029266731678,Madurai,Thirumangalam,2026-07-17
P04453,Revathi Murugan,49,F,155.9,72.4,AB-,+919044749618,23972801870528,Madurai,Thirumangalam,2026-06-19
P04454,Uma Perumal,16,F,147.9,72.0,AB-,+917071117956,91481398298108,Madurai,Thirumangalam,2026-06-08
P04455,Revathi Perumal,51,F,156.6,67.5,O-,+917089377262,81814969645337,Madurai,Thirumangalam,2026-07-08
P04456,Saravanan Gounder,29,M,162.3,32.9,B-,+918050012909,34118251486402,Madurai,Thirumangalam,2026-07-01
P04457,Vignesh Iyer,52,M,164.6,60.8,A+,+919079593593,72874394358621,Madurai,Thirumangalam,2026-07-19
P04458,Saravanan Murugan,37,M,153.0,45.8,A+,+919825708121,78098865985417,Madurai,Thirumangalam,2026-07-11
P04459,Dinesh Perumal,43,M,169.7,58.5,AB+,+917068931716,55651739426206,Madurai,Thirumangalam,2026-07-28
P04460,Praveen Naidu,25,M,150.4,54.6,O-,+918013643991,58470854124478,Madurai,Thirumangalam,2026-07-22
P04461,Kalaivani Raman,38,F,156.5,50.3,AB-,+918053742018,35324449295797,Madurai,Thirumangalam,2026-07-25
P04462,Geetha Velu,10,F,143.0,37.0,A+,+917038805595,42225624677516,Madurai,Thirumangalam,2026-06-09
P04463,Padma Iyer,29,F,135.7,59.3,A-,+917067098177,24421696176000,Madurai,Thirumangalam,2026-06-05
P04464,Deepa Chettiar,51,F,164.3,63.2,AB+,+919864594175,66260895588371,Madurai,Thirumangalam,2026-07-21
P04465,Gopal Balasubramaniam,44,M,175.9,54.5,AB-,+918048368245,17404715929121,Madurai,Thirumangalam,2026-07-31
P04466,Ravi Shanmugam,31,M,171.0,48.6,AB-,+917043964098,32080468990098,Madurai,Thirumangalam,2026-07-22
P04467,Uma Perumal,28,F,163.1,60.3,O+,+917074771726,17524769389502,Madurai,Thirumangalam,2026-06-18
P04468,Ramesh Rajan,26,M,179.8,66.1,AB+,+919031046247,62458613476154,Madurai,Thirumangalam,2026-06-21
P04469,Muthu Gounder,93,M,165.2,50.6,O+,+917081741257,24538806772243,Madurai,Thirumangalam,2026-06-06
P04470,Muthu Nair,37,M,157.8,59.5,B+,+918022626855,01251283370790,Madurai,Thirumangalam,2026-06-21
P04471,Elango Chettiar,40,M,169.5,63.7,A-,+919862913779,32418081478415,Madurai,Thirumangalam,2026-07-26
P04472,Ravi Raman,48,M,165.9,79.2,B-,+917027419537,43870176931402,Madurai,Thirumangalam,2026-06-10
P04473,Sowmya Chettiar,13,F,152.5,57.1,B-,+919832639340,97459355062942,Madurai,Thirumangalam,2026-06-10
P04474,Dinesh Gounder,30,M,163.4,86.4,A+,+917019937471,20514498427788,Madurai,Thirumangalam,2026-06-27
P04475,Padma Shanmugam,33,F,155.7,72.1,AB+,+919054200049,16788505180970,Madurai,Thirumangalam,2026-07-07
P04476,Arun Shanmugam,59,M,165.6,69.8,A+,+919831748391,72974127822234,Madurai,Thirumangalam,2026-07-31
P04477,Elango Krishnan,48,M,164.1,63.9,A-,+918061827038,82133423743622,Madurai,Thirumangalam,2026-07-31
P04478,Gopal Krishnan,33,M,173.1,56.7,A+,+919867092014,29439724227934,Madurai,Thirumangalam,2026-06-12
P04479,Anitha Natarajan,51,F,164.3,36.7,AB-,+919081032780,88714365393479,Madurai,Thirumangalam,2026-06-10
P04480,Nithya Krishnan,43,F,158.9,60.0,O+,+919067673295,56594836792089,Madurai,Thirumangalam,2026-07-05
P04481,Priya Balasubramaniam,56,F,154.2,51.1,O-,+919886668440,18826617013635,Madurai,Thirumangalam,2026-07-29
P04482,Ashok Subramaniam,11,M,184.0,70.4,B+,+918091493532,78280753594827,Madurai,Thirumangalam,2026-07-12
P04483,Suresh Gounder,39,M,150.6,79.7,B-,+919022793324,66318498341345,Madurai,Thirumangalam,2026-06-09
P04484,Padma Balasubramaniam,31,F,156.4,54.7,O-,+918049110174,33747994553095,Madurai,Thirumangalam,2026-06-07
P04485,Karthik Subramaniam,25,M,158.9,59.0,AB+,+918044623068,74382882599785,Madurai,Thirumangalam,2026-07-23
P04486,Nithya Pillai,17,F,150.6,66.9,O-,+919896672755,90480606792449,Madurai,Thirumangalam,2026-06-02
P04487,Prakash Krishnan,46,M,163.5,70.5,O+,+919883175101,40894094347479,Madurai,Thirumangalam,2026-06-22
P04488,Malar Sundaram,43,F,146.2,52.2,B+,+919053433141,83140917147270,Madurai,Thirumangalam,2026-06-27
P04489,Kumar Shanmugam,41,M,154.0,57.0,B-,+919037098305,36229677506379,Madurai,Thirumangalam,2026-07-11
P04490,Selvam Subramaniam,30,M,165.1,57.6,O+,+917044465138,18458623913967,Madurai,Thirumangalam,2026-07-29
P04491,Suganya Velu,33,F,160.8,61.4,AB-,+917076819517,01645273529013,Madurai,Thirumangalam,2026-07-12
P04492,Naveen Reddy,31,M,161.5,84.2,AB+,+919056217548,94450040177675,Madurai,Thirumangalam,2026-07-17
P04493,Suresh Pillai,39,M,164.4,59.2,O-,+918091569739,92644084108672,Madurai,Thirumangalam,2026-06-17
P04494,Suganya Sundaram,60,F,160.5,59.5,O-,+919880550740,74768519329863,Madurai,Thirumangalam,2026-06-22
P04495,Senthil Nair,1,M,171.2,76.7,B-,+917046902391,16993769708632,Madurai,Thirumangalam,2026-07-09
P04496,Suganya Gounder,19,F,147.7,66.8,A-,+919847922425,36271417222830,Madurai,Thirumangalam,2026-07-06
P04497,Malar Perumal,19,F,154.3,43.7,O-,+918074967547,83814962340216,Madurai,Thirumangalam,2026-07-27
P04498,Sangeetha Pillai,43,F,151.4,37.7,B-,+919098256665,29862482922943,Madurai,Thirumangalam,2026-07-12
P04499,Selvam Iyer,56,M,178.5,67.0,B-,+919075817743,81481802054058,Madurai,Thirumangalam,2026-06-05
P04500,Saravanan Raman,1,M,153.9,65.5,O+,+917084413608,69056380400455,Madurai,Thirumangalam,2026-06-05
P04501,Karthik Velu,57,M,149.3,56.8,AB-,+918064788573,88833458096963,Madurai,Peraiyur,2026-07-30
P04502,Gopal Subramaniam,45,M,153.1,56.0,O-,+917098040209,37647891339007,Madurai,Peraiyur,2026-07-24
P04503,Kalaivani Raman,1,F,164.1,53.4,AB+,+918059111832,87766316198640,Madurai,Peraiyur,2026-06-04
P04504,Sangeetha Krishnan,42,F,158.6,50.7,O+,+917052958533,10612520605799,Madurai,Peraiyur,2026-06-27
P04505,Muthu Perumal,34,M,177.4,92.8,O-,+917046280610,57956056073771,Madurai,Peraiyur,2026-06-05
P04506,Saravanan Nair,26,M,147.7,63.9,A+,+919026429607,25322061941737,Madurai,Peraiyur,2026-07-12
P04507,Muthu Raman,50,M,161.4,64.7,B+,+917089759801,21028348635577,Madurai,Peraiyur,2026-06-08
P04508,Anitha Rajan,49,F,153.3,98.7,O+,+917098678797,25211169736654,Madurai,Peraiyur,2026-06-30
P04509,Saravanan Chettiar,36,M,146.8,67.4,AB+,+919034610790,68418605390090,Madurai,Peraiyur,2026-07-29
P04510,Divya Gounder,35,F,149.0,54.3,AB+,+919066120031,56566633080254,Madurai,Peraiyur,2026-07-04
P04511,Elango Rajan,29,M,165.7,55.3,A-,+919063364120,46062510482801,Madurai,Peraiyur,2026-07-03
P04512,Yamuna Velu,49,F,154.9,46.9,AB+,+918067012426,48973012319956,Madurai,Peraiyur,2026-06-28
P04513,Radha Raman,50,F,163.8,38.8,AB+,+919086867193,62197658860812,Madurai,Peraiyur,2026-06-14
P04514,Deepa Gounder,18,F,163.8,47.0,AB-,+919833230026,70941684061573,Madurai,Peraiyur,2026-06-06
P04515,Lakshmi Sundaram,39,F,163.2,64.3,B+,+918061874835,00651168031413,Madurai,Peraiyur,2026-07-14
P04516,Vidya Pillai,15,F,147.3,70.7,B+,+919845273509,04079820633150,Madurai,Peraiyur,2026-06-10
P04517,Priya Natarajan,24,F,148.0,62.6,A-,+918019978159,13871270839715,Madurai,Peraiyur,2026-06-11
P04518,Ravi Natarajan,50,M,167.2,30,A-,+918051358379,08397571349552,Madurai,Peraiyur,2026-06-20
P04519,Selvam Raman,38,M,148.1,55.2,A+,+919847295734,49142234719057,Madurai,Peraiyur,2026-07-30
P04520,Deepa Nair,53,F,161.3,66.9,A-,+919048437717,40987418261998,Madurai,Peraiyur,2026-07-23
P04521,Senthil Pillai,51,M,161.2,80.2,O+,+919820209999,06956251465892,Madurai,Peraiyur,2026-07-28
P04522,Revathi Murugan,32,F,162.6,45.8,AB-,+919872482201,18130612126834,Madurai,Peraiyur,2026-06-26
P04523,Ashok Krishnan,48,M,186.9,77.1,A+,+919078409396,74994531102903,Madurai,Peraiyur,2026-06-28
P04524,Padma Reddy,53,F,141.6,73.9,A-,+918078514636,77318798781113,Madurai,Peraiyur,2026-06-01
P04525,Senthil Nair,52,M,151.4,74.5,A-,+917066907749,26126240892602,Madurai,Peraiyur,2026-07-11
P04526,Yamuna Shanmugam,15,F,152.8,51.7,AB-,+918051033961,95806953020331,Madurai,Peraiyur,2026-07-30
P04527,Deepa Natarajan,33,F,160.5,63.1,AB-,+917035586571,54915751404445,Madurai,Peraiyur,2026-06-02
P04528,Karthik Sundaram,17,M,162.2,65.2,AB-,+919842158227,30665562126137,Madurai,Peraiyur,2026-07-13
P04529,Senthil Natarajan,35,M,165.9,77.2,B-,+919071938456,00071169174187,Madurai,Peraiyur,2026-06-18
P04530,Suganya Shanmugam,65,F,155.6,52.8,AB-,+918022573628,46010475753143,Madurai,Peraiyur,2026-07-12
P04531,Karthik Velu,34,M,162.3,75.0,O-,+918080973692,52772828975855,Madurai,Peraiyur,2026-06-07
P04532,Saravanan Reddy,11,M,163.2,45.9,O+,+919817822466,93467448469093,Madurai,Peraiyur,2026-06-11
P04533,Priya Naidu,28,F,148.2,54.5,B+,+919883299103,77112781613168,Madurai,Peraiyur,2026-06-29
P04534,Kumar Krishnan,41,M,167.4,57.5,A-,+919878651521,55665720071208,Madurai,Peraiyur,2026-07-27
P04535,Muthu Sundaram,41,M,177.1,60.4,A+,+917037742847,34853681909877,Madurai,Peraiyur,2026-06-21
P04536,Divya Naidu,70,F,144.8,60.6,AB-,+917029440324,50937009111653,Madurai,Peraiyur,2026-06-29
P04537,Lakshmi Velu,22,F,156.0,51.5,A-,+919898659549,32839677572985,Madurai,Peraiyur,2026-06-20
P04538,Sowmya Murugan,43,F,166.7,59.8,A-,+919831280802,15293823141046,Madurai,Peraiyur,2026-06-20
P04539,Priya Sundaram,51,F,159.6,62.8,AB+,+919819975148,55565046765505,Madurai,Peraiyur,2026-06-12
P04540,Deepa Velu,35,F,166.8,64.0,O+,+919851038053,83092907671462,Madurai,Peraiyur,2026-06-09
P04541,Ramesh Nair,34,M,168.5,80.7,B+,+919083363833,84581952771131,Madurai,Peraiyur,2026-07-03
P04542,Malar Shanmugam,22,F,161.3,67.1,B+,+918057944885,51353275923519,Madurai,Peraiyur,2026-07-01
P04543,Geetha Natarajan,58,F,157.6,43.4,O-,+917098309035,45388528386647,Madurai,Peraiyur,2026-07-01
P04544,Praveen Sundaram,19,M,158.8,54.1,AB-,+919039283688,39595642231449,Madurai,Peraiyur,2026-06-27
P04545,Ravi Krishnan,31,M,164.4,74.4,B-,+919827772371,78196236495691,Madurai,Peraiyur,2026-06-24
P04546,Lakshmi Murugan,67,F,148.7,79.2,B-,+919867450504,22063360660275,Madurai,Peraiyur,2026-06-17
P04547,Uma Gounder,62,F,148.1,66.5,B-,+919887858999,80530816957872,Madurai,Peraiyur,2026-06-10
P04548,Selvam Perumal,31,M,182.2,68.8,B-,+917057099706,12206387078159,Madurai,Peraiyur,2026-06-20
P04549,Gopal Rajan,45,M,166.9,46.4,B+,+919094721540,74641574808663,Madurai,Peraiyur,2026-07-22
P04550,Prakash Subramaniam,18,M,159.0,69.1,B-,+919041007598,61038748716445,Madurai,Peraiyur,2026-07-28
P04551,Kalaivani Chettiar,36,F,153.3,74.1,B-,+917066660557,40079658914976,Madurai,Peraiyur,2026-06-03
P04552,Meena Balasubramaniam,67,F,151.0,43.8,O+,+918079215671,37978570847079,Madurai,Peraiyur,2026-07-16
P04553,Uma Iyer,4,F,159.8,81.7,AB-,+919892988615,59534107443032,Madurai,Peraiyur,2026-07-22
P04554,Suresh Perumal,43,M,152.8,58.9,O+,+917084575445,64223596053962,Madurai,Peraiyur,2026-06-02
P04555,Anitha Reddy,46,F,144.5,67.9,AB-,+917030528329,63426724371408,Madurai,Peraiyur,2026-07-03
P04556,Naveen Gounder,37,M,172.1,49.5,A-,+918088260753,01544014015250,Madurai,Peraiyur,2026-07-31
P04557,Saravanan Velu,71,M,169.0,83.6,O+,+917076803571,31358099456726,Madurai,Peraiyur,2026-07-11
P04558,Muthu Murugan,30,M,168.3,67.2,O+,+919020430996,74906463511401,Madurai,Peraiyur,2026-06-02
P04559,Praveen Murugan,22,M,164.1,54.6,B-,+919060061646,71794365532327,Madurai,Peraiyur,2026-07-10
P04560,Arun Nair,31,M,168.7,80.3,O-,+917094465328,22665282648131,Madurai,Peraiyur,2026-07-04
P04561,Kumar Velu,44,M,159.7,95.5,O-,+919849904645,41322071084256,Madurai,Peraiyur,2026-06-17
P04562,Nithya Perumal,42,F,137.5,47.6,A-,+919091344503,06192922142648,Madurai,Peraiyur,2026-07-05
P04563,Revathi Murugan,28,F,143.6,54.1,O+,+917018030636,88783461884524,Madurai,Peraiyur,2026-07-26
P04564,Vignesh Reddy,41,M,162.1,82.5,B-,+919878483684,01708387970040,Madurai,Peraiyur,2026-07-21
P04565,Nithya Velu,40,F,158.7,44.8,O-,+919061134763,07682314576110,Madurai,Peraiyur,2026-06-05
P04566,Muthu Reddy,40,M,170.1,63.9,AB+,+919082669456,41326971793285,Madurai,Peraiyur,2026-06-06
P04567,Sangeetha Krishnan,36,F,160.0,69.3,A-,+919897545433,39436651122747,Madurai,Peraiyur,2026-07-23
P04568,Arun Velu,18,M,173.9,71.2,B+,+917056874278,27381855695457,Madurai,Peraiyur,2026-06-19
P04569,Ramesh Nair,40,M,157.5,46.0,A+,+919890403465,82730722070534,Madurai,Peraiyur,2026-07-26
P04570,Praveen Reddy,59,M,177.3,65.7,AB+,+917075658616,08519412103155,Madurai,Peraiyur,2026-06-28
P04571,Karthik Perumal,29,M,163.7,71.6,B-,+917031806874,23779644391209,Madurai,Peraiyur,2026-07-07
P04572,Manoj Balasubramaniam,47,M,166.3,78.0,A+,+918058922865,48071999319640,Madurai,Peraiyur,2026-07-21
P04573,Revathi Perumal,32,F,157.1,56.9,O-,+918079710520,69141327043917,Madurai,Peraiyur,2026-06-20
P04574,Manoj Pillai,34,M,170.0,66.9,A+,+918078377306,78812956563597,Madurai,Peraiyur,2026-06-14
P04575,Ashok Perumal,14,M,159.2,77.3,B+,+919897158268,56988647149497,Madurai,Peraiyur,2026-06-13
P04576,Anitha Gounder,2,F,155.6,33.5,AB-,+919813259957,17943433780489,Madurai,Peraiyur,2026-07-18
P04577,Manoj Iyer,7,M,169.6,46.7,B+,+919884861051,35120425634431,Madurai,Peraiyur,2026-06-14
P04578,Kumar Raman,19,M,176.2,80.7,A+,+919888439225,39690682870076,Madurai,Peraiyur,2026-07-29
P04579,Saravanan Nair,25,M,174.6,65.9,AB+,+917048065927,25194867568363,Madurai,Peraiyur,2026-06-07
P04580,Praveen Chettiar,26,M,165.0,70.1,B-,+918099545603,46609373282015,Madurai,Peraiyur,2026-07-15
P04581,Meena Perumal,30,F,147.0,38.5,AB+,+917042039184,21446544998690,Madurai,Peraiyur,2026-06-02
P04582,Lakshmi Reddy,76,F,152.4,64.1,B-,+917049316837,12145566445772,Madurai,Peraiyur,2026-06-11
P04583,Ravi Krishnan,93,M,165.5,66.2,O+,+919081924706,95428523158998,Madurai,Peraiyur,2026-07-13
P04584,Ramesh Shanmugam,35,M,162.9,59.1,O+,+919838230115,86661601079450,Madurai,Peraiyur,2026-07-26
P04585,Uma Velu,36,F,166.2,80.0,A-,+919073126094,21789402667654,Madurai,Peraiyur,2026-07-10
P04586,Ravi Krishnan,58,M,158.0,63.4,O-,+918037190520,43265882768815,Madurai,Peraiyur,2026-07-25
P04587,Ramesh Krishnan,41,M,155.3,68.9,AB-,+919865858377,58280727358674,Madurai,Peraiyur,2026-06-04
P04588,Selvam Perumal,37,M,162.9,64.7,AB+,+917054604465,03091371283790,Madurai,Peraiyur,2026-07-29
P04589,Praveen Natarajan,58,M,166.2,74.4,B-,+919083343444,94414372598494,Madurai,Peraiyur,2026-07-24
P04590,Ravi Iyer,72,M,169.2,63.0,O-,+917033474821,74940606783703,Madurai,Peraiyur,2026-07-23
P04591,Elango Pillai,42,M,157.3,46.9,B+,+918035997352,73922030750570,Madurai,Peraiyur,2026-07-30
P04592,Gopal Krishnan,28,M,177.0,50.5,B+,+917071857978,81216049018926,Madurai,Peraiyur,2026-06-03
P04593,Radha Shanmugam,50,F,156.9,41.5,B-,+919037615171,47113513959274,Madurai,Peraiyur,2026-06-24
P04594,Kavya Sundaram,13,F,147.0,54.3,B-,+919822462337,57140692471123,Madurai,Peraiyur,2026-06-01
P04595,Nithya Reddy,48,F,158.3,45.5,B-,+919862118474,31310855604991,Madurai,Peraiyur,2026-06-10
P04596,Yamuna Reddy,28,F,149.7,64.1,A-,+919873226959,75823165864702,Madurai,Peraiyur,2026-07-12
P04597,Suganya Chettiar,68,F,157.4,30,AB+,+919061253143,80546354153053,Madurai,Peraiyur,2026-07-01
P04598,Uma Chettiar,24,F,155.5,71.7,B+,+917050887121,69685126739086,Madurai,Peraiyur,2026-06-11
P04599,Anitha Subramaniam,24,F,145.0,71.8,O-,+918081447119,40035324457688,Madurai,Peraiyur,2026-06-03
P04600,Karthik Balasubramaniam,36,M,165.9,70.1,AB-,+918079999633,66737886867197,Madurai,Peraiyur,2026-06-26
P04601,Ramesh Sundaram,35,M,160.0,59.7,AB-,+919833308041,27672323290756,Madurai,Peraiyur,2026-07-20
P04602,Kumar Subramaniam,31,M,155.3,59.7,O-,+919869810742,44769619016921,Madurai,Peraiyur,2026-06-05
P04603,Vignesh Reddy,20,M,158.6,59.2,O-,+917010564475,49687089361622,Madurai,Peraiyur,2026-07-09
P04604,Ramesh Velu,1,M,154.2,70.4,A-,+919868664077,95343295064600,Madurai,Peraiyur,2026-06-03
P04605,Ramesh Shanmugam,60,M,154.6,74.5,AB+,+919078937688,30983664165076,Madurai,Peraiyur,2026-07-01
P04606,Uma Natarajan,50,F,142.4,73.3,O-,+917069937021,14522414910905,Madurai,Peraiyur,2026-07-05
P04607,Muthu Naidu,34,M,164.2,89.8,A-,+917071989775,69350837006586,Madurai,Peraiyur,2026-07-17
P04608,Praveen Balasubramaniam,48,M,168.2,83.9,B+,+917064413359,38076969729006,Madurai,Peraiyur,2026-07-25
P04609,Nithya Iyer,39,F,166.4,41.5,B+,+918089615318,63916388887052,Madurai,Peraiyur,2026-07-31
P04610,Revathi Rajan,28,F,150.7,62.8,O+,+919864120268,91425542555992,Madurai,Peraiyur,2026-07-11
P04611,Radha Rajan,51,F,154.1,67.1,AB-,+919084585756,24083415858393,Madurai,Peraiyur,2026-07-02
P04612,Deepa Natarajan,19,F,149.1,64.2,B+,+917053874843,95071627854742,Madurai,Peraiyur,2026-06-24
P04613,Ravi Naidu,1,M,184.0,77.5,B+,+919033962902,49672696191238,Madurai,Peraiyur,2026-06-23
P04614,Praveen Gounder,26,M,160.2,77.6,O-,+917051910048,25853868351190,Madurai,Peraiyur,2026-07-14
P04615,Bala Velu,47,M,158.8,74.8,B-,+919062236883,85319355642927,Madurai,Peraiyur,2026-06-29
P04616,Radha Shanmugam,20,F,149.8,56.3,A-,+918020591889,43420424939768,Madurai,Peraiyur,2026-07-29
P04617,Lakshmi Raman,69,F,145.9,61.9,AB+,+917094796909,32296989314566,Madurai,Peraiyur,2026-06-02
P04618,Bala Pillai,25,M,158.4,85.4,AB+,+919061215249,53019384404775,Madurai,Peraiyur,2026-06-12
P04619,Ravi Rajan,19,M,174.8,76.8,B+,+919039469065,02167380476778,Madurai,Peraiyur,2026-07-06
P04620,Ravi Reddy,36,M,162.4,61.8,O+,+917040478010,90103490225590,Madurai,Peraiyur,2026-06-14
P04621,Kavya Iyer,58,F,159.0,49.2,B-,+919097764898,30336798328916,Madurai,Peraiyur,2026-07-25
P04622,Malar Pillai,1,F,155.1,51.6,A-,+918097709338,49328325574445,Madurai,Peraiyur,2026-07-23
P04623,Deepa Nair,22,F,151.3,59.3,AB+,+919884245913,87966113014444,Madurai,Peraiyur,2026-06-04
P04624,Ashok Perumal,51,M,169.8,57.7,A+,+919839788832,76614489065937,Madurai,Peraiyur,2026-07-06
P04625,Manoj Krishnan,41,M,162.5,81.1,O-,+919824549957,69943918568674,Madurai,Peraiyur,2026-07-29
P04626,Malar Velu,16,F,134.7,68.2,B+,+917080328610,75406570224585,Madurai,Peraiyur,2026-06-22
P04627,Prakash Balasubramaniam,7,M,168.9,65.8,AB+,+917082723860,01551334123150,Madurai,Peraiyur,2026-06-23
P04628,Gopal Naidu,35,M,165.2,87.9,AB-,+919068402151,73896000320663,Madurai,Peraiyur,2026-07-02
P04629,Elango Pillai,47,M,154.5,69.8,B+,+918084157888,04424166072998,Madurai,Peraiyur,2026-07-14
P04630,Padma Subramaniam,18,F,147.8,75.2,AB+,+918049691693,82277893484333,Madurai,Peraiyur,2026-06-22
P04631,Karthik Raman,2,M,176.0,78.3,A+,+917089879809,09387614733220,Madurai,Peraiyur,2026-07-07
P04632,Sowmya Subramaniam,29,F,154.8,50.0,B-,+919024107387,03455501453073,Madurai,Peraiyur,2026-06-15
P04633,Elango Natarajan,47,M,165.8,65.3,B-,+919898518507,65550446220369,Madurai,Peraiyur,2026-07-13
P04634,Malar Krishnan,36,F,147.7,59.8,B+,+917034943086,02802132640116,Madurai,Peraiyur,2026-07-24
P04635,Revathi Krishnan,53,F,163.5,67.1,A-,+919054008710,50786130858500,Madurai,Peraiyur,2026-07-14
P04636,Kumar Nair,57,M,161.6,53.0,A+,+917072132112,27809085259463,Madurai,Peraiyur,2026-07-30
P04637,Naveen Nair,33,M,148.3,75.2,O+,+918047198979,13499925549595,Madurai,Peraiyur,2026-07-07
P04638,Suresh Sundaram,37,M,154.7,58.7,AB-,+918027474139,34028795736375,Madurai,Peraiyur,2026-06-10
P04639,Radha Balasubramaniam,40,F,161.2,57.3,AB+,+917039036755,61736965403568,Madurai,Peraiyur,2026-07-08
P04640,Divya Iyer,20,F,155.1,38.9,B-,+917049141200,31130121550017,Madurai,Peraiyur,2026-07-10
P04641,Saravanan Murugan,59,M,176.4,72.9,AB-,+919030401547,94880640685806,Madurai,Peraiyur,2026-07-12
P04642,Uma Balasubramaniam,23,F,155.6,68.1,O-,+918042283153,24711462772080,Madurai,Peraiyur,2026-07-08
P04643,Deepa Shanmugam,18,F,143.3,50.4,A-,+917063017903,66128164132096,Madurai,Peraiyur,2026-06-24
P04644,Senthil Natarajan,34,M,172.5,52.3,B+,+917029142636,95916039989890,Madurai,Peraiyur,2026-06-21
P04645,Padma Reddy,32,F,152.1,69.6,A-,+918030198538,91534619198787,Madurai,Peraiyur,2026-07-27
P04646,Deepa Rajan,37,F,137.4,47.9,AB+,+918037472742,26100270314425,Madurai,Peraiyur,2026-06-29
P04647,Prakash Raman,95,M,176.1,62.7,A+,+919037758890,70986172928832,Madurai,Peraiyur,2026-07-23
P04648,Praveen Balasubramaniam,31,M,151.9,36.8,O+,+919820410223,22070731971757,Madurai,Peraiyur,2026-07-04
P04649,Radha Velu,43,F,160.1,48.7,B-,+919862994715,37335472401891,Madurai,Peraiyur,2026-06-24
P04650,Geetha Rajan,27,F,147.1,46.3,AB+,+919825196277,55535135920766,Madurai,Peraiyur,2026-06-01
P04651,Malar Naidu,14,F,148.2,46.6,B+,+919854122278,84662344962278,Madurai,Peraiyur,2026-06-27
P04652,Padma Raman,21,F,152.5,61.2,O-,+919814047898,81091343429664,Madurai,Peraiyur,2026-07-04
P04653,Vignesh Murugan,45,M,167.2,58.2,AB+,+919029722765,00090987869728,Madurai,Peraiyur,2026-07-04
P04654,Ravi Pillai,25,M,156.7,54.7,A+,+917010196767,35304847697397,Madurai,Peraiyur,2026-06-29
P04655,Arun Balasubramaniam,49,M,158.6,43.8,O+,+918028899794,35029139302392,Madurai,Peraiyur,2026-07-10
P04656,Dinesh Murugan,40,M,162.5,77.1,A+,+919813004532,09621594805869,Madurai,Peraiyur,2026-06-16
P04657,Dinesh Perumal,23,M,155.9,53.7,AB+,+919024372301,60486912906582,Madurai,Peraiyur,2026-07-22
P04658,Prakash Pillai,54,M,179.2,83.2,AB+,+917036011855,65705948292984,Madurai,Peraiyur,2026-06-23
P04659,Yamuna Gounder,22,F,152.7,80.1,B-,+919823620433,59072667162562,Madurai,Peraiyur,2026-06-15
P04660,Geetha Pillai,63,F,164.3,43.8,AB+,+919071785816,45802824021019,Madurai,Peraiyur,2026-07-01
P04661,Kumar Pillai,45,M,173.3,72.3,A-,+919075333635,26521365243943,Madurai,Peraiyur,2026-06-26
P04662,Suganya Raman,53,F,144.7,65.6,A+,+919856143618,86158435814918,Madurai,Peraiyur,2026-07-12
P04663,Gopal Subramaniam,26,M,182.3,71.7,A+,+917062256556,62277121020743,Madurai,Peraiyur,2026-07-26
P04664,Ashok Krishnan,4,M,165.7,59.9,A-,+919824068336,64544112517384,Madurai,Peraiyur,2026-06-22
P04665,Gopal Shanmugam,27,M,158.9,46.9,B-,+917026263274,69523593922090,Madurai,Peraiyur,2026-06-10
P04666,Arun Natarajan,1,M,168.4,73.2,B+,+917027828235,18785427020945,Madurai,Peraiyur,2026-07-18
P04667,Priya Reddy,11,F,158.6,63.4,B-,+918025181893,68207785275320,Madurai,Peraiyur,2026-07-26
P04668,Meena Nair,61,F,145.6,40.5,AB-,+917035672688,39745021453115,Madurai,Peraiyur,2026-06-20
P04669,Vidya Reddy,32,F,163.6,44.2,B-,+917038643885,26145509254083,Madurai,Peraiyur,2026-07-11
P04670,Meena Rajan,13,F,157.5,55.1,AB-,+917091431679,52636274225853,Madurai,Peraiyur,2026-07-07
P04671,Deepa Rajan,38,F,162.3,66.8,O-,+919810265310,87476528683843,Madurai,Peraiyur,2026-07-04
P04672,Ashok Murugan,57,M,173.7,61.0,A-,+919040396521,43833506897444,Madurai,Peraiyur,2026-07-12
P04673,Priya Rajan,51,F,144.7,45.4,O-,+918092196853,80717965321709,Madurai,Peraiyur,2026-07-09
P04674,Senthil Sundaram,43,M,175.9,78.2,O+,+919851679713,65889492147585,Madurai,Peraiyur,2026-07-12
P04675,Yamuna Nair,68,F,160.2,64.5,AB+,+919095787155,36902585525161,Madurai,Peraiyur,2026-07-07
P04676,Muthu Raman,28,M,171.5,44.3,A-,+919891512547,55989834370241,Madurai,Peraiyur,2026-06-21
P04677,Praveen Chettiar,25,M,172.7,66.3,A+,+917040877752,74172714778096,Madurai,Peraiyur,2026-07-17
P04678,Suresh Subramaniam,62,M,171.4,87.5,A-,+918094777453,87047932002426,Madurai,Peraiyur,2026-06-04
P04679,Saravanan Natarajan,49,M,162.1,67.0,AB+,+917061173624,93712183538412,Madurai,Peraiyur,2026-07-04
P04680,Deepa Shanmugam,44,F,155.3,60.7,A-,+919026751523,80496377027002,Madurai,Peraiyur,2026-07-18
P04681,Arun Perumal,38,M,164.2,54.3,B+,+919831932385,66568042850388,Madurai,Peraiyur,2026-07-06
P04682,Divya Natarajan,12,F,158.7,51.5,AB+,+919038297095,47383521418047,Madurai,Peraiyur,2026-07-01
P04683,Manoj Krishnan,25,M,164.5,73.4,A-,+917032485500,74705409856706,Madurai,Peraiyur,2026-07-15
P04684,Muthu Balasubramaniam,34,M,170.3,69.6,AB-,+919824204044,85743866250284,Madurai,Peraiyur,2026-06-26
P04685,Malar Murugan,60,F,161.0,67.5,B+,+919042777735,83114100957829,Madurai,Peraiyur,2026-06-16
P04686,Yamuna Balasubramaniam,46,F,154.9,52.8,AB+,+919041570741,04827215503968,Madurai,Peraiyur,2026-07-29
P04687,Elango Naidu,51,M,170.8,74.0,A+,+919844584242,92207355620229,Madurai,Peraiyur,2026-07-29
P04688,Deepa Murugan,55,F,141.5,47.5,O+,+919074585918,07173021560139,Madurai,Peraiyur,2026-06-07
P04689,Uma Natarajan,60,F,146.6,44.4,AB+,+918019087414,05206810696138,Madurai,Peraiyur,2026-06-18
P04690,Nithya Gounder,51,F,156.6,40.1,O-,+919820403908,10234770472902,Madurai,Peraiyur,2026-07-17
P04691,Kumar Chettiar,49,M,142.8,67.6,AB-,+918085809072,98187632210814,Madurai,Peraiyur,2026-06-14
P04692,Priya Sundaram,30,F,165.3,62.5,O+,+918074781306,21484634627714,Madurai,Peraiyur,2026-06-14
P04693,Praveen Gounder,14,M,178.9,67.6,A+,+919827027573,73125696614695,Madurai,Peraiyur,2026-07-25
P04694,Radha Sundaram,11,F,170.4,77.3,A+,+919040793195,39203300989893,Madurai,Peraiyur,2026-07-14
P04695,Suganya Iyer,49,F,138.0,48.1,A-,+917078431176,46298201072287,Madurai,Peraiyur,2026-07-18
P04696,Muthu Perumal,39,M,165.0,60.1,AB-,+918040340440,73202535396540,Madurai,Peraiyur,2026-06-27
P04697,Ashok Krishnan,25,M,148.9,45.3,AB-,+919019922942,68811346984198,Madurai,Peraiyur,2026-07-14
P04698,Revathi Pillai,56,F,151.4,63.9,AB-,+919095527802,00956148801939,Madurai,Peraiyur,2026-07-07
P04699,Divya Gounder,45,F,165.3,38.7,O+,+919042452479,91593675359464,Madurai,Peraiyur,2026-07-29
P04700,Anitha Pillai,32,F,150.0,59.0,B-,+918084427337,79602041558301,Madurai,Peraiyur,2026-06-28
P04701,Manoj Nair,27,M,150.9,59.2,A-,+918081648270,33109069295124,Madurai,Peraiyur,2026-06-15
P04702,Suresh Perumal,66,M,155.5,55.6,A+,+917099468100,09132531129047,Madurai,Peraiyur,2026-07-14
P04703,Manoj Perumal,53,M,159.1,73.8,O-,+917035764164,25053034658555,Madurai,Peraiyur,2026-07-12
P04704,Praveen Sundaram,39,M,165.4,57.5,A+,+919023714594,10374086004512,Madurai,Peraiyur,2026-06-19
P04705,Suganya Reddy,53,F,150.4,46.6,B-,+919861520678,10925944528791,Madurai,Peraiyur,2026-07-06
P04706,Deepa Reddy,26,F,151.9,57.3,A-,+919075348834,91929126847167,Madurai,Peraiyur,2026-07-16
P04707,Kumar Nair,42,M,166.0,56.6,A-,+917046076053,39969271769343,Madurai,Peraiyur,2026-07-28
P04708,Karthik Chettiar,26,M,170.7,57.3,O-,+918065899189,02486966357346,Madurai,Peraiyur,2026-06-15
P04709,Ravi Nair,41,M,178.9,80.0,O+,+917088380521,75332840939423,Madurai,Peraiyur,2026-06-26
P04710,Vidya Rajan,18,F,157.4,50.6,AB+,+919022053605,81623092707868,Madurai,Peraiyur,2026-06-13
P04711,Ramesh Naidu,64,M,168.3,52.5,B+,+917060915976,39677392325112,Madurai,Peraiyur,2026-07-09
P04712,Divya Natarajan,30,F,157.2,40.3,O+,+918015913679,17199106517458,Madurai,Peraiyur,2026-06-16
P04713,Ashok Reddy,19,M,157.7,57.0,B+,+919840443909,05593194260218,Madurai,Peraiyur,2026-07-27
P04714,Elango Perumal,74,M,163.4,49.2,O-,+917014829328,16780739562381,Madurai,Peraiyur,2026-06-24
P04715,Karthik Pillai,67,M,162.2,69.1,AB+,+919829362447,74856136626287,Madurai,Peraiyur,2026-07-21
P04716,Naveen Iyer,16,M,163.2,74.4,A-,+918020063783,12178590126025,Madurai,Peraiyur,2026-06-30
P04717,Kumar Pillai,45,M,170.3,63.0,O+,+919813704030,92650648237961,Madurai,Peraiyur,2026-07-08
P04718,Suresh Shanmugam,36,M,158.3,75.4,B-,+918087560803,41116866989094,Madurai,Peraiyur,2026-06-27
P04719,Nithya Raman,45,F,143.0,40.3,O-,+917092303000,22772866345300,Madurai,Peraiyur,2026-07-23
P04720,Sowmya Reddy,50,F,149.4,58.4,A-,+919850542364,44335842467084,Madurai,Peraiyur,2026-06-08
P04721,Kavya Rajan,51,F,155.4,67.9,AB+,+917023231399,04748531824670,Madurai,Peraiyur,2026-06-05
P04722,Bala Naidu,1,M,155.1,69.1,B-,+918020671622,81264150795675,Madurai,Peraiyur,2026-06-15
P04723,Meena Gounder,10,F,161.1,74.6,O-,+918048886256,22982696195254,Madurai,Peraiyur,2026-06-03
P04724,Meena Chettiar,49,F,162.9,53.0,AB+,+918029770092,76792790541331,Madurai,Peraiyur,2026-07-03
P04725,Revathi Sundaram,25,F,151.6,49.9,B-,+919887564192,05073144120474,Madurai,Peraiyur,2026-07-04
P04726,Radha Velu,43,F,155.0,68.7,B-,+918021372507,60380807365113,Madurai,Peraiyur,2026-06-17
P04727,Karthik Pillai,59,M,179.8,63.7,O+,+918022205399,88097901437357,Madurai,Peraiyur,2026-06-24
P04728,Kavya Iyer,58,F,172.5,60.1,AB+,+918041199971,00192988092882,Madurai,Peraiyur,2026-06-07
P04729,Prakash Murugan,54,M,166.8,76.1,AB-,+919092153428,46261322168280,Madurai,Peraiyur,2026-06-26
P04730,Arun Raman,40,M,162.4,68.7,B+,+919819368030,34625384436652,Madurai,Peraiyur,2026-06-16
P04731,Praveen Gounder,37,M,165.8,76.0,A+,+919861264459,95008723395178,Madurai,Peraiyur,2026-06-02
P04732,Dinesh Murugan,71,M,164.4,55.7,B+,+918028282183,88198264258262,Madurai,Peraiyur,2026-07-25
P04733,Malar Natarajan,32,F,168.7,45.3,AB-,+917052328654,65100180356721,Madurai,Peraiyur,2026-07-31
P04734,Revathi Shanmugam,53,F,155.7,60.3,B-,+919027877574,75617139796727,Madurai,Peraiyur,2026-07-28
P04735,Kavya Naidu,52,F,155.6,77.6,AB-,+917089761618,93572563700825,Madurai,Peraiyur,2026-06-26
P04736,Suresh Velu,15,M,169.5,61.0,B+,+919837211885,36538477733623,Madurai,Peraiyur,2026-07-21
P04737,Vidya Sundaram,45,F,161.7,54.2,A+,+919844644071,75325573824079,Madurai,Peraiyur,2026-07-09
P04738,Ravi Perumal,29,M,167.1,54.7,O-,+919015396474,59206337067910,Madurai,Peraiyur,2026-07-19
P04739,Geetha Balasubramaniam,58,F,165.6,77.9,B-,+918026082764,62823088035598,Madurai,Peraiyur,2026-07-10
P04740,Meena Nair,24,F,166.8,68.8,B-,+919845100197,66604589453284,Madurai,Peraiyur,2026-06-11
P04741,Ravi Naidu,16,M,175.7,43.3,AB-,+917059971888,41597054134530,Madurai,Peraiyur,2026-07-15
P04742,Kalaivani Sundaram,35,F,152.8,41.0,AB+,+919071331129,26256265859625,Madurai,Peraiyur,2026-06-16
P04743,Geetha Perumal,26,F,147.0,68.6,A+,+917050982987,59889341996176,Madurai,Peraiyur,2026-07-23
P04744,Priya Balasubramaniam,38,F,160.2,53.8,AB+,+919085205656,24489877498548,Madurai,Peraiyur,2026-07-09
P04745,Nithya Sundaram,82,F,162.4,47.7,O+,+919096274945,59924859106153,Madurai,Peraiyur,2026-06-17
P04746,Padma Pillai,9,F,158.7,87.6,B+,+917016387313,79108482417946,Madurai,Peraiyur,2026-06-25
P04747,Yamuna Subramaniam,50,F,168.1,63.0,B+,+918010429835,53051327087254,Madurai,Peraiyur,2026-06-11
P04748,Geetha Perumal,54,F,151.2,62.3,AB+,+917054947671,89250713339597,Madurai,Peraiyur,2026-06-03
P04749,Radha Subramaniam,46,F,159.0,77.7,B-,+917051062672,91707757409360,Madurai,Peraiyur,2026-07-08
P04750,Kumar Natarajan,31,M,164.3,67.9,A+,+918052783787,62364063863605,Madurai,Peraiyur,2026-06-06
P04751,Lakshmi Gounder,27,F,169.7,59.4,A-,+917015838870,51112776138672,Madurai,Peraiyur,2026-07-01
P04752,Dinesh Subramaniam,18,M,157.4,51.8,AB+,+919058391549,81284855056353,Madurai,Peraiyur,2026-07-22
P04753,Suresh Raman,30,M,157.0,50.7,AB-,+918098877978,42946411713938,Madurai,Peraiyur,2026-06-05
P04754,Malar Subramaniam,46,F,155.6,62.0,B+,+919087517667,29828122816182,Madurai,Peraiyur,2026-07-20
P04755,Saravanan Velu,40,M,169.6,64.7,A+,+917074206297,85181577504119,Madurai,Peraiyur,2026-07-28
P04756,Manoj Nair,46,M,160.7,77.5,AB+,+918028357920,39668729363178,Madurai,Peraiyur,2026-06-14
P04757,Geetha Iyer,43,F,154.0,39.5,B-,+917016528690,52238924125637,Madurai,Peraiyur,2026-07-04
P04758,Vidya Sundaram,1,F,146.9,59.3,A-,+919015959512,70873711617413,Madurai,Peraiyur,2026-06-10
P04759,Padma Perumal,34,F,150.7,60.3,A+,+918034584116,40971628347548,Madurai,Peraiyur,2026-07-04
P04760,Vignesh Murugan,38,M,182.4,65.8,O+,+919876715614,26088601607223,Madurai,Peraiyur,2026-07-27
P04761,Lakshmi Perumal,79,F,159.4,42.5,A-,+917095115329,49001871091267,Madurai,Peraiyur,2026-06-10
P04762,Meena Shanmugam,16,F,186.2,81.1,B+,+918099135374,10319398103574,Madurai,Peraiyur,2026-07-05
P04763,Elango Raman,40,M,167.6,100.1,AB-,+918041441937,01928729131031,Madurai,Peraiyur,2026-07-02
P04764,Geetha Reddy,37,F,155.6,60.5,A+,+919837574050,09364588569344,Madurai,Peraiyur,2026-07-09
P04765,Senthil Gounder,17,M,168.7,47.6,A-,+918088522183,31982630359940,Madurai,Peraiyur,2026-07-15
P04766,Ashok Velu,31,M,169.8,75.6,A+,+918039558609,39790588615653,Madurai,Peraiyur,2026-07-22
P04767,Arun Pillai,47,M,170.1,58.3,O+,+919026565997,69930771232127,Madurai,Peraiyur,2026-06-22
P04768,Kavya Naidu,55,F,153.5,55.5,O+,+919896113446,37227701559005,Madurai,Peraiyur,2026-07-07
P04769,Senthil Pillai,39,M,156.6,67.5,AB+,+919875666273,20809649271672,Madurai,Peraiyur,2026-07-15
P04770,Lakshmi Rajan,40,F,149.9,54.2,B-,+918046057300,92306794673316,Madurai,Peraiyur,2026-06-25
P04771,Geetha Reddy,54,F,146.4,72.5,AB+,+919825407018,33926289183789,Madurai,Peraiyur,2026-07-29
P04772,Uma Naidu,33,F,157.5,67.0,O-,+918057802228,24161663872395,Madurai,Peraiyur,2026-06-09
P04773,Ravi Murugan,23,M,165.6,50.1,B-,+918068094271,73344168378926,Madurai,Peraiyur,2026-06-18
P04774,Anitha Balasubramaniam,15,F,152.5,73.8,AB-,+917095612073,32031331033733,Madurai,Peraiyur,2026-07-28
P04775,Meena Sundaram,44,F,156.7,60.1,A-,+919839172765,39883255011852,Madurai,Peraiyur,2026-06-15
P04776,Revathi Perumal,53,F,161.5,30,B+,+919037067100,07760132684311,Madurai,Peraiyur,2026-07-14
P04777,Radha Natarajan,1,F,143.3,64.8,B-,+918036143482,67053610515134,Madurai,Peraiyur,2026-06-18
P04778,Ramesh Subramaniam,8,M,176.2,56.0,O-,+917051708145,69061533996133,Madurai,Peraiyur,2026-07-04
P04779,Manoj Krishnan,27,M,166.4,70.0,B+,+918097425025,33348460060300,Madurai,Peraiyur,2026-07-11
P04780,Sowmya Nair,61,F,164.6,57.5,AB-,+918045422567,28981856091894,Madurai,Peraiyur,2026-06-17
P04781,Uma Iyer,45,F,162.3,70.6,A-,+918010068875,56751472678904,Madurai,Peraiyur,2026-06-25
P04782,Sangeetha Velu,60,F,170.4,99.3,O+,+917088474375,03317180351645,Madurai,Peraiyur,2026-07-10
P04783,Sowmya Murugan,25,F,159.4,60.1,AB+,+917038402284,73102511735377,Madurai,Peraiyur,2026-07-14
P04784,Nithya Iyer,25,F,158.8,40.1,A+,+919052826257,54595041810754,Madurai,Peraiyur,2026-06-12
P04785,Dinesh Balasubramaniam,18,M,162.9,95.2,B-,+918021886704,98009373803383,Madurai,Peraiyur,2026-07-03
P04786,Sowmya Krishnan,41,F,158.8,63.6,B-,+918032443703,25304910089145,Madurai,Peraiyur,2026-07-02
P04787,Arun Velu,95,M,153.2,57.8,O+,+918069794652,72594721412702,Madurai,Peraiyur,2026-07-24
P04788,Elango Iyer,18,M,158.3,60.6,AB+,+919054945098,90276716858084,Madurai,Peraiyur,2026-07-13
P04789,Bala Subramaniam,28,M,165.8,30,A-,+917048235422,31332829117107,Madurai,Peraiyur,2026-07-25
P04790,Bala Reddy,33,M,171.5,68.6,A-,+918088122441,81714642139742,Madurai,Peraiyur,2026-06-22
P04791,Sangeetha Krishnan,14,F,169.0,55.1,AB-,+918044673555,33272220390876,Madurai,Peraiyur,2026-07-25
P04792,Nithya Pillai,28,F,158.8,67.1,AB-,+918028332363,80351458624757,Madurai,Peraiyur,2026-07-14
P04793,Anitha Natarajan,71,F,157.4,61.1,AB-,+919094031880,64346820725104,Madurai,Peraiyur,2026-06-25
P04794,Senthil Naidu,19,M,164.9,88.2,O-,+919884718912,60042749986133,Madurai,Peraiyur,2026-06-28
P04795,Lakshmi Naidu,60,F,156.7,61.5,O-,+917064417156,73632420366714,Madurai,Peraiyur,2026-07-11
P04796,Ashok Rajan,25,M,177.9,68.9,AB-,+919834054865,85777381341642,Madurai,Peraiyur,2026-07-29
P04797,Yamuna Chettiar,60,F,164.5,69.9,B+,+919049343418,38278596831748,Madurai,Peraiyur,2026-06-05
P04798,Manoj Krishnan,27,M,152.7,65.6,A-,+919093370375,82022507895651,Madurai,Peraiyur,2026-07-06
P04799,Kavya Subramaniam,53,F,158.6,48.9,O-,+919036208986,94170528730146,Madurai,Peraiyur,2026-07-13
P04800,Dinesh Iyer,9,M,171.0,69.0,A+,+918019107768,73880222786922,Madurai,Peraiyur,2026-07-12
P04801,Manoj Murugan,38,M,167.2,95.1,A+,+918067082442,54214676164729,Madurai,Peraiyur,2026-07-18
P04802,Suganya Nair,50,F,166.0,54.8,AB+,+919017494926,08879174207525,Madurai,Peraiyur,2026-07-06
P04803,Priya Chettiar,35,F,149.1,43.1,A-,+917066577494,21309966229063,Madurai,Peraiyur,2026-07-13
P04804,Revathi Velu,55,F,155.9,39.4,B-,+919031023797,77642649390713,Madurai,Peraiyur,2026-06-08
P04805,Praveen Gounder,11,M,156.1,50.3,O-,+919838205392,61050844068443,Madurai,Peraiyur,2026-06-22
P04806,Geetha Gounder,1,F,163.7,66.1,O-,+919023439001,29906500159589,Madurai,Peraiyur,2026-07-14
P04807,Selvam Velu,22,M,158.0,44.1,B+,+919086380569,83499566637243,Madurai,Peraiyur,2026-07-09
P04808,Ravi Krishnan,51,M,163.0,47.7,B-,+919865516275,65078343483834,Madurai,Peraiyur,2026-07-13
P04809,Muthu Subramaniam,57,M,165.0,75.2,O+,+918019807350,37420282810884,Madurai,Peraiyur,2026-07-06
P04810,Suresh Chettiar,65,M,171.4,53.6,B+,+917042840608,19107527896288,Madurai,Peraiyur,2026-06-12
P04811,Malar Velu,58,F,153.2,74.7,O-,+919030914293,17260821359129,Madurai,Peraiyur,2026-06-22
P04812,Arun Natarajan,62,M,162.8,57.0,O+,+919868652664,95617182327388,Madurai,Peraiyur,2026-07-25
P04813,Saravanan Murugan,8,M,145.7,61.3,B-,+919840821429,17706756149048,Madurai,Peraiyur,2026-07-18
P04814,Meena Murugan,18,F,147.7,54.8,B+,+919047120978,35400621748819,Madurai,Peraiyur,2026-06-09
P04815,Karthik Reddy,44,M,157.6,53.0,O-,+919857819942,01638573196847,Madurai,Peraiyur,2026-07-18
P04816,Karthik Perumal,39,M,159.0,62.0,B+,+918069916610,83852635325658,Madurai,Peraiyur,2026-06-23
P04817,Karthik Raman,44,M,153.3,57.3,A-,+917040122258,46800369155426,Madurai,Peraiyur,2026-07-22
P04818,Suresh Rajan,42,M,170.1,76.7,A-,+917088606255,33104347465913,Madurai,Peraiyur,2026-07-11
P04819,Senthil Sundaram,27,M,167.6,69.4,A-,+919088688067,80924898545749,Madurai,Peraiyur,2026-07-06
P04820,Malar Krishnan,28,F,142.2,62.9,B+,+919050868971,44086991977555,Madurai,Peraiyur,2026-07-06
P04821,Suganya Raman,38,F,141.5,52.8,A+,+919087134077,44440565551971,Madurai,Peraiyur,2026-07-27
P04822,Revathi Pillai,31,F,169.1,72.2,B-,+917015305409,78152778702268,Madurai,Peraiyur,2026-06-09
P04823,Suganya Perumal,31,F,171.8,31.2,A+,+918061309149,21819892407786,Madurai,Peraiyur,2026-06-15
P04824,Revathi Sundaram,41,F,150.3,44.5,O+,+919081807091,95496716089064,Madurai,Peraiyur,2026-06-25
P04825,Divya Gounder,42,F,150.8,49.7,A-,+919054570388,09023075049168,Madurai,Peraiyur,2026-06-09
P04826,Geetha Natarajan,75,F,156.6,61.1,O-,+918041926687,65989643224901,Madurai,Peraiyur,2026-06-01
P04827,Sangeetha Krishnan,43,F,150.1,61.9,O+,+917080176474,06392823826646,Madurai,Peraiyur,2026-06-20
P04828,Prakash Reddy,68,M,186.6,82.5,O+,+919017304724,78490296591761,Madurai,Peraiyur,2026-06-12
P04829,Ravi Chettiar,53,M,164.7,84.5,A+,+919894328037,68623812775843,Madurai,Peraiyur,2026-07-28
P04830,Saravanan Pillai,49,M,173.7,58.5,O+,+917040773947,69987904546437,Madurai,Peraiyur,2026-06-12
P04831,Muthu Balasubramaniam,10,M,162.8,63.2,O+,+918076654016,68551461244658,Madurai,Peraiyur,2026-07-02
P04832,Manoj Velu,30,M,156.5,64.5,A-,+918054776292,26425915433974,Madurai,Peraiyur,2026-06-10
P04833,Karthik Velu,10,M,162.1,41.5,A-,+919040190449,45179296877291,Madurai,Peraiyur,2026-07-15
P04834,Radha Velu,38,F,154.1,81.0,B+,+919872652114,28640932234926,Madurai,Peraiyur,2026-07-29
P04835,Ravi Gounder,40,M,160.7,64.8,B+,+919055669131,26562840887647,Madurai,Peraiyur,2026-07-06
P04836,Uma Chettiar,45,F,148.4,50.2,A+,+917068473672,98588713811184,Madurai,Peraiyur,2026-07-09
P04837,Kalaivani Krishnan,61,F,148.7,62.1,A-,+919043489563,41301672507393,Madurai,Peraiyur,2026-06-21
P04838,Selvam Pillai,49,M,161.4,44.4,O-,+919829614908,38707033692249,Madurai,Peraiyur,2026-06-28
P04839,Priya Pillai,28,F,156.5,70.8,O-,+917059639971,35452553622809,Madurai,Peraiyur,2026-06-24
P04840,Manoj Raman,19,M,146.5,73.2,O-,+919831810732,54290743389265,Madurai,Peraiyur,2026-06-17
P04841,Priya Murugan,43,F,159.6,44.2,O-,+917095340813,41215068498214,Madurai,Peraiyur,2026-06-10
P04842,Anitha Iyer,26,F,158.8,63.2,AB+,+919887089190,19862640592826,Madurai,Peraiyur,2026-06-17
P04843,Sowmya Gounder,16,F,178.1,82.6,O+,+918074273563,18467072729744,Madurai,Peraiyur,2026-07-13
P04844,Ashok Murugan,35,M,168.0,59.0,A+,+919812399971,65589884069422,Madurai,Peraiyur,2026-06-05
P04845,Prakash Balasubramaniam,30,M,164.3,64.2,A+,+917032983502,36245276106508,Madurai,Peraiyur,2026-06-21
P04846,Priya Shanmugam,85,F,156.8,61.0,B-,+918049387920,47299923353643,Madurai,Peraiyur,2026-07-21
P04847,Kalaivani Sundaram,42,F,156.2,59.7,O+,+918063625980,84371640612945,Madurai,Peraiyur,2026-06-12
P04848,Elango Balasubramaniam,87,M,172.3,65.0,O-,+919854713124,25156561822281,Madurai,Peraiyur,2026-06-07
P04849,Prakash Murugan,26,M,165.5,45.8,B+,+918033166132,46271811007179,Madurai,Peraiyur,2026-06-13
P04850,Bala Gounder,38,M,144.3,73.2,AB+,+919812902329,28897779767505,Madurai,Peraiyur,2026-07-10
P04851,Kavya Balasubramaniam,57,F,151.7,52.5,O+,+919010402522,36353243845711,Madurai,Peraiyur,2026-06-24
P04852,Lakshmi Gounder,13,F,160.4,47.2,O-,+919077289308,32492367908211,Madurai,Peraiyur,2026-07-30
P04853,Naveen Iyer,15,M,168.9,59.6,AB-,+919815960179,28043066381778,Madurai,Peraiyur,2026-06-20
P04854,Suresh Naidu,34,M,163.4,65.4,O-,+917077353825,91686796713256,Madurai,Peraiyur,2026-06-14
P04855,Gopal Murugan,40,M,160.7,44.2,A+,+919810245099,39492583918073,Madurai,Peraiyur,2026-06-16
P04856,Arun Natarajan,32,M,175.4,69.7,A-,+919081298543,84660612405687,Madurai,Peraiyur,2026-07-06
P04857,Radha Subramaniam,51,F,156.0,55.1,O+,+919839416584,96097952552142,Madurai,Peraiyur,2026-06-01
P04858,Kavya Rajan,49,F,130.0,56.1,A+,+917074356100,10972841736280,Madurai,Peraiyur,2026-06-08
P04859,Malar Krishnan,46,F,171.8,60.4,A+,+919064274872,07571968617670,Madurai,Peraiyur,2026-06-13
P04860,Deepa Iyer,28,F,165.9,55.9,O+,+919876814840,65817994899545,Madurai,Peraiyur,2026-06-07
P04861,Kalaivani Gounder,64,F,146.6,52.3,A-,+919020170889,12478874958672,Madurai,Peraiyur,2026-07-17
P04862,Suresh Pillai,8,M,162.0,65.6,A-,+919026129719,84063508786878,Madurai,Peraiyur,2026-06-19
P04863,Padma Raman,13,F,154.2,59.9,O-,+918036324361,93093676078368,Madurai,Peraiyur,2026-06-22
P04864,Dinesh Velu,54,M,159.9,58.2,B-,+919064441550,91627308312096,Madurai,Peraiyur,2026-07-30
P04865,Vidya Pillai,50,F,157.4,83.6,O+,+917020542360,23634834527062,Madurai,Peraiyur,2026-06-09
P04866,Revathi Velu,79,F,164.4,44.8,O-,+918038988487,39029651462139,Madurai,Peraiyur,2026-07-14
P04867,Bala Perumal,29,M,168.1,71.8,O-,+919097948501,63903348264524,Madurai,Peraiyur,2026-07-07
P04868,Dinesh Subramaniam,9,M,167.6,54.8,AB-,+918098620340,79527079515270,Madurai,Peraiyur,2026-07-01
P04869,Dinesh Subramaniam,28,M,160.7,52.0,O+,+919895015941,77576018867826,Madurai,Peraiyur,2026-07-01
P04870,Uma Perumal,34,F,155.6,58.4,B-,+919017886093,93971147766845,Madurai,Peraiyur,2026-07-12
P04871,Anitha Murugan,47,F,144.4,30,O+,+919051876662,38747516254712,Madurai,Peraiyur,2026-06-09
P04872,Senthil Pillai,39,M,172.5,77.2,O+,+919033747952,92471960417684,Madurai,Peraiyur,2026-07-08
P04873,Naveen Nair,28,M,172.6,67.1,AB+,+919056467135,08441016722216,Madurai,Peraiyur,2026-07-10
P04874,Radha Naidu,36,F,149.7,70.3,AB+,+919082742998,15966849270562,Madurai,Peraiyur,2026-07-03
P04875,Bala Perumal,31,M,171.1,84.7,B-,+919027312284,57890662595821,Madurai,Peraiyur,2026-07-15
P04876,Radha Gounder,44,F,157.6,71.7,O+,+917075305803,42797925198627,Madurai,Peraiyur,2026-06-28
P04877,Geetha Murugan,54,F,147.4,71.2,O+,+919850634767,57374427513101,Madurai,Peraiyur,2026-07-28
P04878,Gopal Pillai,1,M,167.3,60.2,AB+,+918020646521,31135677711332,Madurai,Peraiyur,2026-06-01
P04879,Naveen Gounder,36,M,175.2,80.6,B-,+918063499833,62052562296515,Madurai,Peraiyur,2026-07-27
P04880,Ravi Krishnan,39,M,172.0,52.2,AB+,+917057260607,91686612855029,Madurai,Peraiyur,2026-06-10
P04881,Malar Iyer,48,F,156.1,46.8,O+,+917045958324,25149746349753,Madurai,Peraiyur,2026-07-24
P04882,Kavya Subramaniam,20,F,155.3,67.8,B+,+919067835622,08847071176336,Madurai,Peraiyur,2026-06-22
P04883,Nithya Balasubramaniam,59,F,161.9,62.1,B+,+919022021729,29585530019836,Madurai,Peraiyur,2026-07-08
P04884,Arun Krishnan,40,M,171.2,56.1,O-,+919059327761,51609117949382,Madurai,Peraiyur,2026-06-26
P04885,Bala Subramaniam,50,M,173.5,70.1,O+,+919825124994,75847019788110,Madurai,Peraiyur,2026-07-09
P04886,Muthu Chettiar,35,M,164.7,63.2,B-,+919818102673,61978728217477,Madurai,Peraiyur,2026-07-13
P04887,Gopal Sundaram,50,M,164.1,53.1,A-,+919869334837,66715718718201,Madurai,Peraiyur,2026-06-08
P04888,Padma Rajan,44,F,141.0,53.5,AB-,+919050387660,59619022793467,Madurai,Peraiyur,2026-06-15
P04889,Deepa Velu,16,F,153.7,68.8,B-,+919831662656,13796931177355,Madurai,Peraiyur,2026-06-06
P04890,Deepa Naidu,52,F,156.6,49.6,AB-,+919043563986,03336702613761,Madurai,Peraiyur,2026-07-07
P04891,Prakash Raman,49,M,160.0,74.7,AB-,+918089367045,70103389480373,Madurai,Peraiyur,2026-06-06
P04892,Meena Sundaram,73,F,158.0,60.0,B+,+918064816262,08195985186766,Madurai,Peraiyur,2026-06-04
P04893,Yamuna Shanmugam,61,F,153.6,53.8,O-,+918071534285,32377683268862,Madurai,Peraiyur,2026-07-18
P04894,Saravanan Velu,48,M,161.9,46.1,A-,+917012790983,65082572696774,Madurai,Peraiyur,2026-07-24
P04895,Vidya Raman,14,F,160.8,81.0,B-,+918056595980,63483795233699,Madurai,Peraiyur,2026-07-07
P04896,Nithya Subramaniam,36,F,158.2,55.8,A+,+918039831482,57177266916462,Madurai,Peraiyur,2026-07-24
P04897,Manoj Subramaniam,42,M,163.1,49.1,A+,+918076107252,52303931102643,Madurai,Peraiyur,2026-07-19
P04898,Senthil Iyer,12,M,153.4,66.8,O-,+918034123448,29911840025207,Madurai,Peraiyur,2026-07-14
P04899,Meena Perumal,51,F,143.1,30,AB+,+919027212917,56379973880528,Madurai,Peraiyur,2026-07-05
P04900,Vidya Subramaniam,64,F,162.8,46.2,AB+,+919852419906,18902472323887,Madurai,Peraiyur,2026-07-20
P04901,Lakshmi Velu,17,F,159.9,60.5,B+,+917038827440,25517091593164,Madurai,Peraiyur,2026-07-04
P04902,Bala Raman,74,M,163.4,50.2,AB-,+917097574339,08941572219693,Madurai,Peraiyur,2026-07-04
P04903,Ravi Rajan,15,M,146.7,70.2,B+,+918073950670,91858467842721,Madurai,Peraiyur,2026-06-06
P04904,Kavya Rajan,45,F,140.8,32.2,A+,+919854472611,32081593734013,Madurai,Peraiyur,2026-07-24
P04905,Ashok Subramaniam,50,M,157.9,58.5,B+,+917056016931,39050458047092,Madurai,Peraiyur,2026-07-22
P04906,Elango Subramaniam,25,M,175.1,69.7,O-,+919094275348,12128698202542,Madurai,Peraiyur,2026-07-10
P04907,Suresh Rajan,45,M,165.4,79.0,AB+,+917064249604,41318480328214,Madurai,Peraiyur,2026-06-03
P04908,Karthik Perumal,40,M,143.2,67.9,O+,+919882457756,42516831084656,Madurai,Peraiyur,2026-06-06
P04909,Uma Naidu,30,F,151.3,66.7,O-,+919021581979,91354542272618,Madurai,Peraiyur,2026-07-26
P04910,Kumar Chettiar,64,M,169.3,73.0,O-,+919025010509,01771146726579,Madurai,Peraiyur,2026-07-06
P04911,Gopal Gounder,1,M,165.0,63.5,O-,+919011212888,84936466960174,Madurai,Peraiyur,2026-07-01
P04912,Ramesh Iyer,15,M,151.3,56.0,B-,+919065759435,29791514309177,Madurai,Peraiyur,2026-06-28
P04913,Vidya Pillai,39,F,154.6,45.4,AB-,+919824094268,06495441692381,Madurai,Peraiyur,2026-07-11
P04914,Karthik Naidu,22,M,155.0,54.7,B+,+917047892060,08017483836128,Madurai,Peraiyur,2026-07-20
P04915,Gopal Chettiar,41,M,173.7,60.9,A+,+919065623939,37475343576054,Madurai,Peraiyur,2026-06-04
P04916,Dinesh Subramaniam,64,M,165.7,60.0,B-,+919035526949,38419495637807,Madurai,Peraiyur,2026-06-02
P04917,Kalaivani Natarajan,40,F,152.2,46.7,B-,+917072243570,99851476212286,Madurai,Peraiyur,2026-06-26
P04918,Vidya Pillai,19,F,162.1,55.6,AB+,+919817839398,19306360304821,Madurai,Peraiyur,2026-06-05
P04919,Prakash Murugan,49,M,171.0,82.0,B+,+919875249851,57906032099152,Madurai,Peraiyur,2026-07-08
P04920,Saravanan Velu,35,M,155.1,91.3,A+,+918041645863,85532822864414,Madurai,Peraiyur,2026-06-25
P04921,Ashok Rajan,15,M,161.6,64.3,A+,+919024641678,84360643809327,Madurai,Peraiyur,2026-06-26
P04922,Nithya Raman,23,F,155.5,60.6,A+,+918013319244,83004098956258,Madurai,Peraiyur,2026-06-14
P04923,Divya Krishnan,36,F,161.7,40.3,O-,+919092288808,98188534448590,Madurai,Peraiyur,2026-06-13
P04924,Saravanan Subramaniam,81,M,156.1,68.0,A-,+919887763659,60841114407405,Madurai,Peraiyur,2026-07-11
P04925,Praveen Raman,49,M,159.7,72.9,A+,+917038268968,75299455827532,Madurai,Peraiyur,2026-06-05
P04926,Sangeetha Murugan,25,F,155.8,49.5,B+,+919852910376,19993695841635,Madurai,Peraiyur,2026-07-11
P04927,Divya Krishnan,14,F,156.3,63.2,A+,+917014964516,22848793074837,Madurai,Peraiyur,2026-06-23
P04928,Lakshmi Gounder,21,F,165.0,55.7,B+,+919074100099,17356586088223,Madurai,Peraiyur,2026-06-08
P04929,Uma Natarajan,51,F,149.4,74.0,AB-,+918050901860,75891619723718,Madurai,Peraiyur,2026-06-11
P04930,Arun Shanmugam,37,M,166.7,54.9,AB-,+919889086462,17497065279612,Madurai,Peraiyur,2026-07-04
P04931,Yamuna Iyer,48,F,142.5,67.3,A-,+917023369913,61481176945276,Madurai,Peraiyur,2026-06-13
P04932,Karthik Krishnan,62,M,187.2,67.9,O+,+917024323804,16458179782294,Madurai,Peraiyur,2026-06-24
P04933,Suresh Naidu,35,M,173.3,68.8,B+,+919021972215,30389773126500,Madurai,Peraiyur,2026-06-14
P04934,Vidya Gounder,9,F,161.7,54.4,A-,+918030496819,55511972631727,Madurai,Peraiyur,2026-06-03
P04935,Prakash Reddy,73,M,166.4,57.9,AB-,+918077856205,63620261386725,Madurai,Peraiyur,2026-06-08
P04936,Senthil Natarajan,25,M,155.1,41.8,A+,+919059851498,03740347633475,Madurai,Peraiyur,2026-06-08
P04937,Yamuna Sundaram,61,F,152.0,59.2,O-,+917040769342,82052700086764,Madurai,Peraiyur,2026-06-28
P04938,Saravanan Perumal,44,M,173.8,54.6,B+,+919086259693,51911068911059,Madurai,Peraiyur,2026-07-16
P04939,Manoj Velu,80,M,170.7,56.3,B+,+919071209738,74483075584859,Madurai,Peraiyur,2026-06-02
P04940,Elango Raman,37,M,164.5,59.0,O+,+918059974113,15870978722358,Madurai,Peraiyur,2026-07-06
P04941,Bala Murugan,36,M,167.4,73.9,A-,+918013351257,45315703390046,Madurai,Peraiyur,2026-07-25
P04942,Padma Shanmugam,59,F,146.9,78.3,AB-,+919049312830,64030372766397,Madurai,Peraiyur,2026-07-30
P04943,Lakshmi Sundaram,61,F,153.7,55.4,O+,+919889865275,08405877374591,Madurai,Peraiyur,2026-07-12
P04944,Suresh Raman,48,M,180.6,69.8,A-,+919090995562,16875749222008,Madurai,Peraiyur,2026-06-10
P04945,Uma Natarajan,37,F,158.6,34.4,O+,+919866580065,72915548728924,Madurai,Peraiyur,2026-06-18
P04946,Vidya Natarajan,23,F,142.2,60.1,O+,+919854559846,08824621657008,Madurai,Peraiyur,2026-06-23
P04947,Ramesh Gounder,56,M,170.8,64.7,A-,+919854867023,51348276769941,Madurai,Peraiyur,2026-06-11
P04948,Yamuna Sundaram,26,F,164.1,56.9,B-,+919865624425,40782993667134,Madurai,Peraiyur,2026-06-04
P04949,Suresh Shanmugam,25,M,159.7,70.2,AB-,+918039399336,89696861592064,Madurai,Peraiyur,2026-06-18
P04950,Senthil Krishnan,31,M,166.6,71.7,A-,+917063955010,68096486039322,Madurai,Peraiyur,2026-06-08
P04951,Kumar Raman,27,M,178.2,57.2,B-,+919075327576,08042986020349,Madurai,Peraiyur,2026-07-27
P04952,Dinesh Krishnan,1,M,163.5,73.7,O-,+919877139419,21102310380869,Madurai,Peraiyur,2026-07-17
P04953,Dinesh Velu,23,M,159.7,57.6,O+,+917027423216,20825791002623,Madurai,Peraiyur,2026-07-19
P04954,Selvam Gounder,31,M,172.9,62.9,AB+,+918051355696,87848561287499,Madurai,Peraiyur,2026-07-21
P04955,Bala Naidu,20,M,166.5,77.3,B+,+917023514228,17389921461191,Madurai,Peraiyur,2026-06-21
P04956,Muthu Nair,43,M,148.9,53.2,B-,+917053860938,30610843231201,Madurai,Peraiyur,2026-06-14
P04957,Radha Iyer,54,F,149.8,59.4,O-,+919899253686,40151714356282,Madurai,Peraiyur,2026-07-23
P04958,Priya Shanmugam,52,F,159.9,49.3,B-,+919068167747,30145164987674,Madurai,Peraiyur,2026-06-18
P04959,Kavya Subramaniam,18,F,154.4,48.5,A-,+919058590866,93091848824211,Madurai,Peraiyur,2026-06-26
P04960,Ravi Gounder,17,M,162.9,65.1,AB+,+917088058015,56336454950924,Madurai,Peraiyur,2026-07-05
P04961,Selvam Murugan,63,M,173.2,50.2,AB+,+918060218507,10412277414402,Madurai,Peraiyur,2026-06-17
P04962,Ravi Pillai,33,M,167.8,68.7,A-,+917088432877,21520009196568,Madurai,Peraiyur,2026-06-04
P04963,Padma Perumal,36,F,162.8,47.9,AB-,+917034293582,77672710678853,Madurai,Peraiyur,2026-07-26
P04964,Divya Velu,35,F,150.6,62.0,O+,+919830858111,20769377454209,Madurai,Peraiyur,2026-06-26
P04965,Geetha Naidu,49,F,165.6,57.5,AB+,+919881616358,69134082241090,Madurai,Peraiyur,2026-06-29
P04966,Karthik Krishnan,22,M,170.0,69.4,O-,+919878081616,83850274094087,Madurai,Peraiyur,2026-06-28
P04967,Kumar Raman,57,M,168.3,75.3,B+,+919017362637,66096467826803,Madurai,Peraiyur,2026-06-24
P04968,Meena Natarajan,13,F,155.7,34.6,O+,+919058923153,39345891433741,Madurai,Peraiyur,2026-06-18
P04969,Sangeetha Perumal,31,F,151.4,63.2,AB-,+919080816923,76329424749388,Madurai,Peraiyur,2026-06-17
P04970,Suresh Raman,44,M,154.8,68.8,A-,+918040268053,43542495592694,Madurai,Peraiyur,2026-06-13
P04971,Meena Chettiar,22,F,150.4,58.3,A-,+917066023158,91358816659818,Madurai,Peraiyur,2026-07-02
P04972,Divya Krishnan,69,F,152.9,58.9,O-,+919058204467,40743486791839,Madurai,Peraiyur,2026-07-31
P04973,Radha Iyer,38,F,166.6,56.4,AB-,+919834759743,26799116618983,Madurai,Peraiyur,2026-07-25
P04974,Arun Reddy,3,M,174.6,74.4,B-,+918087061419,26086226788709,Madurai,Peraiyur,2026-06-07
P04975,Praveen Sundaram,57,M,173.5,36.9,A+,+917059069536,24938350903821,Madurai,Peraiyur,2026-06-25
P04976,Kalaivani Pillai,23,F,163.1,42.7,A+,+917040848031,21557327907071,Madurai,Peraiyur,2026-06-11
P04977,Anitha Chettiar,45,F,142.5,71.1,B-,+919815547073,39095080710159,Madurai,Peraiyur,2026-06-09
P04978,Kalaivani Balasubramaniam,27,F,153.4,63.0,A+,+918072856538,21408295946064,Madurai,Peraiyur,2026-07-06
P04979,Elango Rajan,12,M,158.5,65.5,O-,+918018516267,55027713697198,Madurai,Peraiyur,2026-07-20
P04980,Suganya Murugan,50,F,152.6,55.1,B-,+917068497547,33688393963044,Madurai,Peraiyur,2026-07-31
P04981,Lakshmi Nair,53,F,158.1,52.2,AB-,+919815396030,25381528976184,Madurai,Peraiyur,2026-07-17
P04982,Anitha Natarajan,29,F,160.0,51.4,O-,+917055409286,03609361230176,Madurai,Peraiyur,2026-06-06
P04983,Sangeetha Natarajan,74,F,158.3,65.6,B+,+917030941801,12276425124267,Madurai,Peraiyur,2026-07-22
P04984,Manoj Chettiar,60,M,154.0,57.4,A-,+918028170896,46174696716035,Madurai,Peraiyur,2026-07-21
P04985,Kavya Nair,22,F,150.8,67.0,O-,+917051181925,12927565711995,Madurai,Peraiyur,2026-06-26
P04986,Deepa Subramaniam,28,F,153.8,54.8,A+,+919872976802,86423591356787,Madurai,Peraiyur,2026-06-14
P04987,Revathi Krishnan,77,F,163.4,69.3,AB-,+917052832052,74269693445361,Madurai,Peraiyur,2026-07-02
P04988,Arun Pillai,55,M,162.9,72.2,O-,+919024989660,63415551234229,Madurai,Peraiyur,2026-06-06
P04989,Vidya Raman,34,F,164.9,64.2,O-,+917070454245,41507238954287,Madurai,Peraiyur,2026-06-05
P04990,Revathi Raman,54,F,155.0,51.4,O+,+918096463198,07103142106539,Madurai,Peraiyur,2026-07-18
P04991,Karthik Gounder,38,M,168.2,75.6,O+,+919057075059,70558935167500,Madurai,Peraiyur,2026-06-26
P04992,Divya Velu,35,F,162.2,54.9,AB+,+919084524036,73432492388925,Madurai,Peraiyur,2026-06-27
P04993,Ashok Natarajan,36,M,152.6,71.7,A-,+919055396362,78963206771504,Madurai,Peraiyur,2026-06-14
P04994,Vignesh Nair,26,M,161.2,68.2,B+,+919053777693,39831500776312,Madurai,Peraiyur,2026-07-09
P04995,Elango Gounder,37,M,172.8,71.0,AB-,+919062688520,84696251218024,Madurai,Peraiyur,2026-07-23
P04996,Ramesh Reddy,23,M,160.2,81.8,B-,+918071936687,19593281904660,Madurai,Peraiyur,2026-06-28
P04997,Vignesh Gounder,37,M,155.5,56.3,A-,+919086919597,95177565702316,Madurai,Peraiyur,2026-06-02
P04998,Senthil Gounder,18,M,153.4,60.5,A-,+918042945919,58520811979750,Madurai,Peraiyur,2026-07-10
P04999,Yamuna Balasubramaniam,40,F,144.9,69.4,B-,+919085014990,82441672981394,Madurai,Peraiyur,2026-07-14
P05000,Elango Nair,40,M,170.0,60.6,B+,+919070257323,42367580552041,Madurai,Peraiyur,2026-07-30
